day,pressure,maxtemp,temparature,mintemp,dewpoint,humidity,cloud,sunshine,windspeed,rainfall,day_sin,day_cos,winddirection_sin,winddirection_cos,dew_depression,temp_range,no_sun
1,1017.4,21.2,20.6,19.9,19.4,87.0,88.0,1.1,17.2,1,0.017213356155834685,0.9998518392091162,0.8660254037844386,0.5000000000000001,1.2000000000000028,1.3000000000000007,0
2,1019.5,16.2,16.9,15.8,15.4,95.0,91.0,0.0,21.9,1,0.03442161162274574,0.9994074007397048,0.766044443118978,0.6427876096865394,1.4999999999999982,0.3999999999999986,1
3,1024.1,19.4,16.1,14.6,9.3,75.0,47.0,8.3,18.1,1,0.051619667223253764,0.998666816288476,0.9396926207859083,0.3420201433256688,6.800000000000001,4.799999999999999,0
4,1013.4,18.1,17.8,16.9,16.8,95.0,95.0,0.0,35.6,1,0.06880242680231986,0.9976303053065857,0.8660254037844386,0.5000000000000001,1.0,1.2000000000000028,1
5,1021.8,21.3,18.4,15.2,9.6,52.0,45.0,3.6,24.8,0,0.08596479873744647,0.9962981749346078,0.6427876096865393,0.766044443118978,8.799999999999999,6.100000000000001,0
6,1022.7,20.6,18.6,16.5,12.5,79.0,81.0,0.0,15.7,1,0.10310169744743485,0.9946708199115211,0.3420201433256687,0.9396926207859084,6.100000000000001,4.100000000000001,1
7,1022.8,19.5,18.4,15.3,11.3,56.0,46.0,7.6,28.4,0,0.1202080448993527,0.9927487224577402,0.3420201433256687,0.9396926207859084,7.099999999999998,4.199999999999999,0
8,1019.7,15.8,13.6,12.7,11.8,96.0,100.0,0.0,52.8,1,0.13727877211326478,0.9905324521322229,0.766044443118978,0.6427876096865394,1.799999999999999,3.1000000000000014,1
9,1017.4,17.6,16.5,15.6,12.5,86.0,100.0,0.0,37.5,1,0.15430882066428117,0.9880226656636976,0.766044443118978,0.6427876096865394,4.0,2.0000000000000018,1
10,1025.4,16.5,14.4,12.0,8.6,77.0,84.0,1.0,38.3,0,0.1712931441814776,0.9852201067560606,0.766044443118978,0.6427876096865394,5.800000000000001,4.5,0
11,1016.8,16.3,15.3,14.1,14.0,97.0,100.0,0.0,24.4,1,0.1882267098432442,0.9821256058680006,0.6427876096865393,0.766044443118978,1.3000000000000007,2.200000000000001,1
12,1012.5,16.2,15.2,14.0,12.4,98.0,100.0,0.0,23.5,1,0.2051044998686192,0.9787400799669153,0.766044443118978,0.6427876096865394,2.799999999999999,2.1999999999999993,1
13,1020.4,15.0,15.5,13.2,12.0,77.0,86.0,0.0,32.4,1,0.2219215130041655,0.9750645322571948,0.766044443118978,0.6427876096865394,3.5,1.8000000000000007,1
14,1012.5,13.5,12.9,11.6,11.8,87.0,92.0,0.0,37.0,1,0.2386727660059501,0.9711000518829505,0.766044443118978,0.6427876096865394,1.0999999999999996,1.9000000000000004,1
15,1018.4,17.8,16.5,15.1,12.1,77.0,85.0,1.2,20.9,1,0.255353295116187,0.9668478136052775,0.6427876096865393,0.766044443118978,4.4,2.700000000000001,0
16,1024.3,15.3,12.9,10.0,11.2,79.0,91.0,0.3,20.0,1,0.2719581575341055,0.9623090774541486,0.3420201433256687,0.9396926207859084,1.700000000000001,5.300000000000001,0
17,1022.5,16.3,13.1,11.4,2.0,79.0,70.0,6.8,30.3,1,0.288482432880609,0.9574851883550393,0.3420201433256687,0.9396926207859084,11.1,4.9,0
18,1034.6,17.5,16.2,14.1,11.8,68.0,60.0,2.5,13.4,0,0.30492122465628907,0.9523775757303974,0.766044443118978,0.6427876096865394,4.399999999999999,3.4000000000000004,0
19,1024.1,16.8,15.8,14.0,12.9,76.0,77.0,0.0,20.5,1,0.3212696616923644,0.9469877530760753,0.3420201433256687,0.9396926207859084,2.9000000000000004,2.8000000000000007,1
20,1020.2,16.4,14.2,12.7,11.6,75.0,93.0,0.1,21.9,1,0.3375228995941133,0.9413173175128471,0.6427876096865393,0.766044443118978,2.5999999999999996,3.6999999999999993,0
21,1022.4,17.7,16.4,14.8,11.3,92.0,88.0,0.4,41.3,1,0.3536761221763716,0.9353679493131483,0.49999999999999994,0.8660254037844387,5.099999999999998,2.8999999999999986,0
22,1022.6,21.9,17.8,15.8,14.3,52.0,49.0,9.1,10.2,0,0.3697245428906731,0.9291414114031743,0.766044443118978,0.6427876096865394,3.5,6.099999999999998,0
23,1020.6,18.5,17.3,16.9,16.8,95.0,95.0,0.0,39.5,1,0.38566340624360707,0.9226395488404876,0.8660254037844386,0.5000000000000001,0.5,1.6000000000000014,1
24,1013.0,24.8,19.9,17.1,18.1,90.0,92.0,0.0,30.4,1,0.401487989205973,0.9158642882672872,0.9396926207859083,0.3420201433256688,1.7999999999999972,7.699999999999999,1
25,1012.5,23.8,22.2,20.4,20.8,84.0,88.0,0.0,30.2,1,0.4171936026123168,0.9088176373395029,0.9396926207859083,0.3420201433256688,1.3999999999999986,3.400000000000002,1
26,1019.5,25.3,22.3,21.0,20.6,76.0,78.0,10.2,10.2,1,0.4327755925504312,0.901501684131884,0.984807753012208,0.17364817766693041,1.6999999999999993,4.300000000000001,0
27,1013.4,23.8,21.1,19.8,19.6,92.0,95.0,0.0,15.9,1,0.4482293417404106,0.893918596519257,0.6427876096865393,0.766044443118978,1.5,4.0,1
28,1017.0,21.7,20.3,19.4,17.9,80.0,80.0,2.6,14.5,1,0.4635502709028509,0.886070621534138,0.766044443118978,0.6427876096865394,2.400000000000002,2.3000000000000007,0
29,1019.9,22.9,20.9,19.2,17.3,86.0,79.0,0.6,21.4,1,0.47873384011578846,0.8779600847008882,0.766044443118978,0.6427876096865394,3.599999999999998,3.6999999999999993,0
30,1018.1,23.1,20.8,19.2,15.5,74.0,49.0,7.7,14.3,0,0.4937755501599772,0.869589389346611,0.6427876096865393,0.766044443118978,5.300000000000001,3.900000000000002,0
31,1018.5,21.3,20.3,19.3,15.3,75.0,69.0,7.7,35.1,1,0.5086709438521044,0.8609610158889943,0.9396926207859083,0.3420201433256688,5.0,2.0,0
32,1019.5,23.2,22.1,20.1,18.8,82.0,69.0,1.1,20.5,0,0.5234156073655503,0.8520775211013093,0.6427876096865393,0.766044443118978,3.3000000000000007,3.099999999999998,0
33,1020.4,21.3,18.8,17.3,13.6,52.0,56.0,2.9,21.3,0,0.5380051715382996,0.8429415373547828,0.6427876096865393,0.766044443118978,5.200000000000001,4.0,0
34,1024.4,21.6,19.3,17.4,15.3,90.0,95.0,4.3,35.3,1,0.5524353131676196,0.8335557718385699,0.9396926207859083,0.3420201433256688,4.0,4.200000000000003,0
35,1017.0,21.5,20.6,18.6,17.0,91.0,88.0,0.0,14.3,1,0.5667017562911176,0.8239230057575542,0.766044443118978,0.6427876096865394,3.6000000000000014,2.8999999999999986,1
36,1023.1,18.2,17.1,16.3,9.5,78.0,89.0,0.0,28.4,0,0.5808002734538009,0.8140460935082178,0.766044443118978,0.6427876096865394,7.600000000000001,1.8999999999999986,1
37,1014.4,22.9,21.4,20.0,17.8,79.0,88.0,0.0,18.4,1,0.5947266869607634,0.8039279618328213,0.6427876096865393,0.766044443118978,3.599999999999998,2.8999999999999986,1
38,1021.8,21.1,18.2,17.8,16.9,74.0,44.0,9.5,26.7,0,0.6084768701151261,0.7935716089521474,0.3420201433256687,0.9396926207859084,1.3000000000000007,3.3000000000000007,0
39,1023.1,20.4,17.8,14.8,15.0,75.0,43.0,9.2,11.9,0,0.6220467484408675,0.7829801036770628,0.8660254037844386,0.5000000000000001,2.8000000000000007,5.599999999999998,0
40,1018.9,21.9,19.3,17.2,16.9,79.0,90.0,0.0,28.8,1,0.6354323008901774,0.7721565844991642,0.766044443118978,0.6427876096865394,2.400000000000002,4.699999999999999,1
41,1017.1,23.4,21.7,19.6,19.0,88.0,83.0,2.3,29.6,1,0.6486295610349814,0.7611042586607747,0.6427876096865393,0.766044443118978,2.6999999999999993,3.799999999999997,0
42,1015.8,21.2,19.4,17.3,17.0,75.0,46.0,4.1,19.0,0,0.6616346182422783,0.7498264012045686,0.3420201433256687,0.9396926207859084,2.3999999999999986,3.8999999999999986,0
43,1013.1,21.4,20.9,19.4,17.8,83.0,88.0,0.0,20.8,1,0.6744436188329455,0.7383263540031065,0.49999999999999994,0.8660254037844387,3.099999999999998,2.0,1
44,1015.2,18.9,17.7,16.9,16.8,90.0,90.0,0.0,34.2,1,0.6870527672236669,0.7266075247685656,0.8660254037844386,0.5000000000000001,0.8999999999999986,2.0,1
45,1017.4,16.1,15.5,13.6,11.4,72.0,43.0,8.8,27.3,1,0.6994583270516471,0.7146733860429609,0.6427876096865393,0.766044443118978,4.1,2.5000000000000018,0
46,1016.9,17.5,15.5,14.8,14.6,91.0,91.0,0.0,33.4,1,0.7116566222817746,0.7025274741691571,0.3420201433256687,0.9396926207859084,0.9000000000000004,2.6999999999999993,1
47,1018.1,20.6,16.1,14.2,12.2,79.0,89.0,1.0,10.7,1,0.7236440382959124,0.6901733882429719,0.3420201433256687,0.9396926207859084,3.900000000000002,6.400000000000002,0
48,1016.5,21.6,19.2,17.5,19.0,95.0,92.0,0.3,6.9,1,0.7354170229639855,0.6776147890466889,0.6427876096865393,0.766044443118978,0.1999999999999993,4.100000000000001,0
49,1016.8,21.3,19.5,17.6,17.6,75.0,70.0,2.2,16.5,0,0.7469720876965552,0.6648553979642865,0.766044443118978,0.6427876096865394,1.8999999999999986,3.6999999999999993,0
50,1023.6,18.8,16.0,14.8,12.4,72.0,40.0,9.5,9.8,1,0.7583058084785624,0.6518989958787126,0.3420201433256687,0.9396926207859084,3.5999999999999996,4.0,0
51,1024.4,17.2,15.6,12.8,8.6,79.0,49.0,9.1,35.3,0,0.7694148268839378,0.6387494220515272,0.3420201433256687,0.9396926207859084,7.0,4.399999999999999,0
52,1016.3,22.3,19.2,18.2,18.5,96.0,88.0,0.3,9.9,1,0.7802958510707755,0.6254105729852463,0.9396926207859083,0.3420201433256688,0.6999999999999993,4.100000000000001,0
53,1019.6,18.4,17.1,16.0,16.3,93.0,93.0,0.0,19.0,1,0.7909456567567772,0.6118864012687243,0.9396926207859083,0.3420201433256688,0.8000000000000007,2.3999999999999986,1
54,1018.8,22.5,20.1,19.1,16.4,76.0,71.0,6.1,20.5,0,0.8013610881746766,0.5981809144059164,0.6427876096865393,0.766044443118978,3.700000000000003,3.3999999999999986,0
55,1016.5,20.6,18.1,17.0,16.3,76.0,88.0,0.0,39.5,1,0.811539059007361,0.5842981736283684,0.8660254037844386,0.5000000000000001,1.8000000000000007,3.6000000000000014,1
56,1016.8,21.3,19.7,18.2,18.9,95.0,91.0,0.0,10.2,1,0.8214765533024142,0.5702422926917871,0.6427876096865393,0.766044443118978,0.8000000000000007,3.1000000000000014,1
57,1012.0,20.9,20.9,19.1,14.9,86.0,80.0,1.6,13.8,0,0.8311706263658079,0.5560174366570446,0.8660254037844386,0.5000000000000001,5.999999999999998,1.7999999999999972,0
58,1020.4,25.9,21.6,19.8,17.0,79.0,70.0,7.8,24.4,1,0.8406184056344782,0.5416278206559814,0.6427876096865393,0.766044443118978,4.600000000000001,6.099999999999998,0
59,1014.4,25.3,21.9,19.1,19.6,86.0,82.0,1.6,27.3,1,0.8498170915275278,0.5270777086423722,0.6427876096865393,0.766044443118978,2.299999999999997,6.199999999999999,0
60,1013.3,22.4,20.5,20.3,17.8,91.0,80.0,0.0,25.0,1,0.8587639582758029,0.5123714121284237,0.6427876096865393,0.766044443118978,2.6999999999999993,2.099999999999998,1
61,1018.1,21.3,20.3,19.9,18.9,92.0,88.0,0.0,28.4,1,0.8674563547295968,0.49751328890718066,0.6427876096865393,0.766044443118978,1.4000000000000021,1.4000000000000021,1
62,1020.4,18.2,15.9,13.5,9.9,84.0,83.0,2.3,17.2,1,0.8758917051442429,0.48250774176121847,0.9396926207859083,0.3420201433256688,6.0,4.699999999999999,0
63,1017.7,20.6,18.1,16.9,17.4,95.0,91.0,0.0,16.1,1,0.8840675099433636,0.4673592171580022,0.6427876096865393,0.766044443118978,0.7000000000000028,3.700000000000003,1
64,1017.9,21.3,19.5,18.4,15.5,76.0,72.0,7.2,25.1,0,0.8919813464595485,0.45207220393230435,0.9396926207859083,0.3420201433256688,4.0,2.900000000000002,0
65,1019.4,21.6,19.6,17.0,17.9,69.0,54.0,1.0,29.6,0,0.8996308696522433,0.43665123195606403,0.766044443118978,0.6427876096865394,1.7000000000000028,4.600000000000001,0
66,1022.7,14.3,12.8,10.0,8.0,63.0,95.0,0.1,24.5,1,0.9070138128026359,0.4211008707960896,0.3420201433256687,0.9396926207859084,4.800000000000001,4.300000000000001,0
67,1020.3,18.4,15.7,14.6,12.6,59.0,88.0,0.0,27.4,1,0.9141279881853337,0.40542572835999735,0.6427876096865393,0.766044443118978,3.0999999999999996,3.799999999999999,1
68,1014.2,18.4,18.0,17.2,17.4,97.0,95.0,0.0,22.9,1,0.9209712877166346,0.38963044953078796,0.6427876096865393,0.766044443118978,0.6000000000000014,1.1999999999999993,1
69,1015.0,17.8,16.0,16.9,16.6,90.0,51.0,9.5,24.9,0,0.9275416835791966,0.37371971479046906,0.8660254037844386,0.5000000000000001,-0.6000000000000014,0.9000000000000021,0
70,1014.6,25.1,20.0,19.0,19.5,72.0,47.0,10.8,28.8,0,0.9338372288229252,0.35769823883312546,0.49999999999999994,0.8660254037844387,0.5,6.100000000000001,0
71,1021.4,20.9,18.4,16.9,8.9,75.0,43.0,11.0,7.4,0,0.9398560579418954,0.3415707691678556,0.3420201433256687,0.9396926207859084,9.499999999999998,4.0,0
72,1015.6,25.2,21.8,19.1,19.9,83.0,80.0,3.4,16.5,0,0.9455963874271426,0.3253420847119801,0.9396926207859083,0.3420201433256688,1.9000000000000021,6.099999999999998,0
73,1018.5,23.0,21.1,20.6,19.6,89.0,88.0,1.4,8.9,1,0.9510565162951535,0.30901699437494745,0.3420201433256687,0.9396926207859084,1.5,2.3999999999999986,0
74,1017.1,26.3,23.3,19.2,18.8,84.0,61.0,7.6,24.8,1,0.9562348265919056,0.29260033563334836,0.9396926207859083,0.3420201433256688,4.5,7.100000000000001,0
75,1012.0,23.1,21.6,20.4,19.9,90.0,87.0,0.5,26.0,1,0.9611297838723007,0.27609697309746883,0.6427876096865393,0.766044443118978,1.7000000000000028,2.700000000000003,0
76,1012.5,26.1,23.2,21.5,20.1,87.0,88.0,3.7,28.0,1,0.9657399376548549,0.2595117970697999,0.6427876096865393,0.766044443118978,3.099999999999998,4.600000000000001,0
77,1014.0,25.2,23.3,22.3,21.1,89.0,88.0,0.3,20.0,1,0.9700639218515071,0.2428497220959356,0.9396926207859083,0.3420201433256688,2.1999999999999993,2.8999999999999986,0
78,1014.0,24.9,23.1,22.4,22.8,85.0,88.0,3.2,31.2,1,0.9741004551724205,0.22611568550828828,0.9396926207859083,0.3420201433256688,0.3000000000000007,2.5,0
79,1013.5,26.9,25.3,24.2,21.9,87.0,85.0,0.3,26.1,1,0.9778483415056568,0.20931464596304847,0.766044443118978,0.6427876096865394,3.400000000000002,2.6999999999999993,0
80,1011.4,27.6,20.9,19.0,13.7,77.0,91.0,0.2,15.4,1,0.9813064702716093,0.19245158197082998,0.6427876096865393,0.766044443118978,7.199999999999999,8.600000000000001,0
81,1016.8,26.5,24.8,23.3,22.1,83.0,81.0,1.2,24.4,1,0.9844738167520922,0.1755314904214282,0.984807753012208,0.17364817766693041,2.6999999999999993,3.1999999999999993,0
82,1019.8,27.6,25.4,24.0,22.3,89.0,84.0,1.6,18.6,1,0.9873494423939864,0.15855938510313478,0.3420201433256687,0.9396926207859084,3.099999999999998,3.6000000000000014,0
83,1011.0,26.3,24.9,23.0,22.0,81.0,88.0,0.2,24.4,1,0.989932495087353,0.141540295217043,0.6427876096865393,0.766044443118978,2.8999999999999986,3.3000000000000007,0
84,1010.7,24.2,23.0,21.4,17.0,86.0,80.0,1.1,9.8,1,0.9922222094179323,0.12447926388678915,0.9396926207859083,0.3420201433256688,6.0,2.8000000000000007,0
85,1008.1,28.1,25.1,23.8,22.8,86.0,83.0,4.4,17.2,1,0.994217906893952,0.10738134666416309,1.0,6.123233995736766e-17,2.3000000000000007,4.300000000000001,0
86,1013.0,27.2,24.8,23.4,22.3,90.0,85.0,5.9,17.2,1,0.995918996147179,0.09025161003104117,0.9396926207859083,0.3420201433256688,2.5,3.8000000000000007,0
87,1013.0,27.8,25.8,23.7,20.6,74.0,88.0,0.4,16.0,1,0.9973249731081555,0.07309512989807777,0.6427876096865393,0.766044443118978,5.199999999999999,4.100000000000001,0
88,1012.2,27.1,25.9,24.2,22.6,86.0,84.0,1.6,17.5,1,0.9984354211555643,0.055916990100603484,0.9396926207859083,0.3420201433256688,3.299999999999997,2.900000000000002,0
89,1016.8,25.1,23.1,22.9,22.0,87.0,82.0,2.1,32.5,1,0.9992500112396835,0.03872228089217446,0.9396926207859083,0.3420201433256688,1.1000000000000014,2.200000000000003,0
90,1010.1,27.2,24.8,23.3,21.6,91.0,88.0,0.3,19.6,1,0.9997685019798909,0.021516097436222254,0.766044443118978,0.6427876096865394,3.1999999999999993,3.8999999999999986,0
91,1014.6,28.2,24.5,22.3,22.0,87.0,81.0,4.8,8.9,1,0.9999907397361901,0.004303538296244289,0.6427876096865393,0.766044443118978,2.5,5.899999999999999,0
92,1013.1,28.2,24.1,22.0,22.9,89.0,81.0,1.2,31.8,1,0.9999166586547379,-0.01291029607500882,0.9396926207859083,0.3420201433256688,1.2000000000000028,6.199999999999999,0
93,1016.0,26.3,23.9,22.2,20.4,90.0,88.0,0.7,28.5,1,0.9995462806873573,-0.030120304846908114,0.49999999999999994,0.8660254037844387,3.5,4.100000000000001,0
94,1015.0,26.2,24.9,22.2,19.8,92.0,85.0,0.2,28.0,1,0.9988797155850336,-0.04732138832243185,0.984807753012208,0.17364817766693041,5.099999999999998,4.0,0
95,1011.4,26.8,24.4,23.6,22.6,91.0,80.0,1.0,34.2,1,0.9979171608653922,-0.06450844944931623,-0.6427876096865393,-0.766044443118978,1.7999999999999972,3.1999999999999993,0
96,1009.2,28.2,26.7,25.3,23.1,87.0,86.0,0.3,12.0,0,0.9966589017541702,-0.08167639533042241,0.984807753012208,-0.1736481776669303,3.599999999999998,2.8999999999999986,0
97,1008.6,29.1,26.6,25.4,24.2,93.0,85.0,0.9,19.0,1,0.9951053111006976,-0.09882013873287143,-0.6427876096865393,-0.766044443118978,2.400000000000002,3.700000000000003,0
98,1011.4,28.2,24.8,22.3,23.7,84.0,85.0,2.4,14.7,1,0.9932568492674143,-0.11593459959550041,1.0,6.123233995736766e-17,1.1000000000000014,5.899999999999999,0
99,1015.2,25.9,23.4,22.8,21.2,81.0,81.0,3.9,21.2,1,0.9911140639934547,-0.1330147065341959,-0.9396926207859085,0.34202014332566816,2.1999999999999993,3.099999999999998,0
100,1017.1,26.9,25.8,25.4,19.7,78.0,85.0,0.3,18.2,1,0.9886775902323405,-0.1500553983446526,0.9396926207859083,0.3420201433256688,6.100000000000001,1.5,0
101,1013.0,28.6,26.7,24.3,23.2,87.0,83.0,2.2,24.0,1,0.9859481499638304,-0.16705162550211924,0.9396926207859083,0.3420201433256688,3.5,4.300000000000001,0
102,1016.8,29.6,25.8,23.3,22.1,86.0,83.0,3.5,9.8,1,0.9829265519799822,-0.18399835165768005,0.49999999999999994,0.8660254037844387,3.6999999999999993,6.300000000000001,0
103,1013.4,30.2,26.8,24.8,23.4,85.0,78.0,2.1,24.9,1,0.9796136916454901,-0.20089055513063506,0.9396926207859083,0.3420201433256688,3.400000000000002,5.399999999999999,0
104,1015.8,29.6,26.5,23.7,23.2,86.0,83.0,3.9,24.4,0,0.9760105506323683,-0.21772323039653177,0.17364817766693028,-0.984807753012208,3.3000000000000007,5.900000000000002,0
105,1008.3,28.9,26.9,24.3,24.8,87.0,82.0,1.6,23.7,1,0.9721181966290613,-0.23449138957040985,-0.34202014332566866,-0.9396926207859084,2.099999999999998,4.599999999999998,0
106,1008.9,28.0,27.8,25.2,25.2,89.0,88.0,0.4,34.2,1,0.9679377830240642,-0.25119006388481935,0.9396926207859083,0.3420201433256688,2.6000000000000014,2.8000000000000007,0
107,1010.3,30.2,26.9,24.2,22.7,84.0,84.0,2.2,15.1,1,0.9634705485641488,-0.2678143051621742,-0.7660444431189779,-0.6427876096865395,4.199999999999999,6.0,0
108,1008.9,31.2,28.0,24.7,25.0,81.0,88.0,0.6,28.4,1,0.9587178169872964,-0.2843591872810034,-0.8660254037844384,-0.5000000000000004,3.0,6.5,0
109,1011.4,27.6,25.5,24.4,24.8,79.0,80.0,4.5,12.4,1,0.9536809966304457,-0.30081980763566735,0.8660254037844386,0.5000000000000001,0.6999999999999993,3.200000000000003,0
110,1010.1,30.6,28.1,26.8,25.1,89.0,89.0,2.0,21.4,1,0.9483615800121715,-0.3171912885891061,0.766044443118978,-0.6427876096865394,3.0,3.8000000000000007,0
111,1010.9,30.6,28.7,26.3,25.3,86.0,84.0,2.3,18.8,1,0.9427611433904207,-0.3334687789181868,-1.0,-1.8369701987210297e-16,3.3999999999999986,4.300000000000001,0
112,1009.8,28.7,25.4,23.9,22.1,87.0,84.0,2.9,14.5,1,0.9368813462954315,-0.3496474552512284,0.6427876096865393,0.766044443118978,3.299999999999997,4.800000000000001,0
113,1011.4,26.2,24.0,22.4,23.4,82.0,83.0,2.1,11.9,1,0.9307239310379795,-0.36572252349726897,0.9396926207859083,0.3420201433256688,0.6000000000000014,3.8000000000000007,0
114,1009.8,28.7,26.7,25.3,24.3,84.0,87.0,0.6,15.7,1,0.9242907221930934,-0.3816892202666588,1.0,6.123233995736766e-17,2.3999999999999986,3.3999999999999986,0
115,1008.3,31.0,28.6,26.9,24.9,81.0,83.0,3.0,9.2,1,0.9175836260593937,-0.39754281428255595,-0.6427876096865393,-0.766044443118978,3.700000000000003,4.100000000000001,0
116,1008.8,29.7,25.8,24.2,22.6,89.0,88.0,1.3,28.8,1,0.9106046300942163,-0.4132786077829042,0.3420201433256687,0.9396926207859084,3.1999999999999993,5.5,0
117,1012.2,25.8,23.7,22.4,22.3,89.0,81.0,1.2,39.5,1,0.9033558023246845,-0.4288919379124835,0.984807753012208,0.17364817766693041,1.3999999999999986,3.400000000000002,0
118,1011.1,28.2,25.5,23.3,19.3,82.0,81.0,4.3,31.8,0,0.895839290734909,-0.4443781781046132,0.6427876096865393,0.766044443118978,6.199999999999999,4.899999999999999,0
119,1013.5,27.3,25.5,23.3,20.6,73.0,64.0,6.3,29.6,0,0.8880573226294932,-0.45973273945210397,0.8660254037844387,-0.4999999999999998,4.899999999999999,4.0,0
120,1007.9,31.2,28.1,26.4,24.3,85.0,90.0,3.9,23.3,1,0.8800122039735357,-0.47495107206704995,0.766044443118978,-0.6427876096865394,3.8000000000000007,4.800000000000001,0
121,1006.8,31.0,28.1,26.8,25.0,84.0,84.0,2.6,14.5,1,0.8717063187093219,-0.49002866642905923,-0.6427876096865393,-0.766044443118978,3.1000000000000014,4.199999999999999,0
122,1005.9,29.2,27.4,25.5,24.0,89.0,88.0,1.2,15.8,1,0.8631421280499114,-0.5049610547215204,0.766044443118978,-0.6427876096865394,3.3999999999999986,3.6999999999999993,0
123,1009.5,30.9,27.1,26.3,24.0,89.0,88.0,1.4,15.1,1,0.854322169749827,-0.5197438121555155,-0.7660444431189779,-0.6427876096865395,3.1000000000000014,4.599999999999998,0
124,1010.9,29.8,26.5,24.3,23.3,83.0,85.0,3.5,14.2,1,0.8452490573530633,-0.5343725582809786,-0.17364817766693047,-0.984807753012208,3.1999999999999993,5.5,0
125,1012.0,26.4,24.9,23.2,21.7,84.0,82.0,0.3,14.0,1,0.8359254794186372,-0.548842958284719,0.9396926207859083,0.3420201433256688,3.1999999999999993,3.1999999999999993,0
126,1012.5,27.9,25.8,24.4,23.1,82.0,88.0,1.6,39.3,1,0.8263541987239096,-0.5631507242749186,0.984807753012208,0.17364817766693041,2.6999999999999993,3.5,0
127,1008.8,31.0,28.1,26.2,25.0,81.0,80.0,3.7,20.5,1,0.8165380514459161,-0.5772916165517272,0.984807753012208,0.17364817766693041,3.1000000000000014,4.800000000000001,0
128,1011.4,30.7,27.9,26.4,25.6,89.0,89.0,1.2,22.5,1,0.8064799463209448,-0.5912614448635781,-0.34202014332566866,-0.9396926207859084,2.299999999999997,4.300000000000001,0
129,1009.5,30.1,28.9,26.3,24.3,84.0,70.0,3.3,15.3,1,0.7961828637826158,-0.6050560696488488,-0.7660444431189779,-0.6427876096865395,4.599999999999998,3.8000000000000007,0
130,1011.2,31.6,28.7,26.3,25.4,81.0,88.0,0.1,26.1,1,0.7856498550787147,-0.6186714032625031,-0.34202014332566866,-0.9396926207859084,3.3000000000000007,5.300000000000001,0
131,1008.7,31.4,28.2,26.1,25.1,82.0,75.0,9.1,21.8,0,0.7748840413670407,-0.6321034111873487,0.8660254037844387,-0.4999999999999998,3.099999999999998,5.299999999999997,0
132,1012.4,31.3,28.8,26.1,22.7,81.0,87.0,2.1,19.2,1,0.7638886127905428,-0.6453481132295501,0.3420201433256687,0.9396926207859084,6.100000000000001,5.199999999999999,0
133,1008.3,33.0,30.1,28.0,25.1,75.0,68.0,10.0,19.3,1,0.7526668275320084,-0.6584015846980488,-0.7660444431189779,-0.6427876096865395,5.0,5.0,0
134,1005.9,31.0,28.8,27.3,20.7,77.0,59.0,7.5,9.8,0,0.741222010848596,-0.6712599575675313,0.9396926207859083,0.3420201433256688,8.100000000000001,3.6999999999999993,0
135,1009.3,32.3,30.2,27.4,25.9,86.0,88.0,0.6,13.4,1,0.7295575540864875,-0.6839194216246106,-0.6427876096865393,-0.766044443118978,4.300000000000001,4.899999999999999,0
136,1006.6,32.0,29.4,27.6,26.0,89.0,88.0,2.5,26.4,1,0.717676913675962,-0.6963762255968722,-0.34202014332566866,-0.9396926207859084,3.3999999999999986,4.399999999999999,0
137,1008.5,32.2,29.0,27.0,25.3,79.0,79.0,7.0,16.4,1,0.705583610107178,-0.7086266782644596,-0.6427876096865393,-0.766044443118978,3.6999999999999993,5.200000000000003,0
138,1006.6,32.3,29.6,28.7,25.7,84.0,77.0,6.3,15.4,1,0.6932812268869777,-0.7206671495538609,-0.6427876096865393,-0.766044443118978,3.900000000000002,3.599999999999998,0
139,1008.4,32.6,29.7,26.4,25.7,81.0,69.0,7.8,34.0,1,0.6807734094770161,-0.7324940716135789,-0.6427876096865393,-0.766044443118978,4.0,6.200000000000003,0
140,1008.0,32.8,29.9,26.7,26.7,89.0,74.0,6.1,15.8,1,0.6680638642135335,-0.7441039398713607,-0.7660444431189779,-0.6427876096865395,3.1999999999999993,6.099999999999998,0
141,1007.6,32.7,29.0,27.0,26.0,76.0,46.0,10.0,9.4,0,0.6551563572090853,-0.7554933140726803,-0.6427876096865393,-0.766044443118978,3.0,5.700000000000003,0
142,1009.1,32.8,30.0,26.4,25.2,74.0,28.0,11.1,19.0,0,0.6420547132365637,-0.766658819300159,-0.6427876096865393,-0.766044443118978,4.800000000000001,6.399999999999999,0
143,1008.5,30.4,27.4,25.3,24.2,74.0,57.0,9.1,11.9,0,0.6287628145958344,-0.777597146973627,-0.6427876096865393,-0.766044443118978,3.1999999999999993,5.099999999999998,0
144,1005.2,31.5,28.3,26.9,25.8,87.0,83.0,6.9,14.1,1,0.6152845999633276,-0.7883050558305255,0.8660254037844386,0.5000000000000001,2.5,4.600000000000001,0
145,1008.7,33.0,30.2,28.4,25.7,78.0,53.0,10.0,10.9,0,0.6016240632249226,-0.7987793728863649,-0.6427876096865393,-0.766044443118978,4.5,4.600000000000001,0
146,1008.7,32.1,29.8,27.5,25.5,81.0,83.0,3.0,52.8,1,0.5877852522924732,-0.8090169943749473,0.766044443118978,-0.6427876096865394,4.300000000000001,4.600000000000001,0
147,1005.6,32.8,29.0,27.0,25.0,74.0,38.0,11.9,8.3,0,0.5737722679043246,-0.8190148866680801,-0.34202014332566866,-0.9396926207859084,4.0,5.799999999999997,0
148,1008.5,33.3,30.1,28.0,24.3,79.0,69.0,10.7,7.9,0,0.5595892624101765,-0.8287700871745038,-0.6427876096865393,-0.766044443118978,5.800000000000001,5.299999999999997,0
149,1010.3,31.2,28.1,25.8,23.1,79.0,49.0,9.8,14.5,0,0.545240438540651,-0.8382797052177744,0.3420201433256687,0.9396926207859084,5.0,5.399999999999999,0
150,1006.4,34.0,30.1,28.4,25.8,77.0,23.0,10.4,15.7,0,0.5307300481619334,-0.8475409228928311,-0.8660254037844384,-0.5000000000000004,4.300000000000001,5.600000000000001,0
151,1009.8,34.4,30.1,28.8,24.7,74.0,29.0,11.4,12.6,1,0.5160623910158528,-0.8565509959010036,-0.34202014332566866,-0.9396926207859084,5.400000000000002,5.599999999999998,0
152,1008.9,34.0,30.6,26.7,25.9,81.0,79.0,4.8,25.0,1,0.5012418134457758,-0.865307254363206,-0.6427876096865393,-0.766044443118978,4.700000000000003,7.300000000000001,0
153,1006.6,33.2,30.8,28.0,25.3,77.0,29.0,11.0,14.5,0,0.48627270710869,-0.8738071036110808,-0.7660444431189779,-0.6427876096865395,5.5,5.200000000000003,0
154,1009.4,32.0,29.0,27.0,24.5,76.0,44.0,10.7,40.8,0,0.4711595076738638,-0.8820480249558537,-0.6427876096865393,-0.766044443118978,4.5,5.0,0
155,1006.8,31.9,29.3,26.2,24.2,81.0,77.0,6.7,7.9,1,0.4559066935084588,-0.8900275764346767,-0.5000000000000001,-0.8660254037844386,5.100000000000001,5.699999999999999,0
156,1008.7,32.9,29.1,27.1,25.3,78.0,78.0,9.1,19.0,1,0.440518784350495,-0.8977433935342337,-0.8660254037844384,-0.5000000000000004,3.8000000000000007,5.799999999999997,0
157,1005.9,34.7,30.1,28.5,25.4,79.0,88.0,0.4,15.3,1,0.42500033996955416,-0.9051931898913974,0.766044443118978,0.6427876096865394,4.700000000000003,6.200000000000003,0
158,1008.1,31.7,28.9,26.2,25.8,81.0,78.0,4.6,21.9,1,0.4093559588156213,-0.9123747579707273,-0.7660444431189779,-0.6427876096865395,3.099999999999998,5.5,0
159,1009.5,30.8,28.9,27.4,25.1,86.0,67.0,5.7,11.1,1,0.39359027665646673,-0.9192859697186104,0.9396926207859084,-0.3420201433256687,3.799999999999997,3.400000000000002,0
160,1008.4,32.6,30.7,28.4,25.4,86.0,78.0,2.3,14.1,1,0.3777079652039649,-0.9259247771938498,-0.7660444431189779,-0.6427876096865395,5.300000000000001,4.200000000000003,0
161,1008.1,31.7,29.5,27.5,25.5,84.0,63.0,8.9,14.0,0,0.36171373072976765,-0.9322892131745133,0.766044443118978,-0.6427876096865394,4.0,4.199999999999999,0
162,1007.5,32.0,30.1,29.0,25.6,84.0,88.0,1.5,29.2,1,0.3456123126707335,-0.9383773917408641,-0.6427876096865393,-0.766044443118978,4.5,3.0,0
163,1006.6,31.0,29.3,27.1,25.3,79.0,77.0,4.6,13.9,1,0.3294084822245304,-0.9441875088341993,-0.6427876096865393,-0.766044443118978,4.0,3.8999999999999986,0
164,1006.9,32.2,29.0,27.6,25.3,82.0,78.0,6.6,14.5,1,0.3131070409358269,-0.9497178427914316,-0.6427876096865393,-0.766044443118978,3.6999999999999993,4.600000000000001,0
165,1009.9,32.6,29.7,27.4,26.1,79.0,73.0,9.4,31.9,1,0.29671281927349075,-0.9549667548552551,-0.5000000000000001,-0.8660254037844386,3.599999999999998,5.200000000000003,0
166,1007.9,33.0,30.1,27.8,25.8,78.0,67.0,10.6,14.5,1,0.2802306751992159,-0.9599326896597447,-0.6427876096865393,-0.766044443118978,4.300000000000001,5.199999999999999,0
167,1008.4,31.2,29.0,27.2,25.3,90.0,77.0,2.7,9.1,1,0.26366549272800704,-0.9646141756912435,0.766044443118978,-0.6427876096865394,3.6999999999999993,4.0,0
168,1007.2,33.2,29.6,26.9,25.0,85.0,88.0,2.4,25.1,1,0.24702218048093552,-0.9690098257244062,-0.8660254037844384,-0.5000000000000004,4.600000000000001,6.300000000000004,0
169,1002.5,33.5,30.0,27.8,26.0,89.0,88.0,2.0,10.9,1,0.23030567023061221,-0.9731183372332619,-0.6427876096865393,-0.766044443118978,4.0,5.699999999999999,0
170,1006.3,29.1,27.9,26.6,25.8,89.0,88.0,0.5,20.9,1,0.21352091543979612,-0.9769384927771817,-0.7660444431189779,-0.6427876096865395,2.099999999999998,2.5,0
171,1003.8,33.1,30.1,27.1,26.1,80.0,83.0,0.5,27.9,1,0.19667288979357647,-0.980469160361632,-0.6427876096865393,-0.766044443118978,4.0,6.0,0
172,1002.8,33.7,30.0,26.1,24.7,89.0,78.0,2.1,9.2,1,0.1797665857255624,-0.9837092937736097,-0.6427876096865393,-0.766044443118978,5.300000000000001,7.600000000000001,0
173,1009.9,35.2,30.0,28.5,24.7,78.0,44.0,10.1,12.4,1,0.16280701293851715,-0.986657932891657,-0.8660254037844384,-0.5000000000000004,5.300000000000001,6.700000000000003,0
174,1006.8,31.6,29.2,27.3,25.3,86.0,86.0,1.0,31.2,1,0.1457991969198751,-0.9893142039703663,0.984807753012208,0.17364817766693041,3.8999999999999986,4.300000000000001,0
175,1009.3,31.2,28.1,26.2,25.3,78.0,47.0,9.1,17.2,0,0.12874817745258132,-0.99167731989929,-0.34202014332566866,-0.9396926207859084,2.8000000000000007,5.0,0
176,1007.5,32.8,30.1,28.0,25.6,79.0,72.0,7.1,30.3,0,0.11165900712169512,-0.993746580436178,-0.6427876096865393,-0.766044443118978,4.5,4.799999999999997,0
177,1008.6,32.9,29.7,27.4,25.8,91.0,87.0,0.2,26.3,1,0.09453674981719912,-0.9955213724144752,-0.7660444431189779,-0.6427876096865395,3.8999999999999986,5.5,0
178,1008.4,32.0,29.4,27.5,26.2,82.0,84.0,6.4,16.9,1,0.07738647923346301,-0.9970011699250151,-0.7660444431189779,-0.6427876096865395,3.1999999999999993,4.5,0
179,1007.9,30.6,28.4,26.7,25.8,82.0,84.0,1.3,14.5,1,0.06021327736579302,-0.9981855344718586,-0.34202014332566866,-0.9396926207859084,2.599999999999998,3.900000000000002,0
180,1006.8,31.2,29.0,26.1,25.4,80.0,88.0,1.2,26.4,1,0.04302223300453059,-0.99907411510223,-0.17364817766693047,-0.984807753012208,3.6000000000000014,5.099999999999998,0
181,1008.4,29.0,28.2,26.8,25.0,84.0,88.0,0.5,19.8,1,0.02581844022713308,-0.9996666485105112,-0.17364817766693047,-0.984807753012208,3.1999999999999993,2.1999999999999993,0
182,1010.6,31.1,28.9,26.7,25.6,84.0,84.0,4.4,16.5,1,0.008606996888688698,-0.9999629591162655,-0.17364817766693047,-0.984807753012208,3.299999999999997,4.400000000000002,0
183,1008.8,30.3,28.4,26.8,25.4,79.0,88.0,0.3,14.5,1,-0.008606996888688009,-0.9999629591162655,-0.7660444431189779,-0.6427876096865395,3.0,3.5,0
184,1006.7,31.2,28.4,26.8,25.2,79.0,78.0,4.4,16.3,1,-0.02581844022713239,-0.9996666485105112,-0.6427876096865393,-0.766044443118978,3.1999999999999993,4.399999999999999,0
185,1003.8,30.8,27.9,26.5,24.8,81.0,84.0,2.0,11.9,1,-0.04302223300453034,-0.99907411510223,-0.6427876096865393,-0.766044443118978,3.099999999999998,4.300000000000001,0
186,1008.5,32.0,30.7,28.4,25.8,77.0,72.0,7.7,10.0,1,-0.060213277365792774,-0.9981855344718586,-0.6427876096865393,-0.766044443118978,4.899999999999999,3.6000000000000014,0
187,1008.1,31.7,28.9,26.9,25.3,86.0,82.0,2.2,20.0,1,-0.07738647923346322,-0.9970011699250151,-0.6427876096865393,-0.766044443118978,3.599999999999998,4.800000000000001,0
188,1008.9,31.2,28.2,26.8,26.0,87.0,83.0,3.0,14.3,1,-0.09453674981719933,-0.9955213724144752,-0.6427876096865393,-0.766044443118978,2.1999999999999993,4.399999999999999,0
189,1008.1,33.0,30.0,28.4,25.3,84.0,69.0,0.4,14.3,0,-0.11165900712169444,-0.9937465804361781,-0.6427876096865393,-0.766044443118978,4.699999999999999,4.600000000000001,0
190,1008.4,33.0,30.0,28.1,25.5,81.0,51.0,6.9,18.0,1,-0.12874817745258066,-0.99167731989929,-0.6427876096865393,-0.766044443118978,4.5,4.899999999999999,0
191,1008.9,32.4,30.7,28.0,25.0,79.0,67.0,7.0,10.9,1,-0.14579919691987442,-0.9893142039703664,-0.6427876096865393,-0.766044443118978,5.699999999999999,4.399999999999999,0
192,1006.9,33.3,30.3,26.7,26.4,79.0,88.0,3.0,20.5,1,-0.16280701293851646,-0.9866579328916572,-0.34202014332566866,-0.9396926207859084,3.900000000000002,6.599999999999998,0
193,1006.8,33.0,30.4,28.0,25.5,76.0,38.0,10.9,15.8,0,-0.17976658572556214,-0.9837092937736098,-0.6427876096865393,-0.766044443118978,4.899999999999999,5.0,0
194,1008.1,33.9,30.0,28.0,26.4,84.0,61.0,9.1,8.6,1,-0.19667288979357622,-0.9804691603616321,0.3420201433256689,-0.9396926207859083,3.6000000000000014,5.899999999999999,0
195,1009.8,32.5,30.7,28.3,25.5,75.0,40.0,11.2,6.6,0,-0.2135209154397959,-0.9769384927771817,-1.0,-1.8369701987210297e-16,5.199999999999999,4.199999999999999,0
196,1005.9,34.1,30.2,28.1,25.5,78.0,41.0,8.3,13.6,0,-0.23030567023061196,-0.973118337233262,0.17364817766693033,0.984807753012208,4.699999999999999,6.0,0
197,1005.4,33.3,30.0,26.3,24.3,81.0,47.0,8.2,12.8,1,-0.24702218048093527,-0.9690098257244063,-0.6427876096865393,-0.766044443118978,5.699999999999999,6.9999999999999964,0
198,1006.5,32.7,30.3,28.3,24.1,74.0,61.0,10.0,23.5,0,-0.2636654927280072,-0.9646141756912435,-0.34202014332566866,-0.9396926207859084,6.199999999999999,4.400000000000002,0
199,1006.7,33.5,30.5,28.7,26.4,79.0,78.0,5.5,9.1,0,-0.2802306751992161,-0.9599326896597445,-0.7660444431189779,-0.6427876096865395,4.100000000000001,4.800000000000001,0
200,1001.0,32.9,30.2,28.2,25.8,78.0,38.0,11.1,16.3,1,-0.2967128192734901,-0.9549667548552553,-0.7660444431189779,-0.6427876096865395,4.399999999999999,4.699999999999999,0
201,1007.9,32.0,30.6,28.4,25.9,81.0,78.0,9.1,25.5,1,-0.3131070409358267,-0.9497178427914317,-0.7660444431189779,-0.6427876096865395,4.700000000000003,3.6000000000000014,0
202,1011.4,31.2,28.3,26.3,25.3,80.0,43.0,9.5,9.8,0,-0.3294084822245302,-0.9441875088341994,-0.6427876096865393,-0.766044443118978,3.0,4.899999999999999,0
203,1008.4,31.8,28.8,26.7,24.5,81.0,78.0,2.2,11.2,1,-0.3456123126707333,-0.9383773917408642,-0.34202014332566866,-0.9396926207859084,4.300000000000001,5.100000000000001,0
204,1008.1,32.4,29.0,26.5,26.3,84.0,83.0,6.7,15.3,1,-0.3617137307297674,-0.9322892131745134,-0.17364817766693047,-0.984807753012208,2.6999999999999993,5.899999999999999,0
205,1008.9,30.6,28.4,26.6,25.0,81.0,88.0,0.3,11.3,1,-0.37770796520396466,-0.9259247771938499,-0.6427876096865393,-0.766044443118978,3.3999999999999986,4.0,0
206,1008.9,29.4,27.2,26.6,25.6,89.0,83.0,0.3,10.0,1,-0.39359027665646645,-0.9192859697186105,1.2246467991473532e-16,-1.0,1.5999999999999979,2.799999999999997,0
207,1004.8,31.1,28.7,26.7,25.4,78.0,79.0,3.8,13.8,1,-0.4093559588156211,-0.9123747579707274,-0.5000000000000001,-0.8660254037844386,3.3000000000000007,4.400000000000002,0
208,1004.2,31.2,28.0,26.5,25.9,89.0,84.0,0.3,17.3,1,-0.42500033996955394,-0.9051931898913975,-0.6427876096865393,-0.766044443118978,2.1000000000000014,4.699999999999999,0
209,1008.9,32.9,29.6,26.4,26.6,83.0,82.0,3.5,9.2,1,-0.4405187843504952,-0.8977433935342336,-0.9848077530122081,0.17364817766692997,3.0,6.5,0
210,1008.1,30.6,28.6,26.3,25.3,82.0,87.0,2.0,20.5,1,-0.455906693508459,-0.8900275764346766,-0.34202014332566866,-0.9396926207859084,3.3000000000000007,4.300000000000001,0
211,1008.1,32.9,29.9,28.6,26.3,81.0,78.0,5.0,21.9,1,-0.47115950767386394,-0.8820480249558535,-0.9396926207859082,-0.3420201433256694,3.599999999999998,4.299999999999997,0
212,1006.5,30.6,27.4,24.9,25.0,84.0,88.0,2.1,21.9,1,-0.4862727071086902,-0.8738071036110807,-0.17364817766693047,-0.984807753012208,2.3999999999999986,5.700000000000003,0
213,1010.5,30.6,28.3,26.6,25.9,85.0,82.0,2.9,21.9,1,-0.5012418134457756,-0.8653072543632061,-0.8660254037844386,0.5000000000000001,2.400000000000002,4.0,0
214,1008.4,32.7,30.4,28.1,25.2,74.0,43.0,10.0,13.8,0,-0.5160623910158526,-0.8565509959010037,-0.8660254037844386,0.5000000000000001,5.199999999999999,4.600000000000001,0
215,1007.9,31.2,28.1,26.9,25.8,82.0,84.0,2.2,24.5,1,-0.5307300481619331,-0.8475409228928312,-0.6427876096865393,-0.766044443118978,2.3000000000000007,4.300000000000001,0
216,1008.3,33.0,30.0,27.4,24.2,75.0,43.0,9.3,23.2,0,-0.5452404385406507,-0.8382797052177745,-0.6427876096865393,-0.766044443118978,5.800000000000001,5.600000000000001,0
217,1007.5,30.8,27.2,25.5,23.2,75.0,78.0,3.5,13.9,1,-0.5595892624101763,-0.828770087174504,1.0,6.123233995736766e-17,4.0,5.300000000000001,0
218,1005.6,31.6,28.3,26.4,25.4,81.0,84.0,2.5,23.7,1,-0.5737722679043243,-0.8190148866680802,-0.6427876096865393,-0.766044443118978,2.900000000000002,5.200000000000003,0
219,1008.5,31.5,28.1,25.7,25.5,74.0,75.0,7.6,10.9,1,-0.5877852522924734,-0.8090169943749472,-0.7660444431189779,-0.6427876096865395,2.6000000000000014,5.800000000000001,0
220,1007.8,30.1,28.1,26.1,25.1,84.0,83.0,2.5,20.3,0,-0.6016240632249227,-0.7987793728863648,-0.7660444431189779,-0.6427876096865395,3.0,4.0,0
221,1007.8,32.9,29.6,26.5,25.8,89.0,88.0,1.1,13.2,1,-0.6152845999633277,-0.7883050558305253,-0.6427876096865393,-0.766044443118978,3.8000000000000007,6.399999999999999,0
222,1005.9,28.6,26.8,25.4,25.4,90.0,88.0,0.5,19.2,1,-0.6287628145958345,-0.7775971469736268,-0.7660444431189779,-0.6427876096865395,1.4000000000000021,3.200000000000003,0
223,1008.5,29.1,28.3,27.4,24.3,85.0,88.0,0.2,15.3,1,-0.6420547132365636,-0.7666588193001592,-0.7660444431189779,-0.6427876096865395,4.0,1.7000000000000028,0
224,1005.9,31.8,28.8,26.7,25.0,79.0,67.0,6.7,7.3,1,-0.655156357209085,-0.7554933140726804,-0.8660254037844384,-0.5000000000000004,3.8000000000000007,5.100000000000001,0
225,1010.7,29.6,26.9,24.5,24.1,87.0,84.0,6.0,9.1,1,-0.6680638642135333,-0.7441039398713608,-0.6427876096865393,-0.766044443118978,2.799999999999997,5.100000000000001,0
226,1012.0,29.6,27.1,25.8,23.8,76.0,50.0,8.8,14.3,0,-0.680773409477016,-0.732494071613579,0.8660254037844386,0.5000000000000001,3.3000000000000007,3.8000000000000007,0
227,1012.0,29.4,27.7,25.4,25.9,81.0,86.0,2.4,13.8,1,-0.6932812268869771,-0.7206671495538615,0.6427876096865393,0.766044443118978,1.8000000000000007,4.0,0
228,1011.6,33.7,29.1,26.9,23.2,85.0,84.0,5.8,11.0,1,-0.7055836101071774,-0.70862667826446,-0.7660444431189779,-0.6427876096865395,5.900000000000002,6.800000000000004,0
229,1008.5,30.6,27.8,25.7,25.4,91.0,81.0,3.7,23.2,1,-0.7176769136759615,-0.6963762255968726,-0.6427876096865393,-0.766044443118978,2.400000000000002,4.900000000000002,0
230,1007.3,31.8,28.1,24.5,25.4,85.0,88.0,0.6,11.7,1,-0.7295575540864876,-0.6839194216246105,-0.7660444431189779,-0.6427876096865395,2.700000000000003,7.300000000000001,0
231,1011.4,30.2,27.8,26.5,23.1,76.0,54.0,10.0,13.3,0,-0.7412220108485957,-0.6712599575675315,0.766044443118978,0.6427876096865394,4.699999999999999,3.6999999999999993,0
232,1010.6,30.8,28.1,26.1,25.8,84.0,58.0,9.9,29.0,0,-0.7526668275320083,-0.6584015846980489,0.984807753012208,-0.1736481776669303,2.3000000000000007,4.699999999999999,0
233,1009.2,29.2,26.8,25.5,23.1,75.0,62.0,6.9,12.1,1,-0.7638886127905429,-0.64534811322955,0.17364817766693033,0.984807753012208,3.6999999999999993,3.6999999999999993,0
234,1010.9,28.6,26.1,25.4,23.4,89.0,87.0,0.3,11.7,1,-0.7748840413670406,-0.6321034111873488,0.6427876096865393,0.766044443118978,2.700000000000003,3.200000000000003,0
235,1012.2,28.1,25.8,24.5,23.2,86.0,83.0,3.6,23.7,1,-0.7856498550787144,-0.6186714032625032,0.984807753012208,0.17364817766693041,2.6000000000000014,3.6000000000000014,0
236,1011.4,31.4,28.1,26.8,23.7,75.0,56.0,10.0,32.5,0,-0.7961828637826154,-0.6050560696488494,0.9396926207859083,0.3420201433256688,4.400000000000002,4.599999999999998,0
237,1009.8,32.0,27.6,25.3,22.3,75.0,80.0,8.0,8.3,0,-0.8064799463209447,-0.5912614448635783,-0.6427876096865393,-0.766044443118978,5.300000000000001,6.699999999999999,0
238,1013.0,30.4,28.7,26.4,25.3,83.0,79.0,2.0,29.8,1,-0.8165380514459157,-0.5772916165517278,-0.6427876096865393,-0.766044443118978,3.3999999999999986,4.0,0
239,1009.1,31.8,28.0,26.8,25.0,89.0,80.0,2.0,14.5,1,-0.8263541987239094,-0.5631507242749189,0.8660254037844387,-0.4999999999999998,3.0,5.0,0
240,1013.6,28.1,26.0,25.1,22.2,79.0,51.0,2.0,17.5,0,-0.8359254794186365,-0.5488429582847199,0.984807753012208,0.17364817766693041,3.8000000000000007,3.0,0
241,1014.8,32.8,28.1,26.7,23.5,78.0,44.0,8.4,34.2,0,-0.8452490573530633,-0.5343725582809785,0.766044443118978,-0.6427876096865394,4.600000000000001,6.099999999999998,0
242,1014.4,31.3,28.1,26.0,23.3,82.0,88.0,0.2,22.9,1,-0.8543221697498269,-0.5197438121555157,-0.7660444431189779,-0.6427876096865395,4.800000000000001,5.300000000000001,0
243,1013.7,28.7,27.8,25.3,23.3,79.0,60.0,9.1,17.2,0,-0.8631421280499115,-0.5049610547215202,0.8660254037844386,0.5000000000000001,4.5,3.3999999999999986,0
244,1013.3,29.3,27.9,25.0,25.8,83.0,84.0,3.1,9.6,0,-0.8717063187093217,-0.4900286664290594,0.9396926207859084,-0.3420201433256687,2.099999999999998,4.300000000000001,0
245,1007.9,30.8,28.6,26.3,25.3,87.0,87.0,4.1,25.9,0,-0.8800122039735356,-0.4749510720670502,-0.7660444431189779,-0.6427876096865395,3.3000000000000007,4.5,0
246,1008.1,31.1,28.1,26.2,24.5,79.0,62.0,7.7,12.5,0,-0.888057322629493,-0.4597327394521046,0.8660254037844386,0.5000000000000001,3.6000000000000014,4.900000000000002,0
247,1007.1,31.6,29.4,26.0,25.8,84.0,82.0,7.6,16.5,1,-0.8958392907349089,-0.4443781781046134,0.3420201433256689,-0.9396926207859083,3.599999999999998,5.600000000000001,0
248,1005.8,30.3,27.5,25.9,22.1,77.0,86.0,1.2,11.7,0,-0.9033558023246842,-0.4288919379124841,-0.6427876096865393,-0.766044443118978,5.399999999999999,4.400000000000002,0
249,1005.7,31.7,28.4,26.9,25.6,82.0,86.0,1.8,21.6,1,-0.9106046300942162,-0.41327860778290443,-0.17364817766693047,-0.984807753012208,2.799999999999997,4.800000000000001,0
250,1007.6,30.6,27.4,26.4,25.3,78.0,47.0,10.0,9.2,0,-0.9175836260593934,-0.3975428142825566,-0.6427876096865393,-0.766044443118978,2.099999999999998,4.200000000000003,0
251,1015.0,29.8,27.9,26.5,23.2,76.0,78.0,6.2,11.0,1,-0.9242907221930934,-0.3816892202666586,0.17364817766693033,0.984807753012208,4.699999999999999,3.3000000000000007,0
252,1014.8,31.2,28.4,26.8,26.1,86.0,77.0,3.8,12.6,1,-0.9307239310379793,-0.3657225234972692,0.49999999999999994,0.8660254037844387,2.299999999999997,4.399999999999999,0
253,1013.0,31.1,28.9,25.8,20.6,75.0,54.0,10.0,14.5,0,-0.9368813462954315,-0.34964745525122826,0.8660254037844386,0.5000000000000001,8.299999999999997,5.300000000000001,0
254,1007.7,32.0,29.1,26.7,25.0,75.0,78.0,2.3,17.2,1,-0.9427611433904206,-0.33346877891818705,0.17364817766693033,0.984807753012208,4.100000000000001,5.300000000000001,0
255,1008.2,32.3,29.6,27.9,24.2,78.0,69.0,6.8,11.8,1,-0.9483615800121716,-0.31719128858910595,0.3420201433256687,0.9396926207859084,5.400000000000002,4.399999999999999,0
256,1010.2,29.2,27.0,25.7,25.4,79.0,67.0,4.5,44.7,1,-0.9536809966304455,-0.300819807635668,0.984807753012208,0.17364817766693041,1.6000000000000014,3.5,0
257,1013.0,31.2,28.7,26.3,26.3,91.0,88.0,1.8,26.7,1,-0.9587178169872964,-0.2843591872810036,0.9396926207859083,0.3420201433256688,2.3999999999999986,4.899999999999999,0
258,1015.1,30.3,27.7,24.7,25.6,81.0,69.0,2.6,25.1,1,-0.9634705485641486,-0.26781430516217486,1.0,6.123233995736766e-17,2.099999999999998,5.600000000000001,0
259,1015.0,28.6,26.6,24.8,23.6,83.0,84.0,3.6,37.5,1,-0.9679377830240641,-0.25119006388481957,0.3420201433256687,0.9396926207859084,3.0,3.8000000000000007,0
260,1013.5,28.9,26.5,24.8,20.6,76.0,54.0,4.5,16.7,1,-0.9721181966290612,-0.23449138957041052,0.984807753012208,0.17364817766693041,5.899999999999999,4.099999999999998,0
261,1013.2,27.8,26.6,25.8,25.2,90.0,84.0,1.2,27.3,1,-0.9760105506323682,-0.21772323039653224,0.8660254037844387,-0.4999999999999998,1.4000000000000021,2.0,0
262,1004.9,28.4,26.2,24.7,24.4,84.0,83.0,3.6,29.8,1,-0.9796136916454901,-0.20089055513063528,0.3420201433256687,0.9396926207859084,1.8000000000000007,3.6999999999999993,0
263,1010.5,27.8,25.8,24.3,21.2,73.0,47.0,6.8,21.9,1,-0.9829265519799822,-0.18399835165767986,0.9396926207859083,0.3420201433256688,4.600000000000001,3.5,0
264,1017.0,28.9,25.5,24.5,23.4,82.0,66.0,2.0,34.2,0,-0.9859481499638303,-0.1670516255021195,0.9396926207859083,0.3420201433256688,2.1000000000000014,4.399999999999999,0
265,1017.8,29.7,27.9,25.6,25.4,77.0,61.0,8.4,13.2,0,-0.9886775902323404,-0.15005539834465262,-0.17364817766693047,-0.984807753012208,2.5,4.099999999999998,0
266,1016.4,28.7,25.6,20.5,24.7,84.0,88.0,3.1,37.9,1,-0.9911140639934546,-0.13301470653419636,0.984807753012208,0.17364817766693041,0.9000000000000021,8.2,0
267,1017.9,28.0,26.5,24.9,23.4,82.0,77.0,8.5,23.9,0,-0.9932568492674143,-0.11593459959550066,-0.34202014332566866,-0.9396926207859084,3.1000000000000014,3.1000000000000014,0
268,1008.3,22.5,20.8,19.6,18.6,73.0,21.0,10.0,38.3,0,-0.9951053111006974,-0.09882013873287211,0.8660254037844386,0.5000000000000001,2.1999999999999993,2.8999999999999986,0
269,1017.1,27.2,25.5,24.4,21.4,82.0,65.0,8.6,35.1,1,-0.99665890175417,-0.08167639533042288,0.984807753012208,0.17364817766693041,4.100000000000001,2.8000000000000007,0
270,1010.3,27.8,25.4,23.7,23.5,89.0,89.0,0.1,50.6,1,-0.9979171608653922,-0.06450844944931625,0.8660254037844386,0.5000000000000001,1.8999999999999986,4.100000000000001,0
271,1018.1,28.1,27.1,25.4,25.1,90.0,81.0,1.6,52.8,1,-0.9988797155850335,-0.04732138832243232,1.2246467991473532e-16,-1.0,2.0,2.700000000000003,0
272,1017.7,28.8,26.4,24.5,16.9,79.0,43.0,9.3,24.4,0,-0.9995462806873573,-0.03012030484690836,0.984807753012208,0.17364817766693041,9.5,4.300000000000001,0
273,1018.9,26.1,23.7,21.0,22.0,90.0,81.0,3.0,13.8,1,-0.9999166586547379,-0.012910296075008843,0.8660254037844386,0.5000000000000001,1.6999999999999993,5.100000000000001,0
274,1014.8,24.5,23.1,22.7,22.9,90.0,94.0,0.0,50.7,1,-0.9999907397361901,0.004303538296243821,0.49999999999999994,0.8660254037844387,0.20000000000000284,1.8000000000000007,1
275,1016.5,25.3,21.3,20.8,19.6,78.0,61.0,3.3,22.0,0,-0.9997685019798909,0.021516097436222233,0.9396926207859083,0.3420201433256688,1.6999999999999993,4.5,0
276,1016.4,28.4,26.1,25.1,23.0,85.0,84.0,6.0,15.2,1,-0.9992500112396835,0.03872228089217399,0.984807753012208,0.17364817766693041,3.1000000000000014,3.299999999999997,0
277,1018.0,22.3,21.3,20.4,20.9,89.0,88.0,0.0,21.4,1,-0.9984354211555643,0.05591699010060302,0.3420201433256687,0.9396926207859084,0.40000000000000213,1.9000000000000021,1
278,1016.0,27.4,24.9,22.2,20.3,81.0,78.0,5.8,35.3,0,-0.9973249731081555,0.07309512989807776,1.0,6.123233995736766e-17,4.599999999999998,5.199999999999999,0
279,1016.8,28.1,25.0,23.7,20.3,70.0,78.0,5.3,16.4,0,-0.9959189961471792,0.0902516100310407,0.8660254037844386,0.5000000000000001,4.699999999999999,4.400000000000002,0
280,1017.1,29.2,25.7,23.4,19.4,78.0,65.0,8.8,27.3,0,-0.994217906893952,0.10738134666416306,0.8660254037844386,0.5000000000000001,6.300000000000001,5.800000000000001,0
281,1014.1,28.2,25.3,23.2,22.1,76.0,46.0,8.8,10.9,1,-0.9922222094179324,0.12447926388678869,0.6427876096865393,0.766044443118978,3.1999999999999993,5.0,0
282,1017.7,28.2,25.6,23.4,21.6,82.0,70.0,7.6,10.0,1,-0.989932495087353,0.141540295217043,0.984807753012208,0.17364817766693041,4.0,4.800000000000001,0
283,1016.8,26.2,24.3,21.0,22.2,83.0,81.0,0.7,11.0,1,-0.9873494423939864,0.15855938510313475,0.49999999999999994,0.8660254037844387,2.1000000000000014,5.199999999999999,0
284,1019.5,27.9,25.8,24.7,23.1,83.0,88.0,0.9,10.2,1,-0.9844738167520923,0.17553149042142777,0.984807753012208,0.17364817766693041,2.6999999999999993,3.1999999999999993,0
285,1019.8,26.8,23.1,21.2,20.1,78.0,79.0,8.2,25.1,1,-0.9813064702716093,0.19245158197082995,0.984807753012208,0.17364817766693041,3.0,5.600000000000001,0
286,1020.6,26.3,24.3,22.5,19.3,70.0,47.0,7.1,28.3,1,-0.9778483415056568,0.20931464596304888,0.3420201433256687,0.9396926207859084,5.0,3.8000000000000007,0
287,1017.3,26.4,24.5,23.9,22.3,79.0,79.0,3.1,22.9,1,-0.9741004551724206,0.22611568550828803,0.8660254037844386,0.5000000000000001,2.1999999999999993,2.5,0
288,1019.5,25.3,23.7,22.3,18.8,79.0,83.0,3.5,15.3,1,-0.970063921851507,0.2428497220959358,0.9396926207859083,0.3420201433256688,4.899999999999999,3.0,0
289,1015.2,26.3,24.5,23.7,19.9,73.0,49.0,7.1,16.0,0,-0.965739937654855,0.25951179706979943,0.9396926207859083,0.3420201433256688,4.600000000000001,2.6000000000000014,0
290,1014.9,26.3,23.3,20.1,17.4,75.0,83.0,3.0,22.0,1,-0.9611297838723007,0.27609697309746883,0.6427876096865393,0.766044443118978,5.900000000000002,6.199999999999999,0
291,1017.1,27.9,25.3,24.1,22.9,84.0,78.0,1.0,14.6,1,-0.9562348265919058,0.2926003356333479,0.6427876096865393,0.766044443118978,2.400000000000002,3.799999999999997,0
292,1017.1,26.0,24.9,22.3,22.2,81.0,84.0,2.4,12.0,1,-0.9510565162951536,0.30901699437494723,0.9396926207859083,0.3420201433256688,2.6999999999999993,3.6999999999999993,0
293,1012.2,28.9,24.0,21.6,23.5,81.0,78.0,6.5,36.0,1,-0.9455963874271428,0.3253420847119795,0.766044443118978,0.6427876096865394,0.5,7.299999999999997,0
294,1012.5,26.3,25.7,24.4,22.8,76.0,66.0,3.2,24.9,1,-0.9398560579418953,0.341570769167856,0.984807753012208,0.17364817766693041,2.8999999999999986,1.9000000000000021,0
295,1015.2,27.1,25.0,23.7,20.7,78.0,58.0,9.4,15.5,0,-0.9338372288229252,0.35769823883312546,0.766044443118978,0.6427876096865394,4.300000000000001,3.400000000000002,0
296,1017.1,25.1,24.7,23.1,21.4,85.0,81.0,0.0,25.9,1,-0.9275416835791965,0.3737197147904692,0.984807753012208,0.17364817766693041,3.3000000000000007,2.0,1
297,1019.4,27.8,23.3,21.6,16.7,92.0,88.0,0.1,11.0,1,-0.9209712877166346,0.38963044953078774,0.8660254037844386,0.5000000000000001,6.600000000000001,6.199999999999999,0
298,1014.7,28.4,25.5,24.0,23.4,89.0,84.0,3.1,19.8,1,-0.9141279881853337,0.4054257283599973,0.8660254037844386,0.5000000000000001,2.1000000000000014,4.399999999999999,0
299,1015.1,26.2,25.4,24.4,23.6,91.0,88.0,0.1,39.5,1,-0.9070138128026362,0.42110087079608916,0.6427876096865393,0.766044443118978,1.7999999999999972,1.8000000000000007,0
300,1016.1,29.7,26.3,24.1,23.1,86.0,70.0,5.0,16.0,1,-0.8996308696522434,0.4366512319560638,0.9396926207859083,0.3420201433256688,3.1999999999999993,5.599999999999998,0
301,1014.7,29.8,25.1,22.1,23.7,82.0,79.0,6.9,14.6,1,-0.8919813464595487,0.45207220393230374,0.984807753012208,0.17364817766693041,1.4000000000000021,7.699999999999999,0
302,1015.2,27.8,25.5,24.4,23.6,86.0,88.0,1.2,8.7,1,-0.8840675099433637,0.46735921715800205,0.766044443118978,0.6427876096865394,1.8999999999999986,3.400000000000002,0
303,1016.1,26.8,24.6,23.1,19.9,91.0,83.0,4.5,9.9,0,-0.8758917051442433,0.48250774176121763,0.766044443118978,0.6427876096865394,4.700000000000003,3.6999999999999993,0
304,1017.1,29.9,25.6,24.4,19.3,93.0,88.0,0.4,9.1,1,-0.8674563547295971,0.4975132889071803,0.6427876096865393,0.766044443118978,6.300000000000001,5.5,0
305,1016.7,25.9,24.8,23.1,21.4,81.0,84.0,1.1,14.5,1,-0.8587639582758031,0.5123714121284235,0.984807753012208,0.17364817766693041,3.400000000000002,2.799999999999997,0
306,1015.3,28.9,26.6,23.5,23.5,85.0,88.0,2.0,9.8,1,-0.8498170915275277,0.5270777086423724,0.984807753012208,0.17364817766693041,3.1000000000000014,5.399999999999999,0
307,1014.4,27.9,25.4,23.4,21.6,86.0,88.0,0.6,14.7,1,-0.8406184056344783,0.5416278206559811,0.9396926207859083,0.3420201433256688,3.799999999999997,4.5,0
308,1015.1,26.2,25.5,23.6,20.5,91.0,81.0,0.8,16.4,1,-0.8311706263658079,0.5560174366570446,0.6427876096865393,0.766044443118978,5.0,2.599999999999998,0
309,1016.7,29.1,25.4,23.7,19.3,75.0,46.0,9.1,7.9,0,-0.8214765533024145,0.5702422926917867,0.8660254037844386,0.5000000000000001,6.099999999999998,5.400000000000002,0
310,1017.5,25.3,21.6,19.7,19.6,82.0,84.0,0.1,43.8,0,-0.8115390590073611,0.5842981736283683,0.9396926207859083,0.3420201433256688,2.0,5.600000000000001,0
311,1016.7,23.3,20.9,18.2,17.4,90.0,84.0,2.4,20.5,1,-0.801361088174677,0.5981809144059159,0.766044443118978,0.6427876096865394,3.5,5.100000000000001,0
312,1014.5,22.4,19.3,17.6,13.5,67.0,72.0,6.1,35.3,0,-0.7909456567567774,0.6118864012687242,0.9396926207859083,0.3420201433256688,5.800000000000001,4.799999999999997,0
313,1015.1,21.3,18.9,17.2,15.8,86.0,80.0,1.2,12.8,1,-0.780295851070776,0.6254105729852457,0.9396926207859083,0.3420201433256688,3.099999999999998,4.100000000000001,0
314,1020.8,21.4,19.9,17.2,12.9,73.0,82.0,2.4,39.5,1,-0.7694148268839381,0.6387494220515268,0.3420201433256687,0.9396926207859084,6.999999999999998,4.199999999999999,0
315,1015.2,21.3,19.3,18.9,18.9,93.0,85.0,0.7,14.5,1,-0.7583058084785625,0.6518989958787125,0.6427876096865393,0.766044443118978,0.40000000000000213,2.400000000000002,0
316,1017.9,20.5,20.4,19.9,18.1,88.0,83.0,3.1,22.9,1,-0.7469720876965551,0.6648553979642866,0.9396926207859083,0.3420201433256688,2.299999999999997,0.6000000000000014,0
317,1018.6,26.7,24.8,22.1,21.4,92.0,90.0,0.2,19.2,1,-0.7354170229639858,0.6776147890466887,0.6427876096865393,0.766044443118978,3.400000000000002,4.599999999999998,0
318,1018.7,23.2,22.5,20.0,20.4,93.0,93.0,0.5,38.3,1,-0.7236440382959123,0.690173388242972,0.9396926207859083,0.3420201433256688,2.1000000000000014,3.1999999999999993,0
319,1019.7,22.1,20.6,19.3,19.1,90.0,87.0,0.0,29.8,1,-0.7116566222817751,0.7025274741691566,0.766044443118978,0.6427876096865394,1.5,2.8000000000000007,1
320,1018.9,19.2,20.9,19.2,19.4,78.0,38.0,5.7,36.0,1,-0.6994583270516471,0.7146733860429609,0.984807753012208,0.17364817766693041,1.5,0.0,0
321,1017.5,25.2,21.6,16.9,18.6,75.0,44.0,6.7,28.9,1,-0.6870527672236675,0.726607524768565,0.8660254037844386,0.5000000000000001,3.0,8.3,0
322,1017.7,19.0,17.7,16.9,15.5,77.0,82.0,0.5,35.8,1,-0.6744436188329457,0.7383263540031063,0.9396926207859083,0.3420201433256688,2.1999999999999993,2.1000000000000014,0
323,1019.9,25.8,21.8,20.2,18.4,86.0,89.0,3.4,22.0,1,-0.661634618242279,0.749826401204568,0.766044443118978,0.6427876096865394,3.400000000000002,5.600000000000001,0
324,1018.7,20.9,17.0,16.5,14.0,90.0,59.0,4.9,14.2,0,-0.6486295610349818,0.7611042586607742,0.17364817766693033,0.984807753012208,3.0,4.399999999999999,0
325,1015.6,21.2,19.6,18.7,17.0,93.0,88.0,0.0,23.5,1,-0.6354323008901775,0.7721565844991641,0.8660254037844386,0.5000000000000001,2.6000000000000014,2.5,1
326,1019.9,24.7,20.8,19.2,17.3,77.0,53.0,5.0,11.8,0,-0.622046748440868,0.7829801036770625,0.3420201433256687,0.9396926207859084,3.5,5.5,0
327,1016.0,21.1,20.1,19.7,18.3,86.0,93.0,0.2,11.8,1,-0.6084768701151264,0.7935716089521472,0.766044443118978,0.6427876096865394,1.8000000000000007,1.4000000000000021,0
328,1017.1,24.5,18.4,17.2,16.0,65.0,60.0,6.8,35.3,0,-0.594726686960764,0.8039279618328208,0.8660254037844386,0.5000000000000001,2.3999999999999986,7.300000000000001,0
329,1022.5,19.3,17.3,16.4,12.8,77.0,94.0,0.0,24.4,1,-0.5808002734538013,0.8140460935082175,0.17364817766693033,0.984807753012208,4.5,2.900000000000002,1
330,1022.9,20.1,18.4,16.5,12.3,73.0,17.0,3.1,41.3,0,-0.5667017562911184,0.8239230057575536,0.6427876096865393,0.766044443118978,6.099999999999998,3.6000000000000014,0
331,1017.9,18.9,16.4,15.1,15.5,78.0,89.0,0.2,22.8,1,-0.5524353131676203,0.8335557718385695,0.6427876096865393,0.766044443118978,0.8999999999999986,3.799999999999999,0
332,1024.4,18.8,14.8,12.4,8.5,75.0,43.0,9.1,39.5,0,-0.5380051715382992,0.8429415373547832,0.3420201433256687,0.9396926207859084,6.300000000000001,6.4,0
333,1024.7,17.5,13.7,11.3,6.6,77.0,88.0,0.0,22.6,1,-0.5234156073655503,0.8520775211013093,0.3420201433256687,0.9396926207859084,7.1,6.199999999999999,1
334,1021.4,17.3,13.3,12.9,11.1,87.0,80.0,0.2,27.3,1,-0.5086709438521042,0.8609610158889945,0.49999999999999994,0.8660254037844387,2.200000000000001,4.4,0
335,1018.0,24.3,21.1,19.8,19.6,79.0,69.0,3.3,30.0,0,-0.49377555015997737,0.8695893893466109,0.9396926207859083,0.3420201433256688,1.5,4.5,0
336,1021.1,21.2,18.8,16.4,16.6,67.0,75.0,5.1,35.8,0,-0.4787338401157883,0.8779600847008883,0.766044443118978,0.6427876096865394,2.1999999999999993,4.800000000000001,0
337,1020.8,21.4,18.9,17.2,14.9,75.0,69.0,7.7,18.0,0,-0.4635502709028512,0.8860706215341378,0.6427876096865393,0.766044443118978,3.9999999999999982,4.199999999999999,0
338,1023.8,17.6,15.2,14.8,11.4,76.0,49.0,3.9,35.1,0,-0.4482293417404106,0.893918596519257,0.9396926207859083,0.3420201433256688,3.799999999999999,2.8000000000000007,0
339,1017.9,20.9,20.6,18.9,19.6,80.0,88.0,4.1,21.9,1,-0.4327755925504317,0.9015016841318838,0.3420201433256687,0.9396926207859084,1.0,2.0,0
340,1021.2,21.0,19.2,17.4,16.5,82.0,88.0,0.2,20.9,1,-0.41719360261231697,0.9088176373395028,0.766044443118978,0.6427876096865394,2.6999999999999993,3.6000000000000014,0
341,1019.3,21.3,20.3,19.4,16.0,89.0,75.0,3.1,25.1,1,-0.4014879892059737,0.9158642882672868,0.49999999999999994,0.8660254037844387,4.300000000000001,1.9000000000000021,0
342,1020.7,18.1,17.2,16.9,7.9,75.0,55.0,6.8,33.4,0,-0.38566340624360745,0.9226395488404875,0.49999999999999994,0.8660254037844387,9.299999999999999,1.2000000000000028,0
343,1022.6,20.1,17.6,15.3,14.6,79.0,86.0,0.7,28.7,0,-0.3697245428906732,0.9291414114031743,0.8660254037844386,0.5000000000000001,3.0000000000000018,4.800000000000001,0
344,1020.2,17.2,14.6,12.8,8.1,79.0,87.0,1.8,32.9,0,-0.35367612217637207,0.935367949313148,0.8660254037844386,0.5000000000000001,6.5,4.399999999999999,0
345,1019.5,22.3,19.9,17.2,16.8,87.0,80.0,0.0,27.3,1,-0.33752289959411347,0.941317317512847,0.3420201433256687,0.9396926207859084,3.099999999999998,5.100000000000001,1
346,1022.0,16.2,15.2,13.5,9.8,88.0,88.0,0.1,28.4,1,-0.32126966169236515,0.9469877530760751,0.3420201433256687,0.9396926207859084,5.399999999999999,2.6999999999999993,0
347,1022.8,17.6,15.9,14.4,11.1,77.0,85.0,0.0,20.0,0,-0.3049212246562894,0.9523775757303973,0.49999999999999994,0.8660254037844387,4.800000000000001,3.200000000000001,1
348,1018.0,17.5,16.3,15.3,14.6,92.0,85.0,1.3,11.8,0,-0.2884824328806098,0.9574851883550389,0.6427876096865393,0.766044443118978,1.700000000000001,2.1999999999999993,0
349,1017.9,16.5,16.1,15.1,15.1,83.0,81.0,0.0,28.8,1,-0.27195815753410524,0.9623090774541487,0.8660254037844386,0.5000000000000001,1.0000000000000018,1.4000000000000004,1
350,1022.4,21.3,18.9,16.6,12.9,79.0,70.0,7.9,19.2,1,-0.2553532951161881,0.9668478136052773,0.766044443118978,0.6427876096865394,5.999999999999998,4.699999999999999,0
351,1023.6,18.2,17.9,16.1,12.4,85.0,89.0,0.1,16.0,0,-0.23867276600594997,0.9711000518829505,0.6427876096865393,0.766044443118978,5.499999999999998,2.099999999999998,0
352,1019.0,21.8,18.3,15.8,13.2,89.0,88.0,0.2,22.5,0,-0.22192151300416674,0.9750645322571945,0.6427876096865393,0.766044443118978,5.100000000000001,6.0,0
353,1017.4,21.3,20.9,19.1,19.9,76.0,88.0,0.3,30.2,0,-0.20510449986861926,0.9787400799669153,0.3420201433256687,0.9396926207859084,1.0,2.1999999999999993,0
354,1017.7,20.9,19.3,18.9,18.1,83.0,81.0,0.3,25.1,1,-0.1882267098432439,0.9821256058680006,0.9396926207859083,0.3420201433256688,1.1999999999999993,2.0,0
355,1016.7,21.3,18.3,17.1,16.4,79.0,70.0,1.5,13.9,0,-0.1712931441814778,0.9852201067560606,0.6427876096865393,0.766044443118978,1.9000000000000021,4.199999999999999,0
356,1020.6,18.7,17.3,16.5,15.0,75.0,81.0,1.5,25.9,0,-0.154308820664281,0.9880226656636976,0.8660254037844386,0.5000000000000001,2.3000000000000007,2.1999999999999993,0
357,1017.9,22.3,18.8,16.6,17.7,84.0,84.0,5.2,15.1,1,-0.13727877211326517,0.9905324521322227,0.3420201433256687,0.9396926207859084,1.1000000000000014,5.699999999999999,0
358,1020.3,18.9,16.1,15.3,14.7,75.0,91.0,0.0,27.4,1,-0.12020804489935275,0.9927487224577402,0.9396926207859083,0.3420201433256688,1.4000000000000021,3.599999999999998,1
359,1023.8,21.4,18.2,17.2,15.5,76.0,48.0,7.7,14.2,1,-0.10310169744743544,0.9946708199115211,0.49999999999999994,0.8660254037844387,2.6999999999999993,4.199999999999999,0
360,1016.8,21.1,18.8,17.2,18.0,97.0,95.0,0.0,16.0,1,-0.0859647987374467,0.9962981749346077,0.6427876096865393,0.766044443118978,0.8000000000000007,3.900000000000002,1
361,1014.3,18.3,17.3,16.3,15.9,93.0,91.0,0.2,26.9,1,-0.06880242680232064,0.9976303053065857,0.766044443118978,0.6427876096865394,1.4000000000000004,2.0,0
362,1012.5,21.0,19.9,18.4,18.0,95.0,95.0,0.0,36.0,1,-0.05161966722325418,0.9986668162884759,0.8660254037844386,0.5000000000000001,1.8999999999999986,2.6000000000000014,1
363,1012.4,21.3,20.9,19.4,19.6,92.0,88.0,0.0,32.9,1,-0.034421611622745804,0.9994074007397048,0.766044443118978,0.6427876096865394,1.2999999999999972,1.9000000000000021,1
364,1022.2,17.6,16.5,15.7,13.8,76.0,97.0,0.0,29.8,1,-0.01721335615583528,0.9998518392091162,0.8660254037844386,0.5000000000000001,2.6999999999999993,1.9000000000000021,1
365,1013.0,21.0,19.3,17.9,17.3,94.0,88.0,0.1,42.0,1,6.432490598706546e-16,1.0,0.8660254037844386,0.5000000000000001,2.0,3.1000000000000014,0
1,1012.2,17.1,16.1,14.6,14.7,93.0,96.0,0.2,20.0,1,0.017213356155834685,0.9998518392091162,0.49999999999999994,0.8660254037844387,1.4000000000000021,2.5000000000000018,0
2,1013.4,21.3,20.3,19.7,16.9,96.0,93.0,0.0,37.0,1,0.03442161162274574,0.9994074007397048,0.766044443118978,0.6427876096865394,3.400000000000002,1.6000000000000014,1
3,1012.0,20.8,17.6,15.7,4.8,75.0,88.0,3.8,29.6,1,0.051619667223253764,0.998666816288476,0.6427876096865393,0.766044443118978,12.8,5.100000000000001,0
4,1022.9,16.2,13.3,11.6,12.1,84.0,80.0,0.4,59.5,1,0.06880242680231986,0.9976303053065857,0.3420201433256687,0.9396926207859084,1.200000000000001,4.6,0
5,1022.4,12.1,13.8,11.2,2.7,75.0,68.0,6.0,27.6,0,0.08596479873744647,0.9962981749346078,0.9396926207859083,0.3420201433256688,11.100000000000001,0.9000000000000004,0
6,1015.2,14.3,12.9,11.4,11.1,92.0,100.0,0.0,15.3,1,0.10310169744743485,0.9946708199115211,0.766044443118978,0.6427876096865394,1.8000000000000007,2.9000000000000004,1
7,1015.2,17.2,13.7,10.0,12.2,92.0,94.0,0.0,27.4,1,0.1202080448993527,0.9927487224577402,0.766044443118978,0.6427876096865394,1.5,7.199999999999999,1
8,1022.6,15.9,11.3,10.8,7.7,81.0,78.0,2.2,29.6,0,0.13727877211326478,0.9905324521322229,0.3420201433256687,0.9396926207859084,3.6000000000000005,5.1,0
9,1019.5,14.3,13.7,11.6,11.2,92.0,100.0,0.0,28.2,1,0.15430882066428117,0.9880226656636976,0.3420201433256687,0.9396926207859084,2.5,2.700000000000001,1
10,1022.5,14.4,12.4,10.8,12.6,59.0,87.0,0.1,25.9,1,0.1712931441814776,0.9852201067560606,0.9396926207859083,0.3420201433256688,-0.1999999999999993,3.5999999999999996,0
11,1025.6,16.7,12.9,9.6,11.3,75.0,84.0,1.3,30.2,1,0.1882267098432442,0.9821256058680006,0.8660254037844386,0.5000000000000001,1.5999999999999996,7.1,0
12,1021.3,15.5,12.9,10.3,10.0,77.0,96.0,0.0,24.4,1,0.2051044998686192,0.9787400799669153,0.6427876096865393,0.766044443118978,2.9000000000000004,5.199999999999999,1
13,1024.3,17.4,13.6,11.8,8.6,72.0,100.0,0.0,39.3,0,0.2219215130041655,0.9750645322571948,0.17364817766693033,0.984807753012208,5.0,5.599999999999998,1
14,1019.0,17.8,16.1,14.8,15.7,98.0,100.0,0.0,28.6,1,0.2386727660059501,0.9711000518829505,0.766044443118978,0.6427876096865394,0.40000000000000213,3.0,1
15,1022.2,16.5,13.1,11.5,9.7,52.0,60.0,5.3,13.6,0,0.255353295116187,0.9668478136052775,0.6427876096865393,0.766044443118978,3.4000000000000004,5.0,0
16,1021.2,15.3,12.6,11.6,10.9,91.0,80.0,2.2,19.8,1,0.2719581575341055,0.9623090774541486,0.6427876096865393,0.766044443118978,1.6999999999999993,3.700000000000001,0
17,1026.4,19.2,14.6,12.6,11.4,72.0,19.0,10.2,16.5,0,0.288482432880609,0.9574851883550393,0.3420201433256687,0.9396926207859084,3.1999999999999993,6.6,0
18,1023.2,17.6,13.7,9.4,11.0,79.0,88.0,0.0,20.4,1,0.30492122465628907,0.9523775757303974,0.3420201433256687,0.9396926207859084,2.6999999999999993,8.200000000000001,1
19,1034.6,11.2,10.4,7.0,3.4,77.0,95.0,0.0,16.0,1,0.3212696616923644,0.9469877530760753,0.6427876096865393,0.766044443118978,7.0,4.199999999999999,1
20,1025.3,12.9,8.3,7.5,4.4,47.0,23.0,8.8,31.8,0,0.3375228995941133,0.9413173175128471,0.17364817766693033,0.984807753012208,3.9000000000000004,5.4,0
21,1020.6,18.6,17.3,15.8,13.0,92.0,92.0,0.0,23.7,1,0.3536761221763716,0.9353679493131483,0.3420201433256687,0.9396926207859084,4.300000000000001,2.8000000000000007,1
22,1016.7,17.4,16.6,15.5,13.3,90.0,92.0,0.0,22.1,1,0.3697245428906731,0.9291414114031743,0.6427876096865393,0.766044443118978,3.3000000000000007,1.8999999999999986,1
23,1027.4,21.6,18.8,16.3,17.3,65.0,46.0,7.1,12.8,0,0.38566340624360707,0.9226395488404876,0.8660254037844386,0.5000000000000001,1.5,5.300000000000001,0
24,1015.0,21.6,20.4,20.4,17.4,95.0,88.0,0.5,20.8,1,0.401487989205973,0.9158642882672872,0.9396926207859083,0.3420201433256688,3.0,1.2000000000000028,0
25,1014.8,22.3,21.2,20.9,19.5,91.0,86.0,0.7,19.8,1,0.4171936026123168,0.9088176373395029,0.766044443118978,0.6427876096865394,1.6999999999999993,1.4000000000000021,0
26,1012.7,23.1,21.7,19.8,20.6,92.0,93.0,0.0,19.2,1,0.4327755925504312,0.901501684131884,-0.17364817766693047,-0.984807753012208,1.0999999999999979,3.3000000000000007,1
27,1019.8,24.7,22.2,20.6,20.8,89.0,86.0,1.6,15.3,1,0.4482293417404106,0.893918596519257,0.9396926207859084,-0.3420201433256687,1.3999999999999986,4.099999999999998,0
28,1019.8,24.3,22.5,20.1,15.3,65.0,49.0,6.7,27.6,0,0.4635502709028509,0.886070621534138,0.8660254037844386,0.5000000000000001,7.199999999999999,4.199999999999999,0
29,1017.8,24.9,20.9,19.6,18.9,82.0,83.0,2.2,17.5,0,0.47873384011578846,0.8779600847008882,0.766044443118978,0.6427876096865394,2.0,5.299999999999997,0
30,1014.9,21.3,20.5,20.1,19.3,90.0,93.0,0.0,40.4,1,0.4937755501599772,0.869589389346611,0.9396926207859083,0.3420201433256688,1.1999999999999993,1.1999999999999993,1
31,1014.8,21.4,19.3,17.1,17.2,91.0,80.0,0.6,23.5,1,0.5086709438521044,0.8609610158889943,0.3420201433256687,0.9396926207859084,2.1000000000000014,4.299999999999997,0
32,1017.8,23.1,22.4,20.8,20.6,79.0,81.0,0.0,29.8,1,0.5234156073655503,0.8520775211013093,0.766044443118978,0.6427876096865394,1.7999999999999972,2.3000000000000007,1
33,1022.6,19.6,16.6,14.7,8.3,79.0,95.0,0.2,28.8,1,0.5380051715382996,0.8429415373547828,0.984807753012208,0.17364817766693041,8.3,4.900000000000002,0
34,1013.7,22.3,23.0,21.0,20.4,91.0,84.0,0.0,37.0,1,0.5524353131676196,0.8335557718385699,0.984807753012208,0.17364817766693041,2.6000000000000014,1.3000000000000007,1
35,1024.1,20.5,17.4,15.4,2.3,77.0,43.0,10.2,15.1,0,0.5667017562911176,0.8239230057575542,0.6427876096865393,0.766044443118978,15.099999999999998,5.1,0
36,1013.0,21.3,19.9,17.2,19.6,90.0,84.0,0.2,25.9,1,0.5808002734538009,0.8140460935082178,0.9396926207859083,0.3420201433256688,0.29999999999999716,4.100000000000001,0
37,1017.3,24.9,21.6,20.0,18.0,85.0,88.0,0.4,40.4,1,0.5947266869607634,0.8039279618328213,0.6427876096865393,0.766044443118978,3.6000000000000014,4.899999999999999,0
38,1013.0,24.5,22.8,20.9,20.3,86.0,92.0,0.0,15.7,1,0.6084768701151261,0.7935716089521474,0.9396926207859083,0.3420201433256688,2.5,3.6000000000000014,1
39,1015.3,21.9,20.2,19.4,17.8,78.0,83.0,0.0,20.0,0,0.6220467484408675,0.7829801036770628,0.6427876096865393,0.766044443118978,2.3999999999999986,2.5,1
40,1013.3,21.4,20.8,19.2,18.8,88.0,88.0,0.3,13.6,1,0.6354323008901774,0.7721565844991642,0.6427876096865393,0.766044443118978,2.0,2.1999999999999993,0
41,1020.8,19.6,17.3,15.7,10.5,87.0,88.0,2.4,40.8,1,0.6486295610349814,0.7611042586607747,0.49999999999999994,0.8660254037844387,6.800000000000001,3.900000000000002,0
42,1020.6,20.6,18.7,16.4,12.9,70.0,88.0,2.5,23.7,1,0.6616346182422783,0.7498264012045686,0.3420201433256687,0.9396926207859084,5.799999999999999,4.200000000000003,0
43,1021.2,24.7,18.9,15.6,9.6,77.0,46.0,8.5,41.3,0,0.6744436188329455,0.7383263540031065,0.3420201433256687,0.9396926207859084,9.299999999999999,9.1,0
44,1022.5,18.6,14.8,12.7,8.0,79.0,94.0,0.0,23.4,1,0.6870527672236669,0.7266075247685656,0.3420201433256687,0.9396926207859084,6.800000000000001,5.900000000000002,1
45,1016.9,15.9,13.4,11.6,11.2,85.0,89.0,0.0,38.3,1,0.6994583270516471,0.7146733860429609,-0.5000000000000001,-0.8660254037844386,2.200000000000001,4.300000000000001,1
46,1022.5,19.9,18.2,17.2,14.8,78.0,84.0,0.0,42.0,1,0.7116566222817746,0.7025274741691571,0.49999999999999994,0.8660254037844387,3.3999999999999986,2.6999999999999993,1
47,1019.9,21.5,19.1,18.2,18.6,81.0,81.0,1.1,7.9,1,0.7236440382959124,0.6901733882429719,0.766044443118978,0.6427876096865394,0.5,3.3000000000000007,0
48,1013.7,20.4,18.4,17.2,18.0,92.0,95.0,0.0,14.2,1,0.7354170229639855,0.6776147890466889,0.6427876096865393,0.766044443118978,0.3999999999999986,3.1999999999999993,1
49,1015.4,20.9,18.6,16.8,16.8,81.0,85.0,2.2,11.7,1,0.7469720876965552,0.6648553979642865,0.9396926207859083,0.3420201433256688,1.8000000000000007,4.099999999999998,0
50,1018.7,23.3,20.2,19.2,19.4,78.0,89.0,3.6,16.7,0,0.7583058084785624,0.6518989958787126,1.0,6.123233995736766e-17,0.8000000000000007,4.100000000000001,0
51,1017.1,15.2,13.6,11.7,10.0,90.0,100.0,0.0,27.4,1,0.7694148268839378,0.6387494220515272,0.766044443118978,0.6427876096865394,3.5999999999999996,3.5,1
52,1017.6,18.9,17.1,15.6,13.3,95.0,96.0,0.0,24.2,1,0.7802958510707755,0.6254105729852463,0.766044443118978,0.6427876096865394,3.8000000000000007,3.299999999999999,1
53,1016.0,21.2,19.9,17.1,16.3,93.0,96.0,0.0,28.9,1,0.7909456567567772,0.6118864012687243,0.766044443118978,0.6427876096865394,3.599999999999998,4.099999999999998,1
54,1017.8,17.4,16.6,14.8,15.5,95.0,100.0,0.0,23.3,1,0.8013610881746766,0.5981809144059164,0.766044443118978,0.6427876096865394,1.1000000000000014,2.599999999999998,1
55,1017.1,16.6,16.5,15.9,15.9,95.0,96.0,0.0,20.5,1,0.811539059007361,0.5842981736283684,0.6427876096865393,0.766044443118978,0.5999999999999996,0.7000000000000011,1
56,1016.8,16.6,15.3,14.9,13.7,97.0,96.0,0.0,34.8,1,0.8214765533024142,0.5702422926917871,0.766044443118978,0.6427876096865394,1.6000000000000014,1.700000000000001,1
57,1012.2,20.4,18.6,17.1,16.6,84.0,83.0,0.4,15.8,1,0.8311706263658079,0.5560174366570446,0.984807753012208,-0.1736481776669303,2.0,3.299999999999997,0
58,1012.0,25.2,22.2,18.4,17.8,81.0,83.0,0.7,23.7,1,0.8406184056344782,0.5416278206559814,0.49999999999999994,0.8660254037844387,4.399999999999999,6.800000000000001,0
59,1014.6,16.8,15.5,14.6,15.5,97.0,100.0,0.0,20.9,1,0.8498170915275278,0.5270777086423722,0.6427876096865393,0.766044443118978,0.0,2.200000000000001,1
60,1018.1,25.9,21.5,19.8,19.6,79.0,51.0,7.9,8.3,0,0.8587639582758029,0.5123714121284237,0.766044443118978,0.6427876096865394,1.8999999999999986,6.099999999999998,0
61,1014.6,25.4,21.6,19.4,17.2,81.0,81.0,4.7,20.2,1,0.8674563547295968,0.49751328890718066,0.984807753012208,0.17364817766693041,4.400000000000002,6.0,0
62,1019.2,17.3,16.6,15.3,15.1,95.0,95.0,0.1,21.6,1,0.8758917051442429,0.48250774176121847,0.766044443118978,0.6427876096865394,1.5000000000000018,2.0,0
63,1019.7,16.5,15.0,12.9,15.5,98.0,100.0,0.0,40.8,1,0.8840675099433636,0.4673592171580022,0.984807753012208,0.17364817766693041,-0.5,3.5999999999999996,1
64,1017.3,25.1,21.6,19.8,19.6,80.0,91.0,0.0,41.4,1,0.8919813464595485,0.45207220393230435,0.984807753012208,0.17364817766693041,2.0,5.300000000000001,1
65,1014.8,16.7,15.5,14.4,12.2,93.0,100.0,0.0,30.2,1,0.8996308696522433,0.43665123195606403,0.9396926207859083,0.3420201433256688,3.3000000000000007,2.299999999999999,1
66,1021.2,20.8,18.4,15.3,9.8,61.0,19.0,10.6,14.8,0,0.9070138128026359,0.4211008707960896,0.6427876096865393,0.766044443118978,8.599999999999998,5.5,0
67,1015.2,20.9,19.3,17.2,16.8,86.0,80.0,2.4,22.5,1,0.9141279881853337,0.40542572835999735,0.766044443118978,0.6427876096865394,2.5,3.6999999999999993,0
68,1017.1,15.3,13.7,11.5,12.1,96.0,99.0,0.0,22.0,1,0.9209712877166346,0.38963044953078796,0.6427876096865393,0.766044443118978,1.5999999999999996,3.8000000000000007,1
69,1022.5,18.7,16.6,14.4,12.1,74.0,40.0,9.1,16.4,0,0.9275416835791966,0.37371971479046906,0.6427876096865393,0.766044443118978,4.500000000000002,4.299999999999999,0
70,1021.4,21.6,20.8,19.1,19.8,93.0,92.0,0.0,4.5,1,0.9338372288229252,0.35769823883312546,0.6427876096865393,0.766044443118978,1.0,2.5,1
71,1020.6,20.3,18.9,17.6,15.9,74.0,49.0,9.5,9.2,0,0.9398560579418954,0.3415707691678556,0.6427876096865393,0.766044443118978,2.9999999999999982,2.6999999999999993,0
72,1014.6,23.8,21.5,19.2,18.9,86.0,87.0,0.4,8.3,0,0.9455963874271426,0.3253420847119801,0.6427876096865393,0.766044443118978,2.6000000000000014,4.600000000000001,0
73,1016.0,25.3,22.9,20.4,18.7,75.0,51.0,9.5,41.4,0,0.9510565162951535,0.30901699437494745,0.9396926207859083,0.3420201433256688,4.199999999999999,4.900000000000002,0
74,1012.5,26.1,23.1,20.1,21.4,91.0,88.0,1.0,12.4,1,0.9562348265919056,0.29260033563334836,0.766044443118978,0.6427876096865394,1.7000000000000028,6.0,0
75,1017.5,20.6,19.5,18.6,18.6,87.0,75.0,3.9,20.0,0,0.9611297838723007,0.27609697309746883,0.49999999999999994,0.8660254037844387,0.8999999999999986,2.0,0
76,1013.0,26.8,23.1,21.5,19.4,87.0,83.0,0.5,7.9,1,0.9657399376548549,0.2595117970697999,0.6427876096865393,0.766044443118978,3.700000000000003,5.300000000000001,0
77,1013.0,25.8,23.5,21.6,20.6,82.0,81.0,0.2,16.7,1,0.9700639218515071,0.2428497220959356,0.984807753012208,0.17364817766693041,2.8999999999999986,4.199999999999999,0
78,1017.8,26.9,23.3,23.0,22.0,98.0,88.0,0.3,19.8,1,0.9741004551724205,0.22611568550828828,0.8660254037844387,-0.4999999999999998,1.3000000000000007,3.8999999999999986,0
79,1013.4,27.8,24.4,23.1,22.1,87.0,88.0,1.6,13.0,1,0.9778483415056568,0.20931464596304847,0.6427876096865393,0.766044443118978,2.299999999999997,4.699999999999999,0
80,1011.4,25.9,22.4,19.7,17.8,89.0,85.0,0.6,22.3,1,0.9813064702716093,0.19245158197082998,0.984807753012208,-0.1736481776669303,4.599999999999998,6.199999999999999,0
81,1011.1,24.9,22.3,20.4,18.0,91.0,86.0,0.1,18.6,1,0.9844738167520922,0.1755314904214282,0.6427876096865393,0.766044443118978,4.300000000000001,4.5,0
82,1010.4,21.2,20.9,19.9,19.7,86.0,88.0,0.2,22.3,1,0.9873494423939864,0.15855938510313478,0.9396926207859083,0.3420201433256688,1.1999999999999993,1.3000000000000007,0
83,1006.5,21.3,18.4,16.1,14.3,86.0,81.0,2.9,29.8,1,0.989932495087353,0.141540295217043,0.8660254037844386,0.5000000000000001,4.099999999999998,5.199999999999999,0
84,1016.2,26.8,24.1,23.6,22.8,89.0,89.0,2.5,29.8,1,0.9922222094179323,0.12447926388678915,0.9396926207859083,0.3420201433256688,1.3000000000000007,3.1999999999999993,0
85,1014.4,26.7,25.4,24.4,23.0,82.0,20.0,10.0,13.0,0,0.994217906893952,0.10738134666416309,0.9396926207859083,0.3420201433256688,2.3999999999999986,2.3000000000000007,0
86,1008.9,20.1,19.6,17.4,19.8,95.0,87.0,0.6,16.1,1,0.995918996147179,0.09025161003104117,0.9396926207859083,0.3420201433256688,-0.1999999999999993,2.700000000000003,0
87,1011.5,21.7,18.9,16.3,19.4,83.0,88.0,0.3,28.4,1,0.9973249731081555,0.07309512989807777,0.984807753012208,0.17364817766693041,-0.5,5.399999999999999,0
88,1014.6,27.7,25.5,24.0,22.4,94.0,85.0,3.4,20.2,1,0.9984354211555643,0.055916990100603484,0.984807753012208,0.17364817766693041,3.1000000000000014,3.6999999999999993,0
89,1011.2,25.9,23.1,20.6,20.9,86.0,82.0,1.0,34.0,1,0.9992500112396835,0.03872228089217446,0.9396926207859083,0.3420201433256688,2.200000000000003,5.299999999999997,0
90,1013.9,24.6,23.1,22.3,20.9,93.0,85.0,0.1,20.0,1,0.9997685019798909,0.021516097436222254,0.6427876096865393,0.766044443118978,2.200000000000003,2.3000000000000007,0
91,1012.5,28.4,25.5,23.1,22.9,93.0,88.0,0.4,21.6,1,0.9999907397361901,0.004303538296244289,0.49999999999999994,0.8660254037844387,2.6000000000000014,5.299999999999997,0
92,1011.4,25.3,23.1,22.3,19.6,90.0,83.0,0.1,21.5,1,0.9999166586547379,-0.01291029607500882,0.984807753012208,0.17364817766693041,3.5,3.0,0
93,1013.2,27.8,25.7,23.2,23.4,90.0,88.0,1.2,20.4,1,0.9995462806873573,-0.030120304846908114,-0.17364817766693047,-0.984807753012208,2.3000000000000007,4.600000000000001,0
94,1013.0,27.6,25.9,23.7,22.2,87.0,88.0,0.2,14.5,1,0.9988797155850336,-0.04732138832243185,0.6427876096865393,0.766044443118978,3.6999999999999993,3.900000000000002,0
95,1012.5,23.1,22.2,20.4,19.9,91.0,88.0,0.0,24.4,1,0.9979171608653922,-0.06450844944931623,0.6427876096865393,0.766044443118978,2.3000000000000007,2.700000000000003,1
96,1008.7,28.3,25.8,24.8,24.5,89.0,89.0,1.1,14.8,1,0.9966589017541702,-0.08167639533042241,0.984807753012208,0.17364817766693041,1.3000000000000007,3.5,0
97,1012.4,28.9,25.5,24.1,23.2,96.0,88.0,1.6,25.1,1,0.9951053111006976,-0.09882013873287143,0.984807753012208,0.17364817766693041,2.3000000000000007,4.799999999999997,0
98,1008.4,29.0,26.5,25.1,24.1,91.0,85.0,0.2,14.8,1,0.9932568492674143,-0.11593459959550041,0.984807753012208,0.17364817766693041,2.3999999999999986,3.8999999999999986,0
99,1016.5,28.8,26.5,24.5,23.1,79.0,83.0,2.6,20.4,1,0.9911140639934547,-0.1330147065341959,-0.7660444431189779,-0.6427876096865395,3.3999999999999986,4.300000000000001,0
100,1017.4,28.7,25.8,24.8,23.9,81.0,80.0,1.2,20.0,1,0.9886775902323405,-0.1500553983446526,0.9396926207859083,0.3420201433256688,1.9000000000000021,3.8999999999999986,0
101,1012.5,28.7,25.8,24.0,22.0,76.0,81.0,3.9,12.8,1,0.9859481499638304,-0.16705162550211924,0.984807753012208,0.17364817766693041,3.8000000000000007,4.699999999999999,0
102,1014.7,26.8,24.4,23.8,22.3,91.0,77.0,1.1,21.9,1,0.9829265519799822,-0.18399835165768005,0.49999999999999994,0.8660254037844387,2.099999999999998,3.0,0
103,1012.4,26.2,25.5,24.0,21.4,82.0,85.0,2.2,33.0,1,0.9796136916454901,-0.20089055513063506,0.984807753012208,0.17364817766693041,4.100000000000001,2.1999999999999993,0
104,1014.4,25.6,21.4,20.5,19.0,80.0,88.0,3.3,28.8,1,0.9760105506323683,-0.21772323039653177,0.984807753012208,0.17364817766693041,2.3999999999999986,5.100000000000001,0
105,1008.4,29.1,27.1,25.0,25.1,92.0,88.0,0.6,13.0,1,0.9721181966290613,-0.23449138957040985,-0.7660444431189779,-0.6427876096865395,2.0,4.100000000000001,0
106,1008.3,30.8,27.9,26.4,25.2,93.0,88.0,0.7,21.6,1,0.9679377830240642,-0.25119006388481935,0.766044443118978,-0.6427876096865394,2.6999999999999993,4.400000000000002,0
107,1009.5,29.6,27.9,25.3,24.7,83.0,88.0,3.5,16.9,1,0.9634705485641488,-0.2678143051621742,1.2246467991473532e-16,-1.0,3.1999999999999993,4.300000000000001,0
108,1008.6,31.2,28.2,26.3,24.2,80.0,83.0,2.1,28.7,1,0.9587178169872964,-0.2843591872810034,0.984807753012208,0.17364817766693041,4.0,4.899999999999999,0
109,1008.4,29.1,26.9,25.0,25.3,85.0,82.0,2.2,9.5,1,0.9536809966304457,-0.30081980763566735,0.6427876096865393,0.766044443118978,1.5999999999999979,4.100000000000001,0
110,1008.1,31.0,28.4,26.3,25.0,85.0,88.0,0.3,15.3,1,0.9483615800121715,-0.3171912885891061,-0.6427876096865393,-0.766044443118978,3.3999999999999986,4.699999999999999,0
111,1011.7,29.9,26.2,25.3,21.3,88.0,81.0,6.8,15.9,1,0.9427611433904207,-0.3334687789181868,-0.984807753012208,-0.17364817766693033,4.899999999999999,4.599999999999998,0
112,1008.8,28.2,25.2,24.7,22.4,83.0,79.0,3.3,13.9,1,0.9368813462954315,-0.3496474552512284,0.984807753012208,0.17364817766693041,2.8000000000000007,3.5,0
113,1008.3,28.4,26.6,25.4,24.7,84.0,88.0,1.0,15.4,1,0.9307239310379795,-0.36572252349726897,-0.17364817766693047,-0.984807753012208,1.9000000000000021,3.0,0
114,1012.4,30.4,26.1,24.4,22.1,81.0,88.0,2.5,14.3,1,0.9242907221930934,-0.3816892202666588,0.766044443118978,0.6427876096865394,4.0,6.0,0
115,1012.2,26.5,24.9,21.1,19.5,79.0,79.0,6.6,18.2,1,0.9175836260593937,-0.39754281428255595,1.0,6.123233995736766e-17,5.399999999999999,5.399999999999999,0
116,1013.3,29.4,25.8,23.1,22.9,86.0,88.0,0.3,10.2,1,0.9106046300942163,-0.4132786077829042,0.3420201433256687,0.9396926207859084,2.900000000000002,6.299999999999997,0
117,1012.0,26.5,24.4,23.3,22.2,90.0,88.0,0.6,37.5,1,0.9033558023246845,-0.4288919379124835,0.984807753012208,0.17364817766693041,2.1999999999999993,3.1999999999999993,0
118,1011.6,26.7,24.8,23.3,22.5,89.0,86.0,1.9,37.7,1,0.895839290734909,-0.4443781781046132,0.766044443118978,0.6427876096865394,2.3000000000000007,3.3999999999999986,0
119,1012.0,27.8,25.5,23.9,23.2,89.0,85.0,4.6,25.1,1,0.8880573226294932,-0.45973273945210397,0.9396926207859083,0.3420201433256688,2.3000000000000007,3.900000000000002,0
120,1007.8,30.1,27.6,26.8,25.0,82.0,79.0,6.9,25.1,1,0.8800122039735357,-0.47495107206704995,-0.6427876096865393,-0.766044443118978,2.6000000000000014,3.3000000000000007,0
121,1012.4,26.4,24.9,24.5,22.5,93.0,88.0,0.6,28.4,1,0.8717063187093219,-0.49002866642905923,-0.7660444431189779,-0.6427876096865395,2.3999999999999986,1.8999999999999986,0
122,1012.7,27.6,25.3,23.2,21.9,92.0,88.0,0.2,15.9,1,0.8631421280499114,-0.5049610547215204,1.0,6.123233995736766e-17,3.400000000000002,4.400000000000002,0
123,1007.9,29.6,26.8,25.8,24.8,86.0,88.0,0.2,34.3,1,0.854322169749827,-0.5197438121555155,-0.6427876096865393,-0.766044443118978,2.0,3.8000000000000007,0
124,1013.3,26.5,24.9,24.0,21.2,94.0,88.0,1.0,28.6,1,0.8452490573530633,-0.5343725582809786,0.6427876096865393,0.766044443118978,3.6999999999999993,2.5,0
125,1011.0,31.0,28.2,26.1,23.8,93.0,74.0,2.0,28.4,1,0.8359254794186372,-0.548842958284719,0.42261826174069944,0.9063077870366499,4.399999999999999,4.899999999999999,0
126,1011.4,26.4,24.8,23.3,21.9,90.0,88.0,0.1,16.7,1,0.8263541987239096,-0.5631507242749186,0.984807753012208,0.17364817766693041,2.900000000000002,3.099999999999998,0
127,1008.6,28.2,25.4,24.0,22.0,87.0,82.0,3.8,22.0,1,0.8165380514459161,-0.5772916165517272,1.0,6.123233995736766e-17,3.3999999999999986,4.199999999999999,0
128,1013.0,29.2,26.1,24.8,25.6,84.0,83.0,2.4,26.8,1,0.8064799463209448,-0.5912614448635781,-0.6427876096865393,-0.766044443118978,0.5,4.399999999999999,0
129,1007.1,30.4,27.8,24.1,25.7,87.0,88.0,0.9,13.2,1,0.7961828637826158,-0.6050560696488488,-0.7660444431189779,-0.6427876096865395,2.1000000000000014,6.299999999999997,0
130,1008.9,27.6,26.9,24.3,25.8,85.0,87.0,0.3,12.1,1,0.7856498550787147,-0.6186714032625031,0.984807753012208,0.17364817766693041,1.0999999999999979,3.3000000000000007,0
131,1008.9,29.7,27.8,26.9,25.9,87.0,81.0,1.6,9.8,1,0.7748840413670407,-0.6321034111873487,-0.17364817766693047,-0.984807753012208,1.9000000000000021,2.8000000000000007,0
132,1012.3,32.6,26.3,23.9,24.7,90.0,88.0,1.0,25.9,1,0.7638886127905428,-0.6453481132295501,0.984807753012208,0.17364817766693041,1.6000000000000014,8.700000000000003,0
133,1007.9,31.0,29.1,26.6,25.0,78.0,88.0,6.8,22.0,1,0.7526668275320084,-0.6584015846980488,-0.6427876096865393,-0.766044443118978,4.100000000000001,4.399999999999999,0
134,1011.6,31.6,28.4,26.4,26.4,78.0,69.0,7.4,8.3,0,0.741222010848596,-0.6712599575675313,-0.6427876096865393,-0.766044443118978,2.0,5.200000000000003,0
135,1006.5,33.3,29.0,27.8,26.0,79.0,72.0,8.5,30.2,1,0.7295575540864875,-0.6839194216246106,-0.7660444431189779,-0.6427876096865395,3.0,5.4999999999999964,0
136,1008.2,33.3,30.2,28.7,25.4,82.0,59.0,9.8,15.2,1,0.717676913675962,-0.6963762255968722,-0.7660444431189779,-0.6427876096865395,4.800000000000001,4.599999999999998,0
137,1007.8,32.9,29.0,27.8,26.4,81.0,78.0,8.8,17.2,1,0.705583610107178,-0.7086266782644596,-0.6427876096865393,-0.766044443118978,2.6000000000000014,5.099999999999998,0
138,1007.5,30.9,28.1,27.3,26.3,85.0,88.0,0.4,18.0,1,0.6932812268869777,-0.7206671495538609,0.17364817766693028,-0.984807753012208,1.8000000000000007,3.599999999999998,0
139,1008.8,31.9,28.6,26.4,25.2,89.0,88.0,0.7,24.2,1,0.6807734094770161,-0.7324940716135789,-0.6427876096865393,-0.766044443118978,3.400000000000002,5.5,0
140,1008.4,33.5,26.7,24.8,23.2,70.0,49.0,11.5,12.8,0,0.6680638642135335,-0.7441039398713607,0.9396926207859083,0.3420201433256688,3.5,8.7,0
141,1006.1,32.7,29.4,27.6,26.7,88.0,84.0,2.3,31.9,1,0.6551563572090853,-0.7554933140726803,-0.7660444431189779,-0.6427876096865395,2.6999999999999993,5.100000000000001,0
142,1009.3,29.0,26.7,24.7,22.3,72.0,40.0,8.8,6.9,0,0.6420547132365637,-0.766658819300159,0.17364817766693033,0.984807753012208,4.399999999999999,4.300000000000001,0
143,1008.9,32.3,30.3,27.1,25.4,78.0,54.0,10.4,23.2,0,0.6287628145958344,-0.777597146973627,-0.6427876096865393,-0.766044443118978,4.900000000000002,5.199999999999996,0
144,1008.6,33.0,30.1,28.4,24.1,78.0,46.0,11.5,20.5,0,0.6152845999633276,-0.7883050558305255,0.17364817766693028,-0.984807753012208,6.0,4.600000000000001,0
145,1004.8,31.1,28.6,26.9,25.8,89.0,88.0,0.3,30.5,1,0.6016240632249226,-0.7987793728863649,-0.7660444431189779,-0.6427876096865395,2.8000000000000007,4.200000000000003,0
146,1008.4,33.1,30.1,27.0,24.4,78.0,29.0,10.5,23.9,0,0.5877852522924732,-0.8090169943749473,-0.34202014332566866,-0.9396926207859084,5.700000000000003,6.100000000000001,0
147,1004.2,31.8,28.2,26.1,24.8,84.0,74.0,6.7,11.2,1,0.5737722679043246,-0.8190148866680801,-0.6427876096865393,-0.766044443118978,3.3999999999999986,5.699999999999999,0
148,1008.9,29.6,27.2,25.8,25.4,70.0,78.0,4.1,9.1,1,0.5595892624101765,-0.8287700871745038,-0.9396926207859082,-0.3420201433256694,1.8000000000000007,3.8000000000000007,0
149,1009.9,30.8,28.2,24.5,26.7,86.0,88.0,1.5,17.2,1,0.545240438540651,-0.8382797052177744,-0.6427876096865393,-0.766044443118978,1.5,6.300000000000001,0
150,1009.8,32.1,29.0,28.7,25.4,79.0,70.0,8.7,43.8,0,0.5307300481619334,-0.8475409228928311,-0.7660444431189779,-0.6427876096865395,3.6000000000000014,3.400000000000002,0
151,1008.6,34.0,30.3,27.8,24.3,74.0,25.0,10.5,9.1,0,0.5160623910158528,-0.8565509959010036,-0.9396926207859082,-0.3420201433256694,6.0,6.199999999999999,0
152,1008.4,33.0,30.6,28.2,25.6,81.0,60.0,7.8,43.8,1,0.5012418134457758,-0.865307254363206,0.17364817766693033,0.984807753012208,5.0,4.800000000000001,0
153,1009.8,32.0,29.8,28.5,25.3,76.0,20.0,10.2,35.3,0,0.48627270710869,-0.8738071036110808,-0.6427876096865393,-0.766044443118978,4.5,3.5,0
154,1007.8,34.0,30.1,28.1,25.9,78.0,55.0,10.2,9.1,1,0.4711595076738638,-0.8820480249558537,-0.34202014332566866,-0.9396926207859084,4.200000000000003,5.899999999999999,0
155,1008.5,32.0,30.2,28.1,26.3,75.0,40.0,9.0,16.2,0,0.4559066935084588,-0.8900275764346767,-1.0,-1.8369701987210297e-16,3.8999999999999986,3.8999999999999986,0
156,1006.3,28.4,27.9,26.2,25.4,90.0,83.0,0.0,20.0,1,0.440518784350495,-0.8977433935342337,-0.7660444431189779,-0.6427876096865395,2.5,2.1999999999999993,1
157,1009.6,31.9,30.2,28.7,25.0,93.0,80.0,0.4,39.7,1,0.42500033996955416,-0.9051931898913974,-0.17364817766693047,-0.984807753012208,5.199999999999999,3.1999999999999993,0
158,1006.5,33.8,30.0,27.4,23.1,80.0,49.0,11.2,26.1,0,0.4093559588156213,-0.9123747579707273,0.3420201433256687,0.9396926207859084,6.899999999999999,6.399999999999999,0
159,1009.8,30.0,27.9,26.4,26.7,87.0,83.0,2.6,38.0,1,0.39359027665646673,-0.9192859697186104,-0.6427876096865393,-0.766044443118978,1.1999999999999993,3.6000000000000014,0
160,1005.7,33.0,30.0,28.4,25.9,80.0,88.0,1.0,12.8,1,0.3777079652039649,-0.9259247771938498,-0.6427876096865393,-0.766044443118978,4.100000000000001,4.600000000000001,0
161,1005.1,33.3,30.5,28.0,26.0,86.0,84.0,4.6,21.9,1,0.36171373072976765,-0.9322892131745133,-0.6427876096865393,-0.766044443118978,4.5,5.299999999999997,0
162,1008.1,33.3,30.6,27.8,24.8,78.0,68.0,9.6,11.0,1,0.3456123126707335,-0.9383773917408641,-0.6427876096865393,-0.766044443118978,5.800000000000001,5.4999999999999964,0
163,1006.8,35.4,31.0,27.0,26.4,78.0,53.0,7.8,14.3,1,0.3294084822245304,-0.9441875088341993,-0.7660444431189779,-0.6427876096865395,4.600000000000001,8.399999999999999,0
164,1007.9,33.2,30.8,28.1,24.8,79.0,60.0,9.7,22.6,0,0.3131070409358269,-0.9497178427914316,0.984807753012208,0.17364817766693041,6.0,5.100000000000001,0
165,1007.9,35.3,31.0,28.0,26.0,72.0,28.0,10.1,24.9,0,0.29671281927349075,-0.9549667548552551,-0.6427876096865393,-0.766044443118978,5.0,7.299999999999997,0
166,1008.1,32.2,29.1,26.1,26.1,80.0,72.0,7.8,18.4,1,0.2802306751992159,-0.9599326896597447,-0.7660444431189779,-0.6427876096865395,3.0,6.100000000000001,0
167,1008.5,32.3,29.6,27.4,25.0,76.0,74.0,6.6,20.0,1,0.26366549272800704,-0.9646141756912435,-0.6427876096865393,-0.766044443118978,4.600000000000001,4.899999999999999,0
168,1008.3,32.4,29.9,28.0,24.7,75.0,48.0,10.0,11.3,0,0.24702218048093552,-0.9690098257244062,-0.8660254037844384,-0.5000000000000004,5.199999999999999,4.399999999999999,0
169,1005.4,30.6,27.5,26.4,25.9,89.0,88.0,2.3,15.2,1,0.23030567023061221,-0.9731183372332619,-0.8660254037844384,-0.5000000000000004,1.6000000000000014,4.200000000000003,0
170,1003.2,32.4,29.4,27.6,26.2,79.0,84.0,6.2,9.6,1,0.21352091543979612,-0.9769384927771817,-0.7660444431189779,-0.6427876096865395,3.1999999999999993,4.799999999999997,0
171,1008.0,32.9,30.1,29.0,25.9,74.0,30.0,8.6,22.5,1,0.19667288979357647,-0.980469160361632,-0.8660254037844384,-0.5000000000000004,4.200000000000003,3.8999999999999986,0
172,1000.2,33.6,30.5,28.2,26.3,78.0,61.0,9.0,13.6,0,0.1797665857255624,-0.9837092937736097,0.984807753012208,0.17364817766693041,4.199999999999999,5.400000000000002,0
173,1008.1,31.0,28.6,27.8,26.2,92.0,86.0,0.3,12.5,1,0.16280701293851715,-0.986657932891657,0.3420201433256689,-0.9396926207859083,2.400000000000002,3.1999999999999993,0
174,1008.1,33.8,30.6,27.2,25.2,84.0,85.0,2.0,12.8,1,0.1457991969198751,-0.9893142039703663,-0.17364817766693047,-0.984807753012208,5.400000000000002,6.599999999999998,0
175,1008.9,32.3,29.0,27.0,26.0,86.0,88.0,1.0,19.7,1,0.12874817745258132,-0.99167731989929,-0.7660444431189779,-0.6427876096865395,3.0,5.299999999999997,0
176,1008.6,32.2,29.0,26.4,25.3,82.0,79.0,1.4,13.3,1,0.11165900712169512,-0.993746580436178,-0.6427876096865393,-0.766044443118978,3.6999999999999993,5.800000000000004,0
177,1008.1,30.6,28.2,24.8,25.8,89.0,85.0,0.3,17.3,1,0.09453674981719912,-0.9955213724144752,-0.17364817766693047,-0.984807753012208,2.3999999999999986,5.800000000000001,0
178,1008.9,31.6,29.1,27.2,25.2,88.0,88.0,0.3,15.8,1,0.07738647923346301,-0.9970011699250151,-0.6427876096865393,-0.766044443118978,3.900000000000002,4.400000000000002,0
179,1009.9,33.0,30.4,29.0,26.0,82.0,67.0,7.7,30.2,1,0.06021327736579302,-0.9981855344718586,-0.7660444431189779,-0.6427876096865395,4.399999999999999,4.0,0
180,1007.2,30.9,28.9,26.4,25.9,85.0,85.0,1.0,11.8,1,0.04302223300453059,-0.99907411510223,-0.6427876096865393,-0.766044443118978,3.0,4.5,0
181,1009.5,30.9,28.0,26.1,25.7,86.0,84.0,1.7,11.8,1,0.02581844022713308,-0.9996666485105112,-0.9396926207859082,-0.3420201433256694,2.3000000000000007,4.799999999999997,0
182,1008.5,33.3,30.2,26.8,25.1,77.0,72.0,10.4,14.8,1,0.008606996888688698,-0.9999629591162655,-0.6427876096865393,-0.766044443118978,5.099999999999998,6.4999999999999964,0
183,1008.1,33.3,30.0,28.4,26.0,79.0,84.0,3.5,27.3,1,-0.008606996888688009,-0.9999629591162655,-0.6427876096865393,-0.766044443118978,4.0,4.899999999999999,0
184,1007.8,31.2,29.4,28.2,25.8,84.0,87.0,0.3,14.2,1,-0.02581844022713239,-0.9996666485105112,-0.8660254037844384,-0.5000000000000004,3.599999999999998,3.0,0
185,1008.0,32.0,29.7,28.4,24.9,72.0,70.0,9.1,12.5,1,-0.04302223300453034,-0.99907411510223,-0.7660444431189779,-0.6427876096865395,4.800000000000001,3.6000000000000014,0
186,1010.3,33.2,29.0,26.5,24.8,77.0,55.0,10.0,14.6,1,-0.060213277365792774,-0.9981855344718586,-1.0,-1.8369701987210297e-16,4.199999999999999,6.700000000000003,0
187,1008.6,31.3,29.0,27.0,25.4,84.0,83.0,3.2,8.9,1,-0.07738647923346322,-0.9970011699250151,-0.7660444431189779,-0.6427876096865395,3.6000000000000014,4.300000000000001,0
188,1007.8,32.4,30.0,27.9,26.3,75.0,67.0,10.1,14.5,1,-0.09453674981719933,-0.9955213724144752,-0.6427876096865393,-0.766044443118978,3.6999999999999993,4.5,0
189,1008.5,32.8,29.2,26.4,25.4,84.0,83.0,8.1,15.4,0,-0.11165900712169444,-0.9937465804361781,-0.7660444431189779,-0.6427876096865395,3.8000000000000007,6.399999999999999,0
190,1005.9,34.0,30.6,28.4,25.8,78.0,73.0,10.7,12.7,0,-0.12874817745258066,-0.99167731989929,-0.5000000000000001,-0.8660254037844386,4.800000000000001,5.600000000000001,0
191,1009.1,32.9,30.1,28.1,25.7,79.0,72.0,6.0,9.5,1,-0.14579919691987442,-0.9893142039703664,-0.34202014332566866,-0.9396926207859084,4.400000000000002,4.799999999999997,0
192,1007.7,31.8,28.2,26.6,24.8,81.0,88.0,1.3,12.8,1,-0.16280701293851646,-0.9866579328916572,0.766044443118978,0.6427876096865394,3.3999999999999986,5.199999999999999,0
193,1008.2,33.3,30.6,27.6,25.3,77.0,79.0,10.2,20.0,0,-0.17976658572556214,-0.9837092937736098,-0.7660444431189779,-0.6427876096865395,5.300000000000001,5.699999999999996,0
194,1008.5,33.7,30.2,28.7,24.6,72.0,44.0,6.0,13.9,0,-0.19667288979357622,-0.9804691603616321,-0.7660444431189779,-0.6427876096865395,5.599999999999998,5.0000000000000036,0
195,1008.1,33.4,30.8,28.0,25.3,74.0,29.0,9.1,14.2,0,-0.2135209154397959,-0.9769384927771817,-0.8660254037844384,-0.5000000000000004,5.5,5.399999999999999,0
196,1008.9,32.8,30.1,28.9,24.3,78.0,21.0,11.1,11.1,0,-0.23030567023061196,-0.973118337233262,-0.5000000000000001,-0.8660254037844386,5.800000000000001,3.8999999999999986,0
197,1009.3,33.2,30.4,28.4,24.3,75.0,53.0,10.0,10.3,0,-0.24702218048093527,-0.9690098257244063,-0.6427876096865393,-0.766044443118978,6.099999999999998,4.800000000000004,0
198,1006.9,32.6,30.2,28.0,24.4,82.0,62.0,11.1,16.9,0,-0.2636654927280072,-0.9646141756912435,-0.6427876096865393,-0.766044443118978,5.800000000000001,4.600000000000001,0
199,1008.9,32.3,29.1,27.0,24.1,78.0,57.0,10.3,16.2,1,-0.2802306751992161,-0.9599326896597445,-0.6427876096865393,-0.766044443118978,5.0,5.299999999999997,0
200,1009.2,33.4,30.1,27.9,25.2,71.0,35.0,11.2,12.0,0,-0.2967128192734901,-0.9549667548552553,0.9396926207859084,-0.3420201433256687,4.900000000000002,5.5,0
201,1007.8,36.0,30.0,28.1,25.9,79.0,78.0,10.6,12.0,1,-0.3131070409358267,-0.9497178427914317,-0.34202014332566866,-0.9396926207859084,4.100000000000001,7.899999999999999,0
202,1011.0,31.2,28.8,26.8,25.0,75.0,53.0,8.3,6.9,0,-0.3294084822245302,-0.9441875088341994,-0.6427876096865393,-0.766044443118978,3.8000000000000007,4.399999999999999,0
203,1008.4,33.0,29.1,25.3,24.8,74.0,47.0,10.1,12.6,1,-0.3456123126707333,-0.9383773917408642,0.3420201433256687,0.9396926207859084,4.300000000000001,7.699999999999999,0
204,1009.1,32.8,30.0,29.2,24.6,74.0,53.0,8.2,25.1,0,-0.3617137307297674,-0.9322892131745134,-0.9396926207859085,0.34202014332566816,5.399999999999999,3.599999999999998,0
205,1008.8,31.3,29.2,26.4,24.3,67.0,46.0,8.1,18.1,1,-0.37770796520396466,-0.9259247771938499,-0.7660444431189779,-0.6427876096865395,4.899999999999999,4.900000000000002,0
206,1008.9,30.8,27.3,26.3,25.8,85.0,83.0,1.6,6.1,1,-0.39359027665646645,-0.9192859697186105,-0.6427876096865393,-0.766044443118978,1.5,4.5,0
207,1009.5,32.0,29.1,26.4,25.1,70.0,43.0,10.3,13.0,1,-0.4093559588156211,-0.9123747579707274,1.2246467991473532e-16,-1.0,4.0,5.600000000000001,0
208,1005.3,35.8,31.1,26.7,26.0,77.0,49.0,9.5,21.5,0,-0.42500033996955394,-0.9051931898913975,-0.6427876096865393,-0.766044443118978,5.100000000000001,9.099999999999998,0
209,1008.9,33.2,29.1,26.6,24.1,71.0,46.0,6.4,9.5,1,-0.4405187843504952,-0.8977433935342336,-0.7660444431189779,-0.6427876096865395,5.0,6.600000000000001,0
210,1008.9,33.2,29.6,27.8,26.1,81.0,78.0,3.1,6.1,1,-0.455906693508459,-0.8900275764346766,-0.17364817766693047,-0.984807753012208,3.5,5.400000000000002,0
211,1009.8,31.7,29.8,26.8,24.3,84.0,67.0,3.0,10.2,1,-0.47115950767386394,-0.8820480249558535,0.8660254037844387,-0.4999999999999998,5.5,4.899999999999999,0
212,1008.6,31.9,28.7,26.3,25.9,86.0,88.0,1.2,21.6,1,-0.4862727071086902,-0.8738071036110807,-0.7660444431189779,-0.6427876096865395,2.8000000000000007,5.599999999999998,0
213,1005.6,31.7,29.8,26.8,26.0,80.0,80.0,0.9,24.8,1,-0.5012418134457756,-0.8653072543632061,0.766044443118978,-0.6427876096865394,3.8000000000000007,4.899999999999999,0
214,1008.5,29.0,27.8,26.0,25.8,89.0,88.0,0.9,17.5,1,-0.5160623910158526,-0.8565509959010037,0.9396926207859083,0.3420201433256688,2.0,3.0,0
215,1007.5,33.4,30.7,27.3,26.1,79.0,83.0,2.8,23.9,1,-0.5307300481619331,-0.8475409228928312,-0.6427876096865393,-0.766044443118978,4.599999999999998,6.099999999999998,0
216,1005.9,30.7,27.9,26.6,24.3,84.0,78.0,7.6,14.8,1,-0.5452404385406507,-0.8382797052177745,-0.6427876096865393,-0.766044443118978,3.599999999999998,4.099999999999998,0
217,1003.5,30.6,27.9,26.2,23.6,82.0,84.0,1.5,12.0,1,-0.5595892624101763,-0.828770087174504,0.984807753012208,0.17364817766693041,4.299999999999997,4.400000000000002,0
218,1005.9,30.6,28.0,26.3,23.3,77.0,47.0,8.8,10.2,1,-0.5737722679043243,-0.8190148866680802,0.766044443118978,-0.6427876096865394,4.699999999999999,4.300000000000001,0
219,1005.8,31.2,28.0,25.4,24.1,76.0,53.0,9.5,12.9,1,-0.5877852522924734,-0.8090169943749472,0.17364817766693033,0.984807753012208,3.8999999999999986,5.800000000000001,0
220,1000.2,33.1,30.4,27.3,25.9,77.0,43.0,9.3,10.2,0,-0.6016240632249227,-0.7987793728863648,0.8660254037844386,0.5000000000000001,4.5,5.800000000000001,0
221,1007.5,33.1,29.8,27.4,26.0,79.0,77.0,2.3,9.5,0,-0.6152845999633277,-0.7883050558305253,-0.17364817766693047,-0.984807753012208,3.8000000000000007,5.700000000000003,0
222,1007.8,28.1,26.7,25.0,24.2,84.0,67.0,6.5,15.3,1,-0.6287628145958345,-0.7775971469736268,-1.0,-1.8369701987210297e-16,2.5,3.1000000000000014,0
223,1008.1,33.2,30.0,28.1,25.9,78.0,69.0,8.7,11.1,0,-0.6420547132365636,-0.7666588193001592,-0.6427876096865393,-0.766044443118978,4.100000000000001,5.100000000000001,0
224,1008.4,32.3,29.0,27.8,25.8,82.0,67.0,7.7,14.5,1,-0.655156357209085,-0.7554933140726804,0.9396926207859084,-0.3420201433256687,3.1999999999999993,4.4999999999999964,0
225,1008.9,32.8,30.6,27.3,24.5,81.0,88.0,6.8,7.9,1,-0.6680638642135333,-0.7441039398713608,-0.6427876096865393,-0.766044443118978,6.100000000000001,5.4999999999999964,0
226,1011.7,31.0,28.4,26.6,26.0,76.0,69.0,5.3,12.8,1,-0.680773409477016,-0.732494071613579,-0.9396926207859082,-0.3420201433256694,2.3999999999999986,4.399999999999999,0
227,1012.5,33.0,30.2,28.4,24.2,75.0,44.0,9.1,9.1,0,-0.6932812268869771,-0.7206671495538615,0.3420201433256687,0.9396926207859084,6.0,4.600000000000001,0
228,1010.7,30.4,27.4,25.3,25.3,87.0,88.0,0.1,17.5,1,-0.7055836101071774,-0.70862667826446,0.766044443118978,-0.6427876096865394,2.099999999999998,5.099999999999998,0
229,1011.5,29.1,26.8,24.8,23.2,81.0,88.0,1.1,15.3,1,-0.7176769136759615,-0.6963762255968726,0.984807753012208,-0.1736481776669303,3.6000000000000014,4.300000000000001,0
230,1011.1,33.1,29.8,28.2,25.3,84.0,47.0,7.6,18.6,1,-0.7295575540864876,-0.6839194216246105,-0.8660254037844384,-0.5000000000000004,4.5,4.900000000000002,0
231,1008.1,34.0,30.4,28.0,25.5,82.0,80.0,4.3,28.5,1,-0.7412220108485957,-0.6712599575675315,-0.6427876096865393,-0.766044443118978,4.899999999999999,6.0,0
232,1011.4,31.7,28.9,25.2,23.1,74.0,32.0,9.1,11.9,0,-0.7526668275320083,-0.6584015846980489,0.17364817766693033,0.984807753012208,5.799999999999997,6.5,0
233,1010.5,28.3,26.1,25.9,23.5,86.0,88.0,1.6,22.4,1,-0.7638886127905429,-0.64534811322955,0.8660254037844386,0.5000000000000001,2.6000000000000014,2.400000000000002,0
234,1007.8,33.1,30.0,28.3,25.9,81.0,70.0,7.2,24.5,1,-0.7748840413670406,-0.6321034111873488,-0.6427876096865393,-0.766044443118978,4.100000000000001,4.800000000000001,0
235,1008.5,28.5,26.5,24.5,24.6,91.0,85.0,5.7,8.9,1,-0.7856498550787144,-0.6186714032625032,-0.17364817766693047,-0.984807753012208,1.8999999999999986,4.0,0
236,1008.0,30.4,26.2,24.8,22.0,84.0,30.0,7.7,12.1,0,-0.7961828637826154,-0.6050560696488494,-0.6427876096865393,-0.766044443118978,4.199999999999999,5.599999999999998,0
237,1006.7,31.0,28.1,26.5,25.0,80.0,88.0,0.6,40.0,1,-0.8064799463209447,-0.5912614448635783,-0.7660444431189779,-0.6427876096865395,3.1000000000000014,4.5,0
238,1007.0,29.1,27.9,26.5,25.9,87.0,67.0,6.3,37.5,1,-0.8165380514459157,-0.5772916165517278,0.984807753012208,0.17364817766693041,2.0,2.6000000000000014,0
239,1010.9,30.8,26.5,24.8,21.5,79.0,49.0,6.4,22.5,0,-0.8263541987239094,-0.5631507242749189,-0.34202014332566866,-0.9396926207859084,5.0,6.0,0
240,1013.3,30.8,27.0,25.3,21.4,73.0,49.0,9.5,22.9,0,-0.8359254794186365,-0.5488429582847199,0.984807753012208,0.17364817766693041,5.600000000000001,5.5,0
241,1009.6,32.0,29.4,27.0,25.8,72.0,46.0,11.0,27.3,0,-0.8452490573530633,-0.5343725582809785,-0.34202014332566866,-0.9396926207859084,3.599999999999998,5.0,0
242,1010.5,29.8,26.1,24.7,23.4,76.0,86.0,1.4,24.4,1,-0.8543221697498269,-0.5197438121555157,-0.6427876096865393,-0.766044443118978,2.700000000000003,5.100000000000001,0
243,1008.3,27.7,26.8,25.5,25.3,87.0,85.0,0.3,9.9,1,-0.8631421280499115,-0.5049610547215202,1.2246467991473532e-16,-1.0,1.5,2.1999999999999993,0
244,1010.5,29.4,26.5,24.8,23.2,86.0,84.0,2.5,9.2,1,-0.8717063187093217,-0.4900286664290594,1.0,6.123233995736766e-17,3.3000000000000007,4.599999999999998,0
245,1010.8,31.2,28.0,26.8,23.8,78.0,46.0,8.1,16.6,0,-0.8800122039735356,-0.4749510720670502,0.984807753012208,0.17364817766693041,4.199999999999999,4.399999999999999,0
246,1010.5,29.8,27.9,26.3,23.9,84.0,56.0,6.9,9.5,0,-0.888057322629493,-0.4597327394521046,-0.6427876096865393,-0.766044443118978,4.0,3.5,0
247,1011.5,32.2,28.3,26.3,23.2,72.0,28.0,4.9,16.9,0,-0.8958392907349089,-0.4443781781046134,0.984807753012208,0.17364817766693041,5.100000000000001,5.900000000000002,0
248,1005.7,31.2,29.1,27.0,25.1,84.0,77.0,3.9,26.3,1,-0.9033558023246842,-0.4288919379124841,-0.6427876096865393,-0.766044443118978,4.0,4.199999999999999,0
249,1008.4,30.2,28.1,26.9,26.3,82.0,88.0,1.2,28.5,1,-0.9106046300942162,-0.41327860778290443,0.9396926207859083,0.3420201433256688,1.8000000000000007,3.3000000000000007,0
250,1009.8,31.1,28.0,26.5,25.8,79.0,81.0,3.2,40.4,1,-0.9175836260593934,-0.3975428142825566,-0.6427876096865393,-0.766044443118978,2.1999999999999993,4.600000000000001,0
251,1005.7,32.8,29.1,27.9,26.1,79.0,30.0,7.2,38.0,0,-0.9242907221930934,-0.3816892202666586,-0.7660444431189779,-0.6427876096865395,3.0,4.899999999999999,0
252,1014.5,30.1,28.2,26.6,20.4,79.0,46.0,10.3,31.8,0,-0.9307239310379793,-0.3657225234972692,0.9396926207859083,0.3420201433256688,7.800000000000001,3.5,0
253,1008.9,32.8,29.8,27.3,24.3,82.0,62.0,2.5,16.5,0,-0.9368813462954315,-0.34964745525122826,-0.7660444431189779,-0.6427876096865395,5.5,5.4999999999999964,0
254,1006.1,32.4,29.4,26.6,24.9,81.0,78.0,7.8,27.1,1,-0.9427611433904206,-0.33346877891818705,-0.7660444431189779,-0.6427876096865395,4.5,5.799999999999997,0
255,1005.5,31.5,29.8,26.8,25.8,75.0,38.0,11.0,13.1,1,-0.9483615800121716,-0.31719128858910595,0.9396926207859083,0.3420201433256688,4.0,4.699999999999999,0
256,1011.6,30.8,27.6,25.9,23.2,81.0,81.0,3.8,44.7,0,-0.9536809966304455,-0.300819807635668,0.6427876096865393,0.766044443118978,4.400000000000002,4.900000000000002,0
257,1013.9,32.0,28.1,26.2,25.3,87.0,89.0,2.2,25.0,1,-0.9587178169872964,-0.2843591872810036,-0.34202014332566866,-0.9396926207859084,2.8000000000000007,5.800000000000001,0
258,1006.8,31.3,29.7,28.1,26.1,93.0,93.0,0.5,39.5,1,-0.9634705485641486,-0.26781430516217486,0.9396926207859084,-0.3420201433256687,3.599999999999998,3.1999999999999993,0
259,1005.9,29.2,27.3,24.5,25.0,93.0,94.0,0.0,28.0,1,-0.9679377830240641,-0.25119006388481957,-0.6427876096865393,-0.766044443118978,2.3000000000000007,4.699999999999999,1
260,1010.3,28.7,26.2,25.6,21.6,89.0,93.0,0.6,12.1,0,-0.9721181966290612,-0.23449138957041052,0.984807753012208,0.17364817766693041,4.599999999999998,3.099999999999998,0
261,1011.4,30.7,27.4,24.5,22.0,82.0,60.0,8.3,12.7,0,-0.9760105506323682,-0.21772323039653224,-0.9848077530122081,0.17364817766692997,5.399999999999999,6.199999999999999,0
262,1006.3,28.5,26.3,25.2,25.4,85.0,84.0,0.6,38.3,1,-0.9796136916454901,-0.20089055513063528,-0.9396926207859085,0.34202014332566816,0.9000000000000021,3.3000000000000007,0
263,1012.5,31.3,28.3,25.8,19.9,61.0,47.0,7.9,8.7,0,-0.9829265519799822,-0.18399835165767986,0.766044443118978,0.6427876096865394,8.400000000000002,5.5,0
264,1015.7,29.0,26.9,24.8,20.0,76.0,49.0,10.8,14.3,0,-0.9859481499638303,-0.1670516255021195,0.8660254037844386,0.5000000000000001,6.899999999999999,4.199999999999999,0
265,1015.5,30.6,28.5,26.4,25.4,77.0,62.0,8.9,30.0,1,-0.9886775902323404,-0.15005539834465262,0.766044443118978,-0.6427876096865394,3.1000000000000014,4.200000000000003,0
266,1013.7,25.2,24.9,23.6,23.5,97.0,88.0,1.2,41.4,1,-0.9911140639934546,-0.13301470653419636,0.984807753012208,-0.1736481776669303,1.3999999999999986,1.5999999999999979,0
267,1016.3,26.4,25.9,24.7,21.9,94.0,95.0,0.2,26.4,1,-0.9932568492674143,-0.11593459959550066,0.9396926207859083,0.3420201433256688,4.0,1.6999999999999993,0
268,1013.2,29.8,25.1,23.1,20.6,74.0,20.0,8.6,20.5,0,-0.9951053111006974,-0.09882013873287211,0.9396926207859083,0.3420201433256688,4.5,6.699999999999999,0
269,1014.6,26.3,24.8,23.4,19.9,76.0,20.0,10.1,26.5,1,-0.99665890175417,-0.08167639533042288,0.9396926207859083,0.3420201433256688,4.900000000000002,2.900000000000002,0
270,1012.9,30.8,26.1,23.2,20.6,74.0,44.0,9.3,17.2,0,-0.9979171608653922,-0.06450844944931625,0.984807753012208,0.17364817766693041,5.5,7.600000000000001,0
271,1013.0,27.3,25.4,23.2,19.6,77.0,51.0,9.8,16.4,0,-0.9988797155850335,-0.04732138832243232,0.8660254037844386,0.5000000000000001,5.799999999999997,4.100000000000001,0
272,1010.9,25.5,23.8,21.6,20.2,81.0,61.0,5.9,21.9,1,-0.9995462806873573,-0.03012030484690836,0.6427876096865393,0.766044443118978,3.6000000000000014,3.8999999999999986,0
273,1018.2,30.6,24.2,20.6,18.7,70.0,53.0,8.0,36.0,0,-0.9999166586547379,-0.012910296075008843,0.9396926207859083,0.3420201433256688,5.5,10.0,0
274,1010.3,24.9,20.7,19.1,19.9,70.0,86.0,3.4,40.0,1,-0.9999907397361901,0.004303538296243821,0.3420201433256687,0.9396926207859084,0.8000000000000007,5.799999999999997,0
275,1016.3,30.2,27.5,25.4,24.0,85.0,88.0,0.3,10.9,1,-0.9997685019798909,0.021516097436222233,0.3420201433256687,0.9396926207859084,3.5,4.800000000000001,0
276,1017.8,26.6,25.4,24.8,22.3,79.0,82.0,2.4,27.9,1,-0.9992500112396835,0.03872228089217399,0.984807753012208,0.17364817766693041,3.099999999999998,1.8000000000000007,0
277,1016.7,26.9,24.8,23.5,22.4,83.0,81.0,0.3,22.2,1,-0.9984354211555643,0.05591699010060302,0.984807753012208,0.17364817766693041,2.400000000000002,3.3999999999999986,0
278,1014.9,26.9,25.4,24.8,21.6,79.0,77.0,5.9,22.2,1,-0.9973249731081555,0.07309512989807776,0.3420201433256689,-0.9396926207859083,3.799999999999997,2.099999999999998,0
279,1015.0,28.8,25.8,23.9,20.9,82.0,75.0,5.3,12.8,1,-0.9959189961471792,0.0902516100310407,0.8660254037844387,-0.4999999999999998,4.900000000000002,4.900000000000002,0
280,1017.0,26.9,24.7,23.3,20.6,82.0,88.0,1.5,15.7,1,-0.994217906893952,0.10738134666416306,0.9396926207859083,0.3420201433256688,4.099999999999998,3.599999999999998,0
281,1012.4,25.6,22.3,20.3,19.4,70.0,60.0,8.8,20.8,1,-0.9922222094179324,0.12447926388678869,0.9396926207859083,0.3420201433256688,2.900000000000002,5.300000000000001,0
282,1011.4,24.7,22.3,20.1,18.8,77.0,51.0,3.4,24.9,0,-0.989932495087353,0.141540295217043,0.3420201433256687,0.9396926207859084,3.5,4.599999999999998,0
283,1017.6,26.4,24.5,23.4,22.9,81.0,81.0,1.4,37.0,1,-0.9873494423939864,0.15855938510313475,0.984807753012208,0.17364817766693041,1.6000000000000014,3.0,0
284,1010.3,26.6,24.1,23.3,19.9,80.0,58.0,5.7,23.7,0,-0.9844738167520923,0.17553149042142777,0.49999999999999994,0.8660254037844387,4.200000000000003,3.3000000000000007,0
285,1020.8,28.4,25.8,23.3,19.5,75.0,72.0,7.7,14.1,0,-0.9813064702716093,0.19245158197082995,1.0,6.123233995736766e-17,6.300000000000001,5.099999999999998,0
286,1012.4,25.0,23.1,20.6,21.4,81.0,76.0,7.7,27.4,1,-0.9778483415056568,0.20931464596304888,0.9396926207859083,0.3420201433256688,1.7000000000000028,4.399999999999999,0
287,1016.2,28.0,25.9,24.0,22.3,83.0,77.0,7.7,30.3,0,-0.9741004551724206,0.22611568550828803,0.984807753012208,0.17364817766693041,3.599999999999998,4.0,0
288,1010.5,26.1,25.8,24.5,20.6,79.0,67.0,8.5,13.0,0,-0.970063921851507,0.2428497220959358,0.766044443118978,0.6427876096865394,5.199999999999999,1.6000000000000014,0
289,1016.6,26.2,26.8,23.2,20.4,79.0,69.0,5.0,22.4,1,-0.965739937654855,0.25951179706979943,0.6427876096865393,0.766044443118978,6.400000000000002,3.0,0
290,1013.4,29.1,23.5,21.0,19.9,82.0,74.0,6.4,25.1,1,-0.9611297838723007,0.27609697309746883,0.49999999999999994,0.8660254037844387,3.6000000000000014,8.100000000000001,0
291,1019.4,28.1,25.9,24.5,20.9,85.0,58.0,7.8,21.6,1,-0.9562348265919058,0.2926003356333479,0.9396926207859083,0.3420201433256688,5.0,3.6000000000000014,0
292,1017.8,30.0,26.8,25.5,23.6,84.0,67.0,6.7,11.1,1,-0.9510565162951536,0.30901699437494723,0.984807753012208,-0.1736481776669303,3.1999999999999993,4.5,0
293,1012.6,28.5,26.5,23.1,21.3,84.0,72.0,6.6,25.0,1,-0.9455963874271428,0.3253420847119795,0.49999999999999994,0.8660254037844387,5.199999999999999,5.399999999999999,0
294,1017.8,25.9,24.7,22.2,21.8,85.0,88.0,2.7,39.5,1,-0.9398560579418953,0.341570769167856,0.766044443118978,0.6427876096865394,2.8999999999999986,3.6999999999999993,0
295,1015.2,29.5,26.7,24.1,22.1,76.0,48.0,7.8,15.1,1,-0.9338372288229252,0.35769823883312546,0.8660254037844386,0.5000000000000001,4.599999999999998,5.399999999999999,0
296,1017.4,26.3,23.1,21.5,20.6,85.0,81.0,0.4,28.2,1,-0.9275416835791965,0.3737197147904692,0.9396926207859083,0.3420201433256688,2.5,4.800000000000001,0
297,1019.0,26.1,23.1,21.1,17.1,87.0,87.0,0.7,28.6,1,-0.9209712877166346,0.38963044953078774,0.766044443118978,0.6427876096865394,6.0,5.0,0
298,1017.7,26.6,25.8,24.1,21.4,89.0,88.0,1.2,23.3,1,-0.9141279881853337,0.4054257283599973,0.984807753012208,0.17364817766693041,4.400000000000002,2.5,0
299,1015.0,28.4,25.4,23.7,20.6,90.0,81.0,2.0,15.3,1,-0.9070138128026362,0.42110087079608916,0.9396926207859083,0.3420201433256688,4.799999999999997,4.699999999999999,0
300,1017.6,26.8,24.8,21.4,22.3,88.0,88.0,0.5,23.9,1,-0.8996308696522434,0.4366512319560638,0.9396926207859083,0.3420201433256688,2.5,5.400000000000002,0
301,1018.1,25.9,24.7,23.3,21.4,86.0,80.0,3.9,16.5,0,-0.8919813464595487,0.45207220393230374,0.9396926207859083,0.3420201433256688,3.3000000000000007,2.599999999999998,0
302,1017.8,26.6,24.8,23.3,22.5,86.0,84.0,1.0,15.3,0,-0.8840675099433637,0.46735921715800205,0.9396926207859083,0.3420201433256688,2.3000000000000007,3.3000000000000007,0
303,1015.5,29.5,26.2,24.8,23.3,84.0,88.0,3.6,9.0,1,-0.8758917051442433,0.48250774176121763,0.9396926207859083,0.3420201433256688,2.8999999999999986,4.699999999999999,0
304,1018.9,28.9,25.4,24.3,22.6,90.0,78.0,4.5,15.3,1,-0.8674563547295971,0.4975132889071803,0.984807753012208,0.17364817766693041,2.799999999999997,4.599999999999998,0
305,1019.7,25.9,24.9,22.7,22.0,89.0,84.0,1.1,26.1,1,-0.8587639582758031,0.5123714121284235,0.984807753012208,0.17364817766693041,2.8999999999999986,3.1999999999999993,0
306,1014.5,27.2,25.3,24.0,21.4,82.0,66.0,6.3,29.6,1,-0.8498170915275277,0.5270777086423724,0.984807753012208,0.17364817766693041,3.900000000000002,3.1999999999999993,0
307,1017.6,27.6,25.4,24.0,23.0,89.0,86.0,2.3,17.2,1,-0.8406184056344783,0.5416278206559811,0.984807753012208,0.17364817766693041,2.3999999999999986,3.6000000000000014,0
308,1014.6,26.9,25.4,24.8,21.4,82.0,85.0,1.2,16.9,1,-0.8311706263658079,0.5560174366570446,0.766044443118978,0.6427876096865394,4.0,2.099999999999998,0
309,1016.4,26.6,24.4,22.1,17.6,76.0,78.0,5.8,8.3,1,-0.8214765533024145,0.5702422926917867,0.9396926207859083,0.3420201433256688,6.799999999999997,4.5,0
310,1020.6,25.2,21.3,19.2,17.8,75.0,59.0,5.1,20.0,0,-0.8115390590073611,0.5842981736283683,0.3420201433256687,0.9396926207859084,3.5,6.0,0
311,1021.6,25.3,22.0,22.6,19.4,83.0,84.0,0.5,11.9,1,-0.801361088174677,0.5981809144059159,0.8660254037844386,0.5000000000000001,2.6000000000000014,2.6999999999999993,0
312,1016.2,21.3,19.3,18.9,18.6,79.0,85.0,0.0,28.7,1,-0.7909456567567774,0.6118864012687242,0.6427876096865393,0.766044443118978,0.6999999999999993,2.400000000000002,1
313,1021.1,21.1,19.9,18.7,16.4,75.0,88.0,0.9,16.2,1,-0.780295851070776,0.6254105729852457,0.6427876096865393,0.766044443118978,3.5,2.400000000000002,0
314,1017.5,21.1,20.9,19.2,18.8,91.0,88.0,0.0,31.8,1,-0.7694148268839381,0.6387494220515268,0.766044443118978,0.6427876096865394,2.099999999999998,1.9000000000000021,1
315,1016.4,21.9,18.6,18.8,15.4,76.0,88.0,8.6,26.8,1,-0.7583058084785625,0.6518989958787125,0.9396926207859083,0.3420201433256688,3.200000000000001,3.099999999999998,0
316,1018.2,24.9,21.1,20.4,17.9,87.0,84.0,4.4,27.0,1,-0.7469720876965551,0.6648553979642866,0.6427876096865393,0.766044443118978,3.200000000000003,4.5,0
317,1016.5,22.8,19.1,18.5,17.6,91.0,88.0,0.2,9.8,1,-0.7354170229639858,0.6776147890466887,0.6427876096865393,0.766044443118978,1.5,4.300000000000001,0
318,1017.5,21.9,19.2,17.7,17.2,93.0,93.0,0.4,21.9,1,-0.7236440382959123,0.690173388242972,0.9396926207859083,0.3420201433256688,2.0,4.199999999999999,0
319,1019.0,22.9,20.8,18.4,16.0,75.0,43.0,9.3,26.8,0,-0.7116566222817751,0.7025274741691566,0.3420201433256687,0.9396926207859084,4.800000000000001,4.5,0
320,1020.0,19.3,18.1,17.1,16.9,88.0,80.0,3.3,24.0,1,-0.6994583270516471,0.7146733860429609,0.8660254037844386,0.5000000000000001,1.2000000000000028,2.1999999999999993,0
321,1020.3,21.3,19.9,17.2,15.5,75.0,66.0,3.3,23.3,0,-0.6870527672236675,0.726607524768565,0.3420201433256687,0.9396926207859084,4.399999999999999,4.100000000000001,0
322,1018.1,22.4,20.5,19.4,16.0,83.0,89.0,0.6,15.7,1,-0.6744436188329457,0.7383263540031063,0.3420201433256687,0.9396926207859084,4.5,3.0,0
323,1020.6,18.9,17.7,16.9,12.9,75.0,95.0,0.0,26.1,1,-0.661634618242279,0.749826401204568,0.17364817766693033,0.984807753012208,4.799999999999999,2.0,1
324,1019.1,20.9,17.2,15.6,16.1,91.0,85.0,0.1,15.4,1,-0.6486295610349818,0.7611042586607742,0.49999999999999994,0.8660254037844387,1.0999999999999979,5.299999999999999,0
325,1016.8,21.6,20.5,19.8,18.0,95.0,87.0,0.0,21.4,1,-0.6354323008901775,0.7721565844991641,0.766044443118978,0.6427876096865394,2.5,1.8000000000000007,1
326,1015.9,18.9,17.7,16.9,17.2,95.0,95.0,0.0,40.0,1,-0.622046748440868,0.7829801036770625,0.8660254037844386,0.5000000000000001,0.5,2.0,1
327,1020.9,24.7,22.3,20.2,17.3,75.0,43.0,9.5,20.4,0,-0.6084768701151264,0.7935716089521472,0.8660254037844386,0.5000000000000001,5.0,4.5,0
328,1018.2,22.2,20.9,18.0,18.7,81.0,78.0,2.2,10.3,1,-0.594726686960764,0.8039279618328208,0.8660254037844386,0.5000000000000001,2.1999999999999993,4.199999999999999,0
329,1017.0,22.9,20.6,18.3,16.6,77.0,78.0,0.4,23.7,1,-0.5808002734538013,0.8140460935082175,0.8660254037844386,0.5000000000000001,4.0,4.599999999999998,0
330,1020.9,17.4,16.6,15.5,13.7,78.0,89.0,1.0,22.5,1,-0.5667017562911184,0.8239230057575536,0.6427876096865393,0.766044443118978,2.900000000000002,1.8999999999999986,0
331,1025.3,17.5,13.2,11.6,8.4,78.0,87.0,3.0,20.5,0,-0.5524353131676203,0.8335557718385695,0.3420201433256687,0.9396926207859084,4.799999999999999,5.9,0
332,1020.1,18.8,15.3,13.4,6.2,80.0,88.0,0.5,21.6,1,-0.5380051715382992,0.8429415373547832,0.17364817766693033,0.984807753012208,9.100000000000001,5.4,0
333,1023.4,18.2,14.7,12.3,9.9,79.0,88.0,0.4,39.3,1,-0.5234156073655503,0.8520775211013093,0.17364817766693033,0.984807753012208,4.799999999999999,5.899999999999999,0
334,1021.2,17.4,15.2,14.1,13.6,84.0,83.0,3.3,30.6,1,-0.5086709438521042,0.8609610158889945,0.6427876096865393,0.766044443118978,1.5999999999999996,3.299999999999999,0
335,1020.8,17.7,16.1,14.6,12.9,79.0,81.0,1.1,29.8,0,-0.49377555015997737,0.8695893893466109,0.8660254037844386,0.5000000000000001,3.200000000000001,3.0999999999999996,0
336,1022.3,18.0,13.7,11.9,3.8,75.0,74.0,9.1,21.9,0,-0.4787338401157883,0.8779600847008883,0.3420201433256687,0.9396926207859084,9.899999999999999,6.1,0
337,1023.4,16.6,15.8,13.7,11.9,77.0,77.0,2.5,25.2,0,-0.4635502709028512,0.8860706215341378,0.9396926207859083,0.3420201433256688,3.9000000000000004,2.900000000000002,0
338,1021.1,17.3,18.0,16.1,16.1,70.0,86.0,3.0,14.8,0,-0.4482293417404106,0.893918596519257,0.6427876096865393,0.766044443118978,1.8999999999999986,1.1999999999999993,0
339,1017.9,17.6,17.5,16.1,15.5,86.0,88.0,0.0,41.3,1,-0.4327755925504317,0.9015016841318838,0.9396926207859083,0.3420201433256688,2.0,1.5,1
340,1022.5,19.2,17.7,15.2,12.1,76.0,86.0,0.4,29.0,1,-0.41719360261231697,0.9088176373395028,0.3420201433256687,0.9396926207859084,5.6,4.0,0
341,1019.7,16.7,15.6,14.8,14.8,90.0,90.0,0.0,27.3,1,-0.4014879892059737,0.9158642882672868,0.766044443118978,0.6427876096865394,0.7999999999999989,1.8999999999999986,1
342,1017.7,17.5,16.4,15.6,15.5,93.0,95.0,0.3,25.9,1,-0.38566340624360745,0.9226395488404875,0.8660254037844386,0.5000000000000001,0.8999999999999986,1.9000000000000004,0
343,1018.7,16.3,15.4,14.4,12.7,79.0,88.0,0.0,30.2,1,-0.3697245428906732,0.9291414114031743,0.17364817766693033,0.984807753012208,2.700000000000001,1.9000000000000004,1
344,1018.1,23.2,19.6,17.2,15.0,72.0,19.0,8.4,9.8,0,-0.35367612217637207,0.935367949313148,0.766044443118978,0.6427876096865394,4.600000000000001,6.0,0
345,1016.7,22.3,18.4,16.5,15.5,85.0,90.0,1.0,29.8,1,-0.33752289959411347,0.941317317512847,0.49999999999999994,0.8660254037844387,2.8999999999999986,5.800000000000001,0
346,1020.8,15.7,13.9,11.8,10.9,86.0,88.0,0.1,24.8,1,-0.32126966169236515,0.9469877530760751,0.3420201433256687,0.9396926207859084,3.0,3.8999999999999986,0
347,1017.1,17.3,16.3,15.3,15.4,90.0,87.0,0.1,18.0,1,-0.3049212246562894,0.9523775757303973,0.984807753012208,0.17364817766693041,0.9000000000000004,2.0,0
348,1023.9,17.6,15.2,11.5,13.6,93.0,88.0,0.2,17.3,1,-0.2884824328806098,0.9574851883550389,0.6427876096865393,0.766044443118978,1.5999999999999996,6.100000000000001,0
349,1022.7,15.8,15.2,14.0,11.4,89.0,88.0,0.3,39.5,1,-0.27195815753410524,0.9623090774541487,0.9396926207859083,0.3420201433256688,3.799999999999999,1.8000000000000007,0
350,1016.1,22.9,22.0,20.0,19.8,82.0,81.0,5.1,35.3,1,-0.2553532951161881,0.9668478136052773,0.8660254037844386,0.5000000000000001,2.1999999999999993,2.8999999999999986,0
351,1019.4,17.3,15.0,14.5,15.6,79.0,89.0,0.0,27.1,1,-0.23867276600594997,0.9711000518829505,0.766044443118978,0.6427876096865394,-0.5999999999999996,2.8000000000000007,1
352,1017.8,21.3,19.3,17.8,18.1,81.0,86.0,2.2,18.2,1,-0.22192151300416674,0.9750645322571945,0.3420201433256687,0.9396926207859084,1.1999999999999993,3.5,0
353,1024.0,21.0,18.8,17.9,13.9,91.0,88.0,0.5,12.8,1,-0.20510449986861926,0.9787400799669153,0.6427876096865393,0.766044443118978,4.9,3.1000000000000014,0
354,1016.4,22.3,18.2,17.4,15.5,95.0,88.0,0.0,28.4,1,-0.1882267098432439,0.9821256058680006,0.6427876096865393,0.766044443118978,2.6999999999999993,4.900000000000002,1
355,1016.7,19.6,18.9,17.2,16.5,83.0,81.0,0.6,38.3,1,-0.1712931441814778,0.9852201067560606,0.984807753012208,0.17364817766693041,2.3999999999999986,2.400000000000002,0
356,1019.4,20.6,18.5,16.5,16.4,75.0,90.0,0.1,38.0,1,-0.154308820664281,0.9880226656636976,0.766044443118978,0.6427876096865394,2.1000000000000014,4.100000000000001,0
357,1023.1,20.1,20.0,17.8,16.9,76.0,87.0,2.6,20.5,1,-0.13727877211326517,0.9905324521322227,0.6427876096865393,0.766044443118978,3.1000000000000014,2.3000000000000007,0
358,1022.9,21.3,19.0,17.0,12.6,74.0,61.0,2.2,36.0,0,-0.12020804489935275,0.9927487224577402,0.9396926207859083,0.3420201433256688,6.4,4.300000000000001,0
359,1021.1,17.6,16.3,15.2,13.9,79.0,88.0,0.1,39.3,1,-0.10310169744743544,0.9946708199115211,0.766044443118978,0.6427876096865394,2.4000000000000004,2.400000000000002,0
360,1019.4,16.8,15.5,15.4,15.0,96.0,95.0,0.0,24.2,1,-0.0859647987374467,0.9962981749346077,0.766044443118978,0.6427876096865394,0.5,1.4000000000000004,1
361,1020.6,18.1,17.3,16.5,14.6,91.0,88.0,0.0,33.4,1,-0.06880242680232064,0.9976303053065857,0.3420201433256687,0.9396926207859084,2.700000000000001,1.6000000000000014,1
362,1016.6,17.2,17.2,16.6,16.4,91.0,88.0,0.0,38.0,1,-0.05161966722325418,0.9986668162884759,0.8660254037844386,0.5000000000000001,0.8000000000000007,0.5999999999999979,1
363,1020.8,18.1,15.2,13.8,12.6,78.0,91.0,0.2,20.2,1,-0.034421611622745804,0.9994074007397048,0.49999999999999994,0.8660254037844387,2.5999999999999996,4.300000000000001,0
364,1019.7,17.7,16.1,15.3,12.9,79.0,88.0,0.0,38.3,1,-0.01721335615583528,0.9998518392091162,0.984807753012208,0.17364817766693041,3.200000000000001,2.3999999999999986,1
365,1016.8,20.4,18.5,17.4,18.2,77.0,97.0,0.1,43.8,1,6.432490598706546e-16,1.0,0.6427876096865393,0.766044443118978,0.3000000000000007,3.0,0
1,1016.8,20.5,18.1,17.7,16.9,96.0,91.0,0.0,48.0,1,0.017213356155834685,0.9998518392091162,0.766044443118978,0.6427876096865394,1.2000000000000028,2.8000000000000007,1
2,1019.9,16.6,15.5,14.4,12.4,92.0,100.0,0.0,37.0,1,0.03442161162274574,0.9994074007397048,0.6427876096865393,0.766044443118978,3.0999999999999996,2.200000000000001,1
3,1013.5,23.2,18.0,17.5,16.0,79.0,81.0,0.0,55.5,1,0.051619667223253764,0.998666816288476,0.8660254037844386,0.5000000000000001,2.0,5.699999999999999,1
4,1014.9,18.6,17.3,16.9,16.8,95.0,95.0,0.0,59.5,1,0.06880242680231986,0.9976303053065857,0.3420201433256687,0.9396926207859084,0.5,1.7000000000000028,1
5,1024.4,11.3,11.4,10.4,8.6,77.0,88.0,0.0,39.3,1,0.08596479873744647,0.9962981749346078,0.3420201433256687,0.9396926207859084,2.8000000000000007,0.9000000000000004,1
6,1021.6,14.3,13.7,11.8,11.1,67.0,91.0,0.0,59.5,0,0.10310169744743485,0.9946708199115211,0.3420201433256687,0.9396926207859084,2.5999999999999996,2.5,1
7,1024.1,15.4,13.8,10.0,11.7,58.0,67.0,5.6,25.2,1,0.1202080448993527,0.9927487224577402,0.8660254037844386,0.5000000000000001,2.1000000000000014,5.4,0
8,1018.9,15.0,13.6,12.7,11.2,96.0,100.0,0.0,29.0,1,0.13727877211326478,0.9905324521322229,0.3420201433256687,0.9396926207859084,2.4000000000000004,2.3000000000000007,1
9,1024.1,15.5,13.5,11.1,11.6,86.0,78.0,0.6,21.6,1,0.15430882066428117,0.9880226656636976,0.3420201433256687,0.9396926207859084,1.9000000000000004,4.4,0
10,1014.5,16.3,14.7,11.8,11.6,87.0,100.0,0.0,29.8,1,0.1712931441814776,0.9852201067560606,0.3420201433256687,0.9396926207859084,3.0999999999999996,4.5,1
11,1027.1,18.5,15.4,13.7,10.1,75.0,89.0,0.0,39.5,1,0.1882267098432442,0.9821256058680006,0.8660254037844386,0.5000000000000001,5.300000000000001,4.800000000000001,1
12,1017.7,17.0,16.6,14.8,15.7,93.0,100.0,0.0,30.3,1,0.2051044998686192,0.9787400799669153,0.9396926207859083,0.3420201433256688,0.9000000000000021,2.1999999999999993,1
13,1016.8,15.8,15.3,14.6,13.3,79.0,94.0,0.0,39.5,1,0.2219215130041655,0.9750645322571948,0.9396926207859083,0.3420201433256688,2.0,1.200000000000001,1
14,1022.4,18.5,16.5,15.3,12.1,76.0,88.0,0.0,29.6,1,0.2386727660059501,0.9711000518829505,0.766044443118978,0.6427876096865394,4.4,3.1999999999999993,1
15,1019.9,20.6,17.2,16.1,15.9,97.0,99.0,0.0,20.4,1,0.255353295116187,0.9668478136052775,0.6427876096865393,0.766044443118978,1.299999999999999,4.5,1
16,1020.9,18.6,17.2,15.4,12.7,75.0,19.0,3.9,42.0,0,0.2719581575341055,0.9623090774541486,0.49999999999999994,0.8660254037844387,4.5,3.200000000000001,0
17,1021.5,12.5,8.5,4.7,2.0,75.0,69.0,4.3,19.8,0,0.288482432880609,0.9574851883550393,0.3420201433256687,0.9396926207859084,6.5,7.8,0
18,1023.9,19.5,16.4,15.4,9.8,72.0,11.0,10.2,28.6,0,0.30492122465628907,0.9523775757303974,0.3420201433256687,0.9396926207859084,6.599999999999998,4.1,0
19,1024.1,19.8,16.6,14.4,7.2,62.0,29.0,10.2,24.9,0,0.3212696616923644,0.9469877530760753,0.8660254037844386,0.5000000000000001,9.400000000000002,5.4,0
20,1021.6,20.3,16.1,14.3,13.2,76.0,19.0,10.2,55.5,0,0.3375228995941133,0.9413173175128471,0.17364817766693033,0.984807753012208,2.900000000000002,6.0,0
21,1022.3,18.0,16.5,14.6,15.5,86.0,91.0,1.0,14.8,1,0.3536761221763716,0.9353679493131483,0.766044443118978,0.6427876096865394,1.0,3.4000000000000004,0
22,1023.9,20.3,17.3,16.4,14.7,74.0,43.0,10.2,14.1,0,0.3697245428906731,0.9291414114031743,0.49999999999999994,0.8660254037844387,2.6000000000000014,3.900000000000002,0
23,1024.7,22.4,17.7,15.4,10.1,49.0,19.0,10.2,40.0,0,0.38566340624360707,0.9226395488404876,0.8660254037844386,0.5000000000000001,7.6,6.999999999999998,0
24,1014.6,23.8,19.4,17.2,16.8,63.0,81.0,2.4,39.5,0,0.401487989205973,0.9158642882672872,0.17364817766693033,0.984807753012208,2.599999999999998,6.600000000000001,0
25,1013.4,20.9,19.0,17.1,19.3,96.0,100.0,0.0,16.7,1,0.4171936026123168,0.9088176373395029,0.766044443118978,0.6427876096865394,-0.3000000000000007,3.799999999999997,1
26,1014.8,25.3,21.7,18.4,18.0,86.0,80.0,3.4,14.7,1,0.4327755925504312,0.901501684131884,0.6427876096865393,0.766044443118978,3.6999999999999993,6.900000000000002,0
27,1020.6,24.8,19.1,17.2,16.6,75.0,57.0,5.3,33.5,1,0.4482293417404106,0.893918596519257,0.9396926207859083,0.3420201433256688,2.5,7.600000000000001,0
28,1013.6,22.7,21.9,19.1,19.2,90.0,88.0,1.0,25.1,1,0.4635502709028509,0.886070621534138,0.6427876096865393,0.766044443118978,2.6999999999999993,3.599999999999998,0
29,1020.4,15.5,15.4,14.1,12.0,93.0,88.0,1.4,24.4,1,0.47873384011578846,0.8779600847008882,0.9396926207859083,0.3420201433256688,3.4000000000000004,1.4000000000000004,0
30,1021.4,14.5,12.9,10.5,4.3,70.0,19.0,2.3,21.3,0,0.4937755501599772,0.869589389346611,0.3420201433256687,0.9396926207859084,8.600000000000001,4.0,0
31,1017.5,22.7,21.5,20.1,20.8,93.0,88.0,0.0,35.8,1,0.5086709438521044,0.8609610158889943,0.3420201433256687,0.9396926207859084,0.6999999999999993,2.599999999999998,1
32,1023.6,15.1,13.7,11.5,11.8,89.0,95.0,0.0,18.2,1,0.5234156073655503,0.8520775211013093,0.6427876096865393,0.766044443118978,1.8999999999999986,3.5999999999999996,1
33,1020.4,17.2,16.2,15.6,11.0,69.0,46.0,9.5,24.4,0,0.5380051715382996,0.8429415373547828,0.3420201433256687,0.9396926207859084,5.199999999999999,1.5999999999999996,0
34,1025.6,20.3,18.1,17.9,16.0,76.0,83.0,0.4,26.1,1,0.5524353131676196,0.8335557718385699,0.766044443118978,0.6427876096865394,2.1000000000000014,2.400000000000002,0
35,1017.8,20.6,18.7,17.1,16.7,79.0,84.0,1.2,21.9,1,0.5667017562911176,0.8239230057575542,0.6427876096865393,0.766044443118978,2.0,3.5,0
36,1022.7,15.4,13.3,11.4,9.7,79.0,88.0,0.0,25.2,1,0.5808002734538009,0.8140460935082178,0.3420201433256687,0.9396926207859084,3.6000000000000014,4.0,1
37,1026.5,15.0,13.6,11.2,6.4,69.0,88.0,0.2,32.2,1,0.5947266869607634,0.8039279618328213,0.3420201433256687,0.9396926207859084,7.199999999999999,3.8000000000000007,0
38,1020.6,21.2,18.2,17.3,14.6,79.0,83.0,2.2,17.3,1,0.6084768701151261,0.7935716089521474,0.3420201433256687,0.9396926207859084,3.5999999999999996,3.8999999999999986,0
39,1017.1,22.3,20.7,17.2,18.0,82.0,87.0,1.0,24.9,1,0.6220467484408675,0.7829801036770628,0.766044443118978,0.6427876096865394,2.6999999999999993,5.100000000000001,0
40,1025.4,19.7,17.7,15.8,13.3,75.0,78.0,3.3,16.0,0,0.6354323008901774,0.7721565844991642,0.6427876096865393,0.766044443118978,4.399999999999999,3.8999999999999986,0
41,1018.9,21.6,18.0,17.6,15.9,78.0,82.0,0.0,12.7,1,0.6486295610349814,0.7611042586607747,0.766044443118978,0.6427876096865394,2.0999999999999996,4.0,1
42,1014.2,20.7,17.3,16.5,14.4,78.0,88.0,0.6,25.1,1,0.6616346182422783,0.7498264012045686,0.49999999999999994,0.8660254037844387,2.9000000000000004,4.199999999999999,0
43,1015.1,25.5,21.6,20.6,19.4,78.0,68.0,9.8,14.8,0,0.6744436188329455,0.7383263540031065,0.984807753012208,0.17364817766693041,2.200000000000003,4.899999999999999,0
44,1024.3,21.1,17.8,15.3,9.4,76.0,59.0,10.4,25.5,0,0.6870527672236669,0.7266075247685656,0.49999999999999994,0.8660254037844387,8.4,5.800000000000001,0
45,1018.6,20.8,18.8,18.3,17.3,78.0,55.0,6.9,8.6,1,0.6994583270516471,0.7146733860429609,0.766044443118978,0.6427876096865394,1.5,2.5,0
46,1017.9,20.6,18.5,16.9,15.0,85.0,91.0,0.1,33.0,1,0.7116566222817746,0.7025274741691571,0.9396926207859083,0.3420201433256688,3.5,3.700000000000003,0
47,1018.6,17.0,16.6,15.3,14.5,93.0,91.0,0.9,20.5,1,0.7236440382959124,0.6901733882429719,0.3420201433256687,0.9396926207859084,2.1000000000000014,1.6999999999999993,0
48,1016.3,17.4,15.3,14.8,14.4,95.0,91.0,0.0,29.8,1,0.7354170229639855,0.6776147890466889,0.6427876096865393,0.766044443118978,0.9000000000000004,2.599999999999998,1
49,1019.9,17.5,16.5,15.5,15.6,95.0,91.0,0.0,34.0,1,0.7469720876965552,0.6648553979642865,0.8660254037844386,0.5000000000000001,0.9000000000000004,2.0,1
50,1024.4,17.3,15.5,13.7,13.7,78.0,88.0,1.0,10.2,1,0.7583058084785624,0.6518989958787126,0.3420201433256687,0.9396926207859084,1.8000000000000007,3.6000000000000014,0
51,1015.2,17.1,16.6,15.9,15.9,95.0,100.0,0.0,21.8,1,0.7694148268839378,0.6387494220515272,0.766044443118978,0.6427876096865394,0.7000000000000011,1.200000000000001,1
52,1018.4,18.4,17.5,15.0,16.5,93.0,96.0,0.0,38.0,1,0.7802958510707755,0.6254105729852463,0.8660254037844386,0.5000000000000001,1.0,3.3999999999999986,1
53,1019.4,23.6,20.4,18.9,9.9,79.0,48.0,10.3,23.9,0,0.7909456567567772,0.6118864012687243,0.3420201433256687,0.9396926207859084,10.499999999999998,4.700000000000003,0
54,1016.6,25.8,21.6,16.6,15.1,90.0,85.0,0.6,24.8,1,0.8013610881746766,0.5981809144059164,0.8660254037844386,0.5000000000000001,6.500000000000002,9.2,0
55,1020.4,17.1,15.5,14.8,8.2,79.0,79.0,0.2,23.3,0,0.811539059007361,0.5842981736283684,0.3420201433256687,0.9396926207859084,7.300000000000001,2.3000000000000007,0
56,1023.4,15.2,13.3,11.4,8.4,77.0,91.0,0.8,28.6,1,0.8214765533024142,0.5702422926917871,0.6427876096865393,0.766044443118978,4.9,3.799999999999999,0
57,1012.2,21.3,18.9,18.8,18.6,92.0,96.0,0.0,11.1,1,0.8311706263658079,0.5560174366570446,0.766044443118978,0.6427876096865394,0.29999999999999716,2.5,1
58,1012.0,17.6,17.5,16.5,15.5,97.0,88.0,0.2,15.7,1,0.8406184056344782,0.5416278206559814,0.9396926207859083,0.3420201433256688,2.0,1.1000000000000014,0
59,1012.0,18.0,17.3,16.3,16.1,76.0,86.0,3.7,31.7,1,0.8498170915275278,0.5270777086423722,0.3420201433256687,0.9396926207859084,1.1999999999999993,1.6999999999999993,0
60,1014.8,21.4,20.5,19.5,15.5,76.0,78.0,6.2,25.2,0,0.8587639582758029,0.5123714121284237,0.8660254037844386,0.5000000000000001,5.0,1.8999999999999986,0
61,1013.4,24.0,21.8,19.6,19.8,79.0,76.0,0.0,11.2,1,0.8674563547295968,0.49751328890718066,0.6427876096865393,0.766044443118978,2.0,4.399999999999999,1
62,1012.2,21.3,20.6,19.0,19.0,90.0,84.0,0.0,9.4,1,0.8758917051442429,0.48250774176121847,0.6427876096865393,0.766044443118978,1.6000000000000014,2.3000000000000007,1
63,1018.4,21.3,19.1,17.2,18.9,98.0,100.0,0.0,8.1,1,0.8840675099433636,0.4673592171580022,0.766044443118978,0.6427876096865394,0.20000000000000284,4.100000000000001,1
64,1015.2,19.3,18.7,17.4,17.3,93.0,88.0,2.4,17.3,1,0.8919813464595485,0.45207220393230435,0.984807753012208,0.17364817766693041,1.3999999999999986,1.9000000000000021,0
65,1021.8,21.9,19.2,17.4,15.7,82.0,82.0,3.1,21.4,1,0.8996308696522433,0.43665123195606403,0.766044443118978,0.6427876096865394,3.5,4.5,0
66,1017.5,23.0,20.8,19.8,16.4,75.0,83.0,0.0,22.6,1,0.9070138128026359,0.4211008707960896,0.6427876096865393,0.766044443118978,4.400000000000002,3.1999999999999993,1
67,1020.6,18.8,19.9,17.1,16.0,79.0,95.0,0.0,19.3,1,0.9141279881853337,0.40542572835999735,0.49999999999999994,0.8660254037844387,3.8999999999999986,1.6999999999999993,1
68,1020.3,21.2,20.8,19.1,16.4,78.0,88.0,0.0,25.0,1,0.9209712877166346,0.38963044953078796,0.3420201433256687,0.9396926207859084,4.400000000000002,2.099999999999998,1
69,1012.7,23.5,21.5,19.8,18.8,91.0,88.0,0.0,23.9,1,0.9275416835791966,0.37371971479046906,0.766044443118978,0.6427876096865394,2.6999999999999993,3.6999999999999993,1
70,1020.6,21.2,19.3,17.2,16.9,91.0,74.0,1.6,20.5,1,0.9338372288229252,0.35769823883312546,0.766044443118978,0.6427876096865394,2.400000000000002,4.0,0
71,1017.1,18.6,17.7,16.9,15.0,79.0,91.0,0.0,38.0,1,0.9398560579418954,0.3415707691678556,0.9396926207859083,0.3420201433256688,2.6999999999999993,1.7000000000000028,1
72,1016.0,24.4,22.1,19.8,17.6,87.0,74.0,2.3,10.2,1,0.9455963874271426,0.3253420847119801,0.3420201433256687,0.9396926207859084,4.5,4.599999999999998,0
73,1019.4,21.3,20.7,20.9,18.3,81.0,88.0,0.0,12.1,1,0.9510565162951535,0.30901699437494745,0.49999999999999994,0.8660254037844387,2.3999999999999986,0.40000000000000213,1
74,1013.2,25.2,23.2,21.0,9.2,59.0,70.0,6.7,18.0,0,0.9562348265919056,0.29260033563334836,0.6427876096865393,0.766044443118978,14.0,4.199999999999999,0
75,1013.1,25.9,23.1,21.0,21.4,93.0,88.0,1.8,17.2,0,0.9611297838723007,0.27609697309746883,0.6427876096865393,0.766044443118978,1.7000000000000028,4.899999999999999,0
76,1017.4,23.9,21.2,19.0,16.9,76.0,70.0,3.9,15.3,0,0.9657399376548549,0.2595117970697999,0.6427876096865393,0.766044443118978,4.300000000000001,4.899999999999999,0
77,1019.3,27.8,23.1,21.3,21.9,87.0,95.0,0.6,25.5,1,0.9700639218515071,0.2428497220959356,0.984807753012208,0.17364817766693041,1.2000000000000028,6.5,0
78,1018.0,27.7,25.3,22.8,22.3,85.0,89.0,0.1,17.3,1,0.9741004551724205,0.22611568550828828,0.49999999999999994,0.8660254037844387,3.0,4.899999999999999,0
79,1013.0,26.7,23.2,21.1,23.2,90.0,88.0,0.1,15.3,1,0.9778483415056568,0.20931464596304847,0.49999999999999994,0.8660254037844387,0.0,5.599999999999998,0
80,1011.4,17.1,16.8,15.6,16.5,94.0,95.0,0.0,29.7,1,0.9813064702716093,0.19245158197082998,0.766044443118978,0.6427876096865394,0.3000000000000007,1.5000000000000018,1
81,1011.6,22.4,21.1,20.1,19.6,98.0,97.0,0.5,12.5,1,0.9844738167520922,0.1755314904214282,0.984807753012208,0.17364817766693041,1.5,2.299999999999997,0
82,1010.3,17.6,16.6,15.6,13.4,92.0,96.0,0.0,41.4,1,0.9873494423939864,0.15855938510313478,0.766044443118978,0.6427876096865394,3.200000000000001,2.0000000000000018,1
83,1008.2,25.9,22.0,21.5,20.6,88.0,84.0,3.2,24.2,1,0.989932495087353,0.141540295217043,0.3420201433256687,0.9396926207859084,1.3999999999999986,4.399999999999999,0
84,1013.5,26.0,24.5,21.0,22.7,89.0,88.0,0.6,20.8,1,0.9922222094179323,0.12447926388678915,0.766044443118978,0.6427876096865394,1.8000000000000007,5.0,0
85,1010.3,26.9,24.9,23.0,22.3,88.0,89.0,0.4,11.3,1,0.994217906893952,0.10738134666416309,0.9396926207859083,0.3420201433256688,2.599999999999998,3.8999999999999986,0
86,1013.3,27.7,25.3,23.6,22.3,84.0,90.0,1.1,6.6,1,0.995918996147179,0.09025161003104117,0.8660254037844386,0.5000000000000001,3.0,4.099999999999998,0
87,1011.3,22.8,20.6,19.9,18.6,79.0,81.0,0.0,23.5,1,0.9973249731081555,0.07309512989807777,0.9396926207859083,0.3420201433256688,2.0,2.900000000000002,1
88,1009.9,23.2,21.1,20.1,21.9,92.0,93.0,0.0,15.0,1,0.9984354211555643,0.055916990100603484,-0.17364817766693047,-0.984807753012208,-0.7999999999999972,3.099999999999998,1
89,1012.5,26.2,24.9,24.0,22.1,98.0,88.0,0.1,25.2,1,0.9992500112396835,0.03872228089217446,0.9396926207859083,0.3420201433256688,2.799999999999997,2.1999999999999993,0
90,1013.2,26.3,24.3,23.9,22.4,94.0,83.0,5.0,20.4,1,0.9997685019798909,0.021516097436222254,0.9396926207859083,0.3420201433256688,1.9000000000000021,2.400000000000002,0
91,1012.0,28.2,25.3,23.7,23.2,89.0,90.0,2.5,8.1,1,0.9999907397361901,0.004303538296244289,0.6427876096865393,0.766044443118978,2.1000000000000014,4.5,0
92,1009.5,25.1,23.3,21.3,21.4,94.0,88.0,0.3,19.8,1,0.9999166586547379,-0.01291029607500882,-0.8660254037844384,-0.5000000000000004,1.9000000000000021,3.8000000000000007,0
93,1013.9,24.8,23.7,21.8,21.2,90.0,82.0,3.3,12.0,1,0.9995462806873573,-0.030120304846908114,-0.6427876096865393,-0.766044443118978,2.5,3.0,0
94,1011.4,22.3,21.1,20.6,19.9,97.0,88.0,0.1,24.9,1,0.9988797155850336,-0.04732138832243185,0.766044443118978,0.6427876096865394,1.2000000000000028,1.6999999999999993,0
95,1006.8,27.8,25.3,24.0,24.3,92.0,89.0,2.4,21.9,1,0.9979171608653922,-0.06450844944931623,0.6427876096865393,0.766044443118978,1.0,3.8000000000000007,0
96,1007.8,28.2,26.6,25.8,24.2,87.0,84.0,1.8,30.6,1,0.9966589017541702,-0.08167639533042241,0.984807753012208,0.17364817766693041,2.400000000000002,2.3999999999999986,0
97,1016.3,28.6,26.4,25.0,23.9,94.0,88.0,0.4,18.0,1,0.9951053111006976,-0.09882013873287143,0.984807753012208,0.17364817766693041,2.5,3.6000000000000014,0
98,1012.4,27.0,26.1,25.9,24.3,86.0,84.0,2.2,13.8,1,0.9932568492674143,-0.11593459959550041,0.6427876096865393,0.766044443118978,1.8000000000000007,1.1000000000000014,0
99,1017.0,28.2,26.6,25.8,23.7,79.0,82.0,4.8,30.6,1,0.9911140639934547,-0.1330147065341959,0.984807753012208,-0.1736481776669303,2.900000000000002,2.3999999999999986,0
100,1010.1,27.6,25.5,24.7,22.9,80.0,87.0,1.4,30.2,1,0.9886775902323405,-0.1500553983446526,0.766044443118978,0.6427876096865394,2.6000000000000014,2.900000000000002,0
101,1012.2,26.6,24.9,22.0,22.1,84.0,88.0,1.0,9.1,1,0.9859481499638304,-0.16705162550211924,0.984807753012208,0.17364817766693041,2.799999999999997,4.600000000000001,0
102,1011.1,23.9,22.8,20.1,20.4,87.0,91.0,0.0,16.0,1,0.9829265519799822,-0.18399835165768005,0.984807753012208,0.17364817766693041,2.400000000000002,3.799999999999997,1
103,1012.0,30.5,26.8,24.8,23.1,84.0,88.0,2.4,28.8,1,0.9796136916454901,-0.20089055513063506,0.8660254037844386,0.5000000000000001,3.6999999999999993,5.699999999999999,0
104,1013.0,29.8,26.6,24.9,23.7,86.0,88.0,0.6,9.8,1,0.9760105506323683,-0.21772323039653177,0.9396926207859083,0.3420201433256688,2.900000000000002,4.900000000000002,0
105,1016.0,28.4,26.8,24.8,25.0,87.0,88.0,1.5,26.4,1,0.9721181966290613,-0.23449138957040985,0.9396926207859083,0.3420201433256688,1.8000000000000007,3.599999999999998,0
106,1013.3,27.8,25.9,24.4,24.7,92.0,85.0,0.2,12.6,1,0.9679377830240642,-0.25119006388481935,-0.17364817766693047,-0.984807753012208,1.1999999999999993,3.400000000000002,0
107,1008.3,30.8,28.1,25.4,24.1,84.0,85.0,3.1,15.9,1,0.9634705485641488,-0.2678143051621742,1.2246467991473532e-16,-1.0,4.0,5.400000000000002,0
108,1014.5,30.9,27.3,25.5,24.3,82.0,83.0,4.7,16.0,1,0.9587178169872964,-0.2843591872810034,-1.0,-1.8369701987210297e-16,3.0,5.399999999999999,0
109,1011.1,31.0,28.1,26.7,23.7,87.0,82.0,2.7,14.0,1,0.9536809966304457,-0.30081980763566735,0.49999999999999994,0.8660254037844387,4.400000000000002,4.300000000000001,0
110,1011.4,24.9,22.2,20.8,20.6,91.0,84.0,2.2,18.0,1,0.9483615800121715,-0.3171912885891061,0.6427876096865393,0.766044443118978,1.5999999999999979,4.099999999999998,0
111,1013.3,26.9,24.6,23.3,19.9,82.0,81.0,5.7,20.4,1,0.9427611433904207,-0.3334687789181868,0.9396926207859083,0.3420201433256688,4.700000000000003,3.599999999999998,0
112,1013.3,26.5,24.9,23.1,22.1,87.0,85.0,2.5,11.9,1,0.9368813462954315,-0.3496474552512284,0.8660254037844386,0.5000000000000001,2.799999999999997,3.3999999999999986,0
113,1011.4,29.8,26.9,25.6,23.8,89.0,75.0,8.8,9.2,1,0.9307239310379795,-0.36572252349726897,0.766044443118978,0.6427876096865394,3.099999999999998,4.199999999999999,0
114,1012.5,26.3,24.8,23.6,21.1,89.0,84.0,1.2,23.4,1,0.9242907221930934,-0.3816892202666588,0.984807753012208,0.17364817766693041,3.6999999999999993,2.6999999999999993,0
115,1011.4,29.1,26.8,25.4,23.2,83.0,81.0,1.8,15.1,1,0.9175836260593937,-0.39754281428255595,-0.17364817766693047,-0.984807753012208,3.6000000000000014,3.700000000000003,0
116,1011.3,29.1,26.1,24.1,23.1,75.0,66.0,5.7,13.6,1,0.9106046300942163,-0.4132786077829042,0.3420201433256687,0.9396926207859084,3.0,5.0,0
117,1008.1,30.8,27.8,26.5,24.7,82.0,86.0,1.2,31.2,1,0.9033558023246845,-0.4288919379124835,-0.5000000000000001,-0.8660254037844386,3.1000000000000014,4.300000000000001,0
118,1011.1,28.9,24.8,23.7,22.0,86.0,85.0,3.6,14.8,1,0.895839290734909,-0.4443781781046132,0.984807753012208,0.17364817766693041,2.8000000000000007,5.199999999999999,0
119,1010.4,31.0,28.1,26.4,23.4,89.0,71.0,6.7,13.9,0,0.8880573226294932,-0.45973273945210397,-0.34202014332566866,-0.9396926207859084,4.700000000000003,4.600000000000001,0
120,1013.4,27.6,24.8,22.8,22.5,93.0,85.0,3.9,9.2,0,0.8800122039735357,-0.47495107206704995,0.3420201433256687,0.9396926207859084,2.3000000000000007,4.800000000000001,0
121,1007.6,28.7,26.2,24.3,24.2,87.0,78.0,8.4,15.8,1,0.8717063187093219,-0.49002866642905923,-0.6427876096865393,-0.766044443118978,2.0,4.399999999999999,0
122,1006.7,29.1,26.8,24.8,24.2,93.0,88.0,0.4,23.9,1,0.8631421280499114,-0.5049610547215204,0.3420201433256687,0.9396926207859084,2.6000000000000014,4.300000000000001,0
123,1009.5,30.3,27.0,24.4,23.8,77.0,75.0,8.7,7.9,1,0.854322169749827,-0.5197438121555155,0.984807753012208,-0.1736481776669303,3.1999999999999993,5.900000000000002,0
124,1007.9,30.7,28.1,26.2,24.1,81.0,73.0,6.3,16.1,0,0.8452490573530633,-0.5343725582809786,-0.7660444431189779,-0.6427876096865395,4.0,4.5,0
125,1007.6,30.4,26.3,23.2,23.3,89.0,66.0,7.7,8.5,1,0.8359254794186372,-0.548842958284719,0.9659258262890683,0.25881904510252074,3.0,7.199999999999999,0
126,1006.6,30.6,27.9,23.7,25.1,77.0,69.0,7.6,9.1,1,0.8263541987239096,-0.5631507242749186,-0.6427876096865393,-0.766044443118978,2.799999999999997,6.900000000000002,0
127,1006.7,29.6,28.4,26.7,25.5,93.0,85.0,0.2,24.8,1,0.8165380514459161,-0.5772916165517272,0.766044443118978,-0.6427876096865394,2.8999999999999986,2.900000000000002,0
128,1005.9,28.5,27.7,26.0,24.3,87.0,89.0,1.2,29.8,1,0.8064799463209448,-0.5912614448635781,0.766044443118978,0.6427876096865394,3.3999999999999986,2.5,0
129,1008.9,31.0,29.0,26.7,25.6,80.0,69.0,6.4,11.2,1,0.7961828637826158,-0.6050560696488488,-0.7660444431189779,-0.6427876096865395,3.3999999999999986,4.300000000000001,0
130,1006.9,31.2,28.2,26.6,25.7,74.0,81.0,4.4,18.1,1,0.7856498550787147,-0.6186714032625031,-0.7660444431189779,-0.6427876096865395,2.5,4.599999999999998,0
131,1007.5,32.0,29.9,27.7,24.3,91.0,85.0,6.2,25.0,1,0.7748840413670407,-0.6321034111873487,-0.6427876096865393,-0.766044443118978,5.599999999999998,4.300000000000001,0
132,1006.0,31.7,28.2,26.4,25.4,84.0,87.0,3.4,12.4,1,0.7638886127905428,-0.6453481132295501,-0.5000000000000001,-0.8660254037844386,2.8000000000000007,5.300000000000001,0
133,1009.5,33.0,30.1,27.1,25.9,75.0,69.0,10.0,19.6,0,0.7526668275320084,-0.6584015846980488,-0.6427876096865393,-0.766044443118978,4.200000000000003,5.899999999999999,0
134,1008.7,32.4,29.4,27.6,26.4,81.0,88.0,1.0,16.5,1,0.741222010848596,-0.6712599575675313,-0.6427876096865393,-0.766044443118978,3.0,4.799999999999997,0
135,1007.9,33.4,29.1,24.3,25.8,88.0,82.0,2.2,20.5,1,0.7295575540864875,-0.6839194216246106,-0.7660444431189779,-0.6427876096865395,3.3000000000000007,9.099999999999998,0
136,1008.8,33.0,30.1,28.3,26.0,82.0,85.0,3.7,13.0,1,0.717676913675962,-0.6963762255968722,-0.6427876096865393,-0.766044443118978,4.100000000000001,4.699999999999999,0
137,1005.9,31.8,28.5,26.4,26.1,83.0,88.0,2.0,25.1,1,0.705583610107178,-0.7086266782644596,-0.6427876096865393,-0.766044443118978,2.3999999999999986,5.400000000000002,0
138,1008.1,32.8,30.3,28.7,25.3,79.0,78.0,9.3,11.3,1,0.6932812268869777,-0.7206671495538609,-0.7660444431189779,-0.6427876096865395,5.0,4.099999999999998,0
139,1008.5,31.7,28.9,26.9,25.3,84.0,88.0,1.6,24.5,1,0.6807734094770161,-0.7324940716135789,-0.6427876096865393,-0.766044443118978,3.599999999999998,4.800000000000001,0
140,1007.9,33.2,30.1,28.1,20.9,78.0,29.0,11.1,9.2,0,0.6680638642135335,-0.7441039398713607,0.49999999999999994,-0.8660254037844387,9.200000000000003,5.100000000000001,0
141,1006.3,32.8,29.0,27.7,26.3,89.0,88.0,0.7,28.4,1,0.6551563572090853,-0.7554933140726803,-0.8660254037844384,-0.5000000000000004,2.6999999999999993,5.099999999999998,0
142,1008.1,33.3,30.3,28.7,24.3,75.0,32.0,11.9,15.8,0,0.6420547132365637,-0.766658819300159,-0.6427876096865393,-0.766044443118978,6.0,4.599999999999998,0
143,1006.6,33.3,30.0,28.0,25.0,72.0,39.0,10.5,9.4,0,0.6287628145958344,-0.777597146973627,-0.7660444431189779,-0.6427876096865395,5.0,5.299999999999997,0
144,1005.6,32.9,30.3,28.1,24.5,86.0,89.0,6.5,15.7,1,0.6152845999633276,-0.7883050558305255,0.8660254037844387,-0.4999999999999998,5.800000000000001,4.799999999999997,0
145,1007.5,32.2,29.7,27.5,25.7,81.0,83.0,6.3,4.5,1,0.6016240632249226,-0.7987793728863649,-0.6427876096865393,-0.766044443118978,4.0,4.700000000000003,0
146,1008.8,33.2,30.0,29.8,25.5,80.0,33.0,11.8,14.6,0,0.5877852522924732,-0.8090169943749473,-0.7660444431189779,-0.6427876096865395,4.5,3.400000000000002,0
147,1005.3,33.3,30.3,28.7,24.8,76.0,54.0,10.5,10.2,0,0.5737722679043246,-0.8190148866680801,-0.7660444431189779,-0.6427876096865395,5.5,4.599999999999998,0
148,1008.5,33.0,30.2,28.4,24.7,78.0,38.0,10.4,9.9,0,0.5595892624101765,-0.8287700871745038,0.8660254037844387,-0.4999999999999998,5.5,4.600000000000001,0
149,1010.5,33.7,30.3,28.6,25.8,75.0,32.0,9.3,14.0,0,0.545240438540651,-0.8382797052177744,-0.8660254037844384,-0.5000000000000004,4.5,5.100000000000001,0
150,1006.7,34.1,30.1,26.8,25.2,81.0,80.0,3.9,24.4,1,0.5307300481619334,-0.8475409228928311,-0.34202014332566866,-0.9396926207859084,4.900000000000002,7.300000000000001,0
151,1008.6,33.4,30.4,28.0,24.7,72.0,20.0,10.1,11.8,0,0.5160623910158528,-0.8565509959010036,-0.7660444431189779,-0.6427876096865395,5.699999999999999,5.399999999999999,0
152,1007.9,33.8,30.6,27.0,24.9,75.0,44.0,10.0,24.5,0,0.5012418134457758,-0.865307254363206,-0.6427876096865393,-0.766044443118978,5.700000000000003,6.799999999999997,0
153,1005.6,33.4,30.4,27.0,23.4,75.0,38.0,10.6,15.4,0,0.48627270710869,-0.8738071036110808,0.17364817766693033,0.984807753012208,7.0,6.399999999999999,0
154,1008.4,34.4,30.6,28.6,25.8,77.0,58.0,9.3,9.2,0,0.4711595076738638,-0.8820480249558537,-0.6427876096865393,-0.766044443118978,4.800000000000001,5.799999999999997,0
155,1009.9,35.1,30.7,28.0,25.4,81.0,60.0,8.3,14.5,1,0.4559066935084588,-0.8900275764346767,-0.34202014332566866,-0.9396926207859084,5.300000000000001,7.100000000000001,0
156,1008.9,34.8,31.4,27.4,20.6,78.0,43.0,8.3,19.7,0,0.440518784350495,-0.8977433935342337,-0.6427876096865393,-0.766044443118978,10.799999999999997,7.399999999999999,0
157,1008.8,32.9,30.9,28.2,23.9,78.0,72.0,4.1,30.2,1,0.42500033996955416,-0.9051931898913974,1.2246467991473532e-16,-1.0,7.0,4.699999999999999,0
158,1007.2,33.3,30.9,28.6,25.3,79.0,78.0,2.7,9.2,1,0.4093559588156213,-0.9123747579707273,0.9396926207859084,-0.3420201433256687,5.599999999999998,4.699999999999996,0
159,1006.2,34.8,30.6,27.4,24.9,82.0,80.0,4.9,28.7,1,0.39359027665646673,-0.9192859697186104,0.9396926207859083,0.3420201433256688,5.700000000000003,7.399999999999999,0
160,1008.8,30.9,28.6,26.9,26.7,85.0,88.0,0.2,13.6,1,0.3777079652039649,-0.9259247771938498,-0.7660444431189779,-0.6427876096865395,1.9000000000000021,4.0,0
161,1007.8,35.1,31.0,27.1,26.5,86.0,84.0,3.8,29.8,1,0.36171373072976765,-0.9322892131745133,-0.6427876096865393,-0.766044443118978,4.5,8.0,0
162,1008.8,35.1,31.1,28.8,26.1,75.0,46.0,10.4,15.7,1,0.3456123126707335,-0.9383773917408641,0.17364817766693028,-0.984807753012208,5.0,6.300000000000001,0
163,1006.9,33.3,30.3,28.1,25.4,74.0,47.0,5.0,9.6,0,0.3294084822245304,-0.9441875088341993,-0.7660444431189779,-0.6427876096865395,4.900000000000002,5.199999999999996,0
164,1008.1,34.4,30.0,27.1,25.7,79.0,72.0,10.6,27.3,0,0.3131070409358269,-0.9497178427914316,-0.17364817766693047,-0.984807753012208,4.300000000000001,7.299999999999997,0
165,1007.8,32.3,29.0,26.9,25.4,78.0,38.0,11.0,20.2,0,0.29671281927349075,-0.9549667548552551,-0.6427876096865393,-0.766044443118978,3.6000000000000014,5.399999999999999,0
166,1008.3,31.0,30.6,28.1,25.9,79.0,79.0,3.7,12.8,1,0.2802306751992159,-0.9599326896597447,-0.6427876096865393,-0.766044443118978,4.700000000000003,2.8999999999999986,0
167,1010.3,31.3,28.6,26.4,25.3,93.0,84.0,1.8,14.8,1,0.26366549272800704,-0.9646141756912435,-0.6427876096865393,-0.766044443118978,3.3000000000000007,4.900000000000002,0
168,1006.2,31.7,27.3,26.2,25.9,81.0,79.0,6.2,24.4,1,0.24702218048093552,-0.9690098257244062,-0.8660254037844384,-0.5000000000000004,1.4000000000000021,5.5,0
169,1008.1,33.1,29.6,27.4,25.6,88.0,83.0,5.9,11.1,1,0.23030567023061221,-0.9731183372332619,-0.34202014332566866,-0.9396926207859084,4.0,5.700000000000003,0
170,1008.5,32.0,28.6,26.3,25.4,79.0,78.0,8.5,23.3,1,0.21352091543979612,-0.9769384927771817,-0.7660444431189779,-0.6427876096865395,3.200000000000003,5.699999999999999,0
171,1006.4,32.0,28.2,26.5,25.9,84.0,82.0,3.1,14.6,1,0.19667288979357647,-0.980469160361632,-0.6427876096865393,-0.766044443118978,2.3000000000000007,5.5,0
172,1006.3,32.8,29.4,27.5,26.4,82.0,83.0,2.0,20.7,0,0.1797665857255624,-0.9837092937736097,-0.17364817766693047,-0.984807753012208,3.0,5.299999999999997,0
173,1004.5,31.4,28.0,24.7,25.2,74.0,88.0,0.1,14.8,1,0.16280701293851715,-0.986657932891657,1.0,6.123233995736766e-17,2.8000000000000007,6.699999999999999,0
174,1008.9,32.8,30.0,28.1,25.0,75.0,85.0,7.8,22.8,1,0.1457991969198751,-0.9893142039703663,-0.6427876096865393,-0.766044443118978,5.0,4.699999999999996,0
175,1008.7,31.6,28.2,26.8,26.6,89.0,82.0,2.4,25.9,1,0.12874817745258132,-0.99167731989929,-0.8660254037844384,-0.5000000000000004,1.5999999999999979,4.800000000000001,0
176,1005.4,31.1,28.4,28.8,25.5,84.0,86.0,6.8,16.7,1,0.11165900712169512,-0.993746580436178,-0.6427876096865393,-0.766044443118978,2.8999999999999986,2.3000000000000007,0
177,1008.4,32.4,29.5,27.3,25.8,87.0,84.0,3.7,18.8,1,0.09453674981719912,-0.9955213724144752,-0.7660444431189779,-0.6427876096865395,3.6999999999999993,5.099999999999998,0
178,1008.4,33.0,30.1,28.0,25.2,86.0,88.0,7.7,16.5,1,0.07738647923346301,-0.9970011699250151,-0.34202014332566866,-0.9396926207859084,4.900000000000002,5.0,0
179,1008.4,30.3,28.6,26.9,25.9,88.0,84.0,0.2,12.8,1,0.06021327736579302,-0.9981855344718586,-0.7660444431189779,-0.6427876096865395,2.700000000000003,3.400000000000002,0
180,1008.9,31.0,29.0,28.4,25.2,78.0,78.0,6.9,26.5,1,0.04302223300453059,-0.99907411510223,-0.7660444431189779,-0.6427876096865395,3.8000000000000007,2.6000000000000014,0
181,1005.7,31.0,29.1,26.3,26.3,84.0,78.0,5.4,13.3,1,0.02581844022713308,-0.9996666485105112,-0.7660444431189779,-0.6427876096865395,2.8000000000000007,4.699999999999999,0
182,1010.5,31.6,29.0,25.3,26.1,79.0,80.0,2.3,11.3,1,0.008606996888688698,-0.9999629591162655,0.766044443118978,-0.6427876096865394,2.8999999999999986,6.300000000000001,0
183,1008.4,33.7,30.0,27.8,25.0,78.0,38.0,11.4,13.9,0,-0.008606996888688009,-0.9999629591162655,1.2246467991473532e-16,-1.0,5.0,5.900000000000002,0
184,1008.1,32.4,30.1,28.0,25.9,77.0,38.0,11.8,15.2,0,-0.02581844022713239,-0.9996666485105112,-0.8660254037844384,-0.5000000000000004,4.200000000000003,4.399999999999999,0
185,1008.5,33.3,30.6,28.1,25.9,81.0,58.0,6.0,16.5,1,-0.04302223300453034,-0.99907411510223,-0.6427876096865393,-0.766044443118978,4.700000000000003,5.199999999999996,0
186,1007.8,33.3,30.1,28.6,25.9,75.0,44.0,10.6,10.9,0,-0.060213277365792774,-0.9981855344718586,1.2246467991473532e-16,-1.0,4.200000000000003,4.699999999999996,0
187,1003.8,31.2,28.7,26.9,24.8,86.0,83.0,3.1,12.3,1,-0.07738647923346322,-0.9970011699250151,-0.5000000000000001,-0.8660254037844386,3.8999999999999986,4.300000000000001,0
188,1008.5,30.2,28.7,26.2,26.4,84.0,87.0,4.3,9.1,1,-0.09453674981719933,-0.9955213724144752,-0.6427876096865393,-0.766044443118978,2.3000000000000007,4.0,0
189,1006.4,32.3,29.9,28.2,25.2,84.0,72.0,10.7,17.3,1,-0.11165900712169444,-0.9937465804361781,-0.6427876096865393,-0.766044443118978,4.699999999999999,4.099999999999998,0
190,1009.6,30.7,29.0,27.7,25.3,82.0,79.0,0.3,24.4,1,-0.12874817745258066,-0.99167731989929,0.9396926207859083,0.3420201433256688,3.6999999999999993,3.0,0
191,1005.9,32.9,29.2,28.2,26.2,75.0,47.0,9.1,13.8,1,-0.14579919691987442,-0.9893142039703664,-0.8660254037844384,-0.5000000000000004,3.0,4.699999999999999,0
192,1008.6,32.3,29.5,26.0,24.6,79.0,78.0,9.1,12.5,0,-0.16280701293851646,-0.9866579328916572,0.766044443118978,0.6427876096865394,4.899999999999999,6.299999999999997,0
193,1005.8,32.2,29.4,26.4,25.3,81.0,59.0,7.2,23.7,0,-0.17976658572556214,-0.9837092937736098,0.49999999999999994,0.8660254037844387,4.099999999999998,5.800000000000004,0
194,1011.5,32.8,30.1,28.0,25.9,77.0,38.0,12.1,15.3,0,-0.19667288979357622,-0.9804691603616321,-0.7660444431189779,-0.6427876096865395,4.200000000000003,4.799999999999997,0
195,1006.6,33.1,30.3,28.2,25.8,78.0,69.0,11.2,8.0,0,-0.2135209154397959,-0.9769384927771817,-0.7660444431189779,-0.6427876096865395,4.5,4.900000000000002,0
196,1008.3,33.7,30.3,28.0,24.3,74.0,38.0,10.5,15.5,1,-0.23030567023061196,-0.973118337233262,-0.6427876096865393,-0.766044443118978,6.0,5.700000000000003,0
197,1008.5,34.4,30.1,27.8,24.3,74.0,28.0,10.1,9.2,0,-0.24702218048093527,-0.9690098257244063,-0.6427876096865393,-0.766044443118978,5.800000000000001,6.599999999999998,0
198,1008.4,32.1,30.6,28.0,24.3,80.0,65.0,9.9,17.2,0,-0.2636654927280072,-0.9646141756912435,-0.5000000000000001,-0.8660254037844386,6.300000000000001,4.100000000000001,0
199,1008.0,33.2,30.6,26.4,26.2,81.0,78.0,5.1,15.7,1,-0.2802306751992161,-0.9599326896597445,-0.9396926207859085,0.34202014332566816,4.400000000000002,6.800000000000004,0
200,1002.2,33.2,30.2,27.4,24.7,72.0,29.0,10.2,7.9,0,-0.2967128192734901,-0.9549667548552553,0.3420201433256687,0.9396926207859084,5.5,5.800000000000004,0
201,1008.2,33.2,30.0,28.8,25.3,77.0,53.0,11.0,4.5,0,-0.3131070409358267,-0.9497178427914317,0.17364817766693028,-0.984807753012208,4.699999999999999,4.400000000000002,0
202,1000.1,31.1,28.7,27.2,24.5,82.0,88.0,2.2,5.5,1,-0.3294084822245302,-0.9441875088341994,-0.8660254037844384,-0.5000000000000004,4.199999999999999,3.900000000000002,0
203,1011.5,31.4,28.7,26.9,25.3,82.0,88.0,1.6,22.0,1,-0.3456123126707333,-0.9383773917408642,-0.34202014332566866,-0.9396926207859084,3.3999999999999986,4.5,0
204,1007.6,31.7,28.1,26.6,24.5,83.0,78.0,2.3,23.5,1,-0.3617137307297674,-0.9322892131745134,1.2246467991473532e-16,-1.0,3.6000000000000014,5.099999999999998,0
205,1011.4,31.0,28.1,26.9,26.3,76.0,69.0,8.8,9.1,1,-0.37770796520396466,-0.9259247771938499,0.3420201433256687,0.9396926207859084,1.8000000000000007,4.100000000000001,0
206,1002.2,30.5,27.9,25.2,24.3,82.0,75.0,5.6,13.9,1,-0.39359027665646645,-0.9192859697186105,1.2246467991473532e-16,-1.0,3.599999999999998,5.300000000000001,0
207,1009.2,31.0,28.9,26.4,25.4,89.0,86.0,1.3,11.7,1,-0.4093559588156211,-0.9123747579707274,0.984807753012208,0.17364817766693041,3.5,4.600000000000001,0
208,1006.1,33.5,30.6,28.1,25.4,77.0,57.0,10.6,26.1,1,-0.42500033996955394,-0.9051931898913975,-0.7660444431189779,-0.6427876096865395,5.200000000000003,5.399999999999999,0
209,1006.7,33.3,30.2,28.0,24.3,77.0,32.0,10.9,25.0,0,-0.4405187843504952,-0.8977433935342336,-0.9396926207859085,0.34202014332566816,5.899999999999999,5.299999999999997,0
210,1000.3,33.5,30.4,28.3,24.1,71.0,48.0,10.0,15.3,1,-0.455906693508459,-0.8900275764346766,0.17364817766693033,0.984807753012208,6.299999999999997,5.199999999999999,0
211,1004.3,35.4,31.4,28.4,24.8,62.0,38.0,11.2,22.4,0,-0.47115950767386394,-0.8820480249558535,0.9396926207859084,-0.3420201433256687,6.599999999999998,7.0,0
212,1010.3,31.1,28.9,26.7,26.0,86.0,83.0,6.4,26.4,1,-0.4862727071086902,-0.8738071036110807,0.49999999999999994,-0.8660254037844387,2.8999999999999986,4.400000000000002,0
213,1006.6,33.3,30.8,28.6,24.7,72.0,29.0,10.6,20.2,0,-0.5012418134457756,-0.8653072543632061,-0.9396926207859085,0.34202014332566816,6.100000000000001,4.699999999999996,0
214,1005.5,29.2,27.5,25.6,24.9,74.0,87.0,0.6,11.9,0,-0.5160623910158526,-0.8565509959010037,0.3420201433256687,0.9396926207859084,2.6000000000000014,3.599999999999998,0
215,999.0,35.1,31.0,28.6,26.4,75.0,57.0,9.4,11.3,1,-0.5307300481619331,-0.8475409228928312,-0.9848077530122081,0.17364817766692997,4.600000000000001,6.5,0
216,1008.4,31.2,28.1,26.8,25.4,81.0,88.0,0.3,21.9,1,-0.5452404385406507,-0.8382797052177745,0.766044443118978,0.6427876096865394,2.700000000000003,4.399999999999999,0
217,1005.6,30.5,27.6,26.9,23.7,73.0,60.0,8.6,13.8,0,-0.5595892624101763,-0.828770087174504,-0.6427876096865393,-0.766044443118978,3.900000000000002,3.6000000000000014,0
218,1008.3,32.8,29.2,26.8,24.0,80.0,85.0,5.3,13.9,1,-0.5737722679043243,-0.8190148866680802,-0.6427876096865393,-0.766044443118978,5.199999999999999,5.9999999999999964,0
219,1007.1,32.4,29.2,26.4,26.0,74.0,43.0,7.7,11.8,0,-0.5877852522924734,-0.8090169943749472,-0.17364817766693047,-0.984807753012208,3.1999999999999993,6.0,0
220,1006.4,31.3,28.8,27.3,26.4,87.0,84.0,1.2,13.9,1,-0.6016240632249227,-0.7987793728863648,-0.6427876096865393,-0.766044443118978,2.400000000000002,4.0,0
221,1007.9,33.8,30.7,28.0,24.8,81.0,82.0,4.6,17.3,1,-0.6152845999633277,-0.7883050558305253,0.9396926207859083,0.3420201433256688,5.899999999999999,5.799999999999997,0
222,1008.4,31.1,29.0,26.4,24.3,74.0,46.0,5.7,21.5,1,-0.6287628145958345,-0.7775971469736268,0.9396926207859084,-0.3420201433256687,4.699999999999999,4.700000000000003,0
223,1008.4,31.0,28.7,26.5,25.3,81.0,83.0,3.9,12.6,0,-0.6420547132365636,-0.7666588193001592,-0.8660254037844384,-0.5000000000000004,3.3999999999999986,4.5,0
224,1008.5,31.1,28.1,26.4,25.5,78.0,80.0,7.9,18.4,1,-0.655156357209085,-0.7554933140726804,-0.8660254037844386,0.5000000000000001,2.6000000000000014,4.700000000000003,0
225,1010.8,28.9,26.3,25.4,23.9,79.0,55.0,10.2,18.8,0,-0.6680638642135333,-0.7441039398713608,0.9396926207859084,-0.3420201433256687,2.400000000000002,3.5,0
226,1008.1,29.6,26.9,24.8,25.8,78.0,88.0,6.9,17.3,1,-0.680773409477016,-0.732494071613579,0.8660254037844386,0.5000000000000001,1.0999999999999979,4.800000000000001,0
227,1010.9,29.6,26.4,24.5,23.6,82.0,58.0,4.8,17.3,1,-0.6932812268869771,-0.7206671495538615,0.984807753012208,-0.1736481776669303,2.799999999999997,5.100000000000001,0
228,1012.3,28.6,26.8,24.8,23.8,72.0,48.0,10.9,12.8,0,-0.7055836101071774,-0.70862667826446,0.3420201433256687,0.9396926207859084,3.0,3.8000000000000007,0
229,1012.2,31.9,28.0,26.7,25.3,81.0,77.0,4.6,22.5,1,-0.7176769136759615,-0.6963762255968726,0.6427876096865393,0.766044443118978,2.6999999999999993,5.199999999999999,0
230,1011.5,29.5,26.9,25.0,23.8,75.0,43.0,7.7,22.6,0,-0.7295575540864876,-0.6839194216246105,0.984807753012208,-0.1736481776669303,3.099999999999998,4.5,0
231,1011.7,32.3,29.9,27.2,23.2,73.0,43.0,9.5,25.0,0,-0.7412220108485957,-0.6712599575675315,0.9396926207859083,0.3420201433256688,6.699999999999999,5.099999999999998,0
232,1011.4,31.2,28.9,26.4,23.1,70.0,47.0,7.7,17.2,0,-0.7526668275320083,-0.6584015846980489,0.17364817766693033,0.984807753012208,5.799999999999997,4.800000000000001,0
233,1012.5,28.7,26.5,24.8,23.2,71.0,45.0,10.2,25.0,0,-0.7638886127905429,-0.64534811322955,0.9396926207859083,0.3420201433256688,3.3000000000000007,3.8999999999999986,0
234,1005.7,28.9,26.0,24.8,23.0,73.0,44.0,9.8,20.5,0,-0.7748840413670406,-0.6321034111873488,0.3420201433256687,0.9396926207859084,3.0,4.099999999999998,0
235,1005.0,33.0,30.0,28.1,25.0,77.0,43.0,9.4,29.0,0,-0.7856498550787144,-0.6186714032625032,-0.6427876096865393,-0.766044443118978,5.0,4.899999999999999,0
236,1008.4,33.3,30.1,27.0,22.5,84.0,48.0,7.9,17.2,0,-0.7961828637826154,-0.6050560696488494,0.8660254037844386,0.5000000000000001,7.600000000000001,6.299999999999997,0
237,1013.1,30.3,26.7,24.8,22.3,73.0,46.0,10.2,9.1,0,-0.8064799463209447,-0.5912614448635783,0.9396926207859083,0.3420201433256688,4.399999999999999,5.5,0
238,1008.9,31.6,29.2,26.9,25.8,82.0,82.0,6.7,30.0,1,-0.8165380514459157,-0.5772916165517278,-0.34202014332566866,-0.9396926207859084,3.3999999999999986,4.700000000000003,0
239,1010.3,32.9,28.6,26.9,24.6,79.0,51.0,11.0,11.9,0,-0.8263541987239094,-0.5631507242749189,0.8660254037844386,0.5000000000000001,4.0,6.0,0
240,1014.4,30.9,27.2,25.2,25.3,86.0,81.0,1.6,37.7,1,-0.8359254794186365,-0.5488429582847199,-0.6427876096865393,-0.766044443118978,1.8999999999999986,5.699999999999999,0
241,1009.5,31.2,29.4,26.8,21.8,75.0,72.0,7.3,13.1,1,-0.8452490573530633,-0.5343725582809785,0.984807753012208,0.17364817766693041,7.599999999999998,4.399999999999999,0
242,1014.2,28.5,27.2,24.8,25.5,89.0,86.0,2.4,13.0,1,-0.8543221697498269,-0.5197438121555157,-0.34202014332566866,-0.9396926207859084,1.6999999999999993,3.6999999999999993,0
243,1012.5,31.2,28.1,26.8,23.2,78.0,58.0,5.9,14.0,1,-0.8631421280499115,-0.5049610547215202,0.766044443118978,0.6427876096865394,4.900000000000002,4.399999999999999,0
244,1010.5,30.4,28.5,26.4,23.3,78.0,45.0,10.2,24.8,0,-0.8717063187093217,-0.4900286664290594,-0.17364817766693047,-0.984807753012208,5.199999999999999,4.0,0
245,1008.4,31.3,28.1,26.8,24.8,75.0,78.0,7.7,30.2,1,-0.8800122039735356,-0.4749510720670502,-0.5000000000000001,-0.8660254037844386,3.3000000000000007,4.5,0
246,1012.5,31.1,28.8,26.5,24.0,79.0,77.0,6.4,17.3,1,-0.888057322629493,-0.4597327394521046,-0.6427876096865393,-0.766044443118978,4.800000000000001,4.600000000000001,0
247,1015.0,31.2,28.8,27.8,25.1,87.0,69.0,9.5,21.3,1,-0.8958392907349089,-0.4443781781046134,-0.6427876096865393,-0.766044443118978,3.6999999999999993,3.3999999999999986,0
248,1008.2,32.3,29.7,27.3,24.2,74.0,83.0,5.4,39.5,1,-0.9033558023246842,-0.4288919379124841,-0.7660444431189779,-0.6427876096865395,5.5,4.9999999999999964,0
249,1006.0,32.2,29.4,27.4,24.7,82.0,85.0,3.5,25.9,1,-0.9106046300942162,-0.41327860778290443,-0.6427876096865393,-0.766044443118978,4.699999999999999,4.800000000000004,0
250,1008.5,31.8,28.1,26.9,25.6,86.0,83.0,2.1,33.2,1,-0.9175836260593934,-0.3975428142825566,-0.6427876096865393,-0.766044443118978,2.5,4.900000000000002,0
251,1012.5,31.2,28.2,25.8,20.6,70.0,44.0,9.3,33.4,0,-0.9242907221930934,-0.3816892202666586,0.8660254037844386,0.5000000000000001,7.599999999999998,5.399999999999999,0
252,1008.9,32.4,28.8,27.9,25.4,81.0,69.0,5.7,18.2,1,-0.9307239310379793,-0.3657225234972692,-0.7660444431189779,-0.6427876096865395,3.400000000000002,4.5,0
253,1008.0,32.2,29.7,26.6,24.3,80.0,78.0,5.0,15.9,1,-0.9368813462954315,-0.34964745525122826,0.17364817766693033,0.984807753012208,5.399999999999999,5.600000000000001,0
254,1009.9,31.0,28.7,27.0,23.2,85.0,78.0,6.3,8.0,1,-0.9427611433904206,-0.33346877891818705,0.9396926207859083,0.3420201433256688,5.5,4.0,0
255,1012.5,30.8,27.8,26.5,23.2,76.0,45.0,7.6,9.8,1,-0.9483615800121716,-0.31719128858910595,0.3420201433256687,0.9396926207859084,4.600000000000001,4.300000000000001,0
256,1010.2,32.3,29.0,26.6,25.4,82.0,69.0,4.7,21.3,1,-0.9536809966304455,-0.300819807635668,-0.6427876096865393,-0.766044443118978,3.6000000000000014,5.699999999999996,0
257,1007.9,28.1,26.8,24.3,23.1,85.0,85.0,2.5,30.6,1,-0.9587178169872964,-0.2843591872810036,0.766044443118978,-0.6427876096865394,3.6999999999999993,3.8000000000000007,0
258,1015.2,30.7,27.9,25.8,24.3,81.0,67.0,5.9,8.9,1,-0.9634705485641486,-0.26781430516217486,1.2246467991473532e-16,-1.0,3.599999999999998,4.899999999999999,0
259,1010.4,28.2,26.3,24.6,21.9,74.0,49.0,9.5,13.4,0,-0.9679377830240641,-0.25119006388481957,0.3420201433256687,0.9396926207859084,4.400000000000002,3.599999999999998,0
260,1007.6,29.9,27.0,26.5,25.6,92.0,88.0,0.5,8.0,1,-0.9721181966290612,-0.23449138957041052,-0.34202014332566866,-0.9396926207859084,1.3999999999999986,3.3999999999999986,0
261,1009.1,28.2,27.5,25.4,25.4,89.0,88.0,0.2,20.3,1,-0.9760105506323682,-0.21772323039653224,-0.9848077530122081,0.17364817766692997,2.1000000000000014,2.8000000000000007,0
262,1008.1,31.0,28.7,27.0,25.0,81.0,78.0,6.4,23.5,1,-0.9796136916454901,-0.20089055513063528,-0.7660444431189779,-0.6427876096865395,3.6999999999999993,4.0,0
263,1005.7,28.2,25.5,23.4,20.6,84.0,89.0,2.0,23.4,1,-0.9829265519799822,-0.18399835165767986,0.3420201433256687,0.9396926207859084,4.899999999999999,4.800000000000001,0
264,1016.0,31.4,28.1,26.1,23.8,76.0,53.0,9.1,14.0,0,-0.9859481499638303,-0.1670516255021195,1.0,6.123233995736766e-17,4.300000000000001,5.299999999999997,0
265,1017.1,31.0,26.8,25.4,25.4,87.0,88.0,1.6,21.3,1,-0.9886775902323404,-0.15005539834465262,0.6427876096865393,0.766044443118978,1.4000000000000021,5.600000000000001,0
266,1017.0,30.3,27.9,26.2,23.8,81.0,66.0,5.9,8.3,1,-0.9911140639934546,-0.13301470653419636,0.9396926207859083,0.3420201433256688,4.099999999999998,4.100000000000001,0
267,1018.7,29.1,27.9,25.8,23.1,86.0,82.0,6.3,11.9,1,-0.9932568492674143,-0.11593459959550066,0.766044443118978,0.6427876096865394,4.799999999999997,3.3000000000000007,0
268,1013.0,28.8,25.5,23.7,19.3,90.0,81.0,3.4,40.8,1,-0.9951053111006974,-0.09882013873287211,0.984807753012208,0.17364817766693041,6.199999999999999,5.100000000000001,0
269,1018.0,26.2,25.2,24.9,23.6,89.0,84.0,0.6,12.5,1,-0.99665890175417,-0.08167639533042288,-0.6427876096865393,-0.766044443118978,1.5999999999999979,1.3000000000000007,0
270,1017.4,26.8,24.5,24.4,22.1,94.0,88.0,1.2,40.4,1,-0.9979171608653922,-0.06450844944931625,-0.7660444431189779,-0.6427876096865395,2.3999999999999986,2.400000000000002,0
271,1018.7,29.3,25.4,24.7,24.8,94.0,88.0,0.1,15.2,0,-0.9988797155850335,-0.04732138832243232,1.2246467991473532e-16,-1.0,0.5999999999999979,4.600000000000001,0
272,1018.9,26.1,24.8,23.5,19.9,70.0,64.0,6.4,50.7,0,-0.9995462806873573,-0.03012030484690836,0.9396926207859083,0.3420201433256688,4.900000000000002,2.6000000000000014,0
273,1008.9,27.2,25.5,24.8,22.0,79.0,28.0,10.3,26.7,0,-0.9999166586547379,-0.012910296075008843,-0.6427876096865393,-0.766044443118978,3.5,2.3999999999999986,0
274,1017.7,26.6,25.5,23.6,19.4,95.0,95.0,0.0,28.4,1,-0.9999907397361901,0.004303538296243821,0.9396926207859083,0.3420201433256688,6.100000000000001,3.0,1
275,1015.9,28.4,26.2,25.9,24.8,78.0,85.0,6.6,9.6,1,-0.9997685019798909,0.021516097436222233,0.984807753012208,0.17364817766693041,1.3999999999999986,2.5,0
276,1016.9,24.8,22.9,20.6,22.2,92.0,88.0,0.0,50.6,1,-0.9992500112396835,0.03872228089217399,0.9396926207859083,0.3420201433256688,0.6999999999999993,4.199999999999999,1
277,1010.3,25.2,23.7,22.3,21.7,82.0,61.0,6.6,14.1,0,-0.9984354211555643,0.05591699010060302,0.766044443118978,0.6427876096865394,2.0,2.8999999999999986,0
278,1018.8,26.8,24.0,23.9,22.7,90.0,82.0,2.2,21.8,1,-0.9973249731081555,0.07309512989807776,0.9396926207859083,0.3420201433256688,1.3000000000000007,2.900000000000002,0
279,1012.5,27.8,25.8,23.4,20.6,76.0,47.0,7.6,9.0,0,-0.9959189961471792,0.0902516100310407,0.49999999999999994,0.8660254037844387,5.199999999999999,4.400000000000002,0
280,1019.0,25.8,22.6,20.5,20.4,79.0,73.0,0.7,11.3,0,-0.994217906893952,0.10738134666416306,0.9396926207859083,0.3420201433256688,2.200000000000003,5.300000000000001,0
281,1015.9,28.7,25.7,20.6,19.9,65.0,51.0,9.4,20.9,1,-0.9922222094179324,0.12447926388678869,0.9396926207859083,0.3420201433256688,5.800000000000001,8.099999999999998,0
282,1018.9,26.0,24.8,23.7,22.4,75.0,46.0,5.5,20.5,0,-0.989932495087353,0.141540295217043,0.984807753012208,0.17364817766693041,2.400000000000002,2.3000000000000007,0
283,1018.4,27.8,25.3,24.2,23.2,70.0,81.0,2.0,10.2,1,-0.9873494423939864,0.15855938510313475,0.984807753012208,0.17364817766693041,2.1000000000000014,3.6000000000000014,0
284,1019.1,25.7,24.7,24.5,22.3,80.0,88.0,0.3,20.2,1,-0.9844738167520923,0.17553149042142777,0.9396926207859083,0.3420201433256688,2.3999999999999986,1.1999999999999993,0
285,1017.1,27.7,25.5,24.0,21.4,75.0,78.0,7.6,17.3,1,-0.9813064702716093,0.19245158197082995,0.9396926207859083,0.3420201433256688,4.100000000000001,3.6999999999999993,0
286,1019.8,28.9,23.7,21.0,19.0,79.0,79.0,3.2,11.0,1,-0.9778483415056568,0.20931464596304888,0.984807753012208,-0.1736481776669303,4.699999999999999,7.899999999999999,0
287,1014.2,29.4,26.2,23.1,21.4,75.0,49.0,6.6,15.0,0,-0.9741004551724206,0.22611568550828803,0.17364817766693033,0.984807753012208,4.800000000000001,6.299999999999997,0
288,1014.8,28.6,26.6,24.8,21.2,81.0,81.0,1.7,27.6,1,-0.970063921851507,0.2428497220959358,0.9396926207859084,-0.3420201433256687,5.400000000000002,3.8000000000000007,0
289,1017.8,27.8,25.8,24.3,22.3,68.0,56.0,9.9,9.6,1,-0.965739937654855,0.25951179706979943,0.6427876096865393,0.766044443118978,3.5,3.5,0
290,1018.8,28.8,24.5,22.2,19.9,70.0,48.0,7.7,14.5,0,-0.9611297838723007,0.27609697309746883,0.3420201433256687,0.9396926207859084,4.600000000000001,6.600000000000001,0
291,1012.2,28.9,23.8,20.2,21.4,85.0,84.0,0.7,40.4,1,-0.9562348265919058,0.2926003356333479,0.6427876096865393,0.766044443118978,2.400000000000002,8.7,0
292,1011.6,25.9,24.7,22.4,22.7,62.0,84.0,7.5,21.5,1,-0.9510565162951536,0.30901699437494723,0.9396926207859083,0.3420201433256688,2.0,3.5,0
293,1016.8,25.9,23.7,23.3,21.4,84.0,70.0,9.2,25.0,0,-0.9455963874271428,0.3253420847119795,0.984807753012208,0.17364817766693041,2.3000000000000007,2.599999999999998,0
294,1013.0,26.2,24.8,23.7,21.3,81.0,88.0,1.0,41.3,1,-0.9398560579418953,0.341570769167856,0.9396926207859083,0.3420201433256688,3.5,2.5,0
295,1014.6,28.6,25.5,23.8,21.3,85.0,85.0,2.2,19.8,1,-0.9338372288229252,0.35769823883312546,0.9396926207859083,0.3420201433256688,4.199999999999999,4.800000000000001,0
296,1018.5,26.9,24.4,23.2,21.6,81.0,86.0,1.2,20.5,1,-0.9275416835791965,0.3737197147904692,0.984807753012208,0.17364817766693041,2.799999999999997,3.6999999999999993,0
297,1016.8,28.6,25.4,24.3,23.2,87.0,82.0,1.4,14.5,1,-0.9209712877166346,0.38963044953078774,0.49999999999999994,0.8660254037844387,2.1999999999999993,4.300000000000001,0
298,1018.5,26.9,24.2,20.8,20.6,89.0,82.0,3.5,17.3,1,-0.9141279881853337,0.4054257283599973,0.6427876096865393,0.766044443118978,3.599999999999998,6.099999999999998,0
299,1014.5,25.4,23.1,21.0,19.0,87.0,82.0,2.0,16.1,0,-0.9070138128026362,0.42110087079608916,0.766044443118978,0.6427876096865394,4.100000000000001,4.399999999999999,0
300,1014.5,28.2,25.2,23.5,21.4,88.0,84.0,1.8,22.0,1,-0.8996308696522434,0.4366512319560638,0.6427876096865393,0.766044443118978,3.8000000000000007,4.699999999999999,0
301,1014.3,26.1,24.4,22.0,16.8,87.0,80.0,4.8,28.0,1,-0.8919813464595487,0.45207220393230374,0.3420201433256687,0.9396926207859084,7.599999999999998,4.100000000000001,0
302,1016.9,27.5,25.6,24.1,23.1,86.0,67.0,5.7,12.5,1,-0.8840675099433637,0.46735921715800205,0.984807753012208,0.17364817766693041,2.5,3.3999999999999986,0
303,1014.9,27.2,25.5,24.9,22.4,71.0,88.0,1.1,22.9,1,-0.8758917051442433,0.48250774176121763,0.9396926207859083,0.3420201433256688,3.1000000000000014,2.3000000000000007,0
304,1015.3,26.0,24.9,23.1,23.2,90.0,83.0,3.5,24.9,1,-0.8674563547295971,0.4975132889071803,0.984807753012208,0.17364817766693041,1.6999999999999993,2.8999999999999986,0
305,1017.7,27.0,25.6,24.0,23.2,86.0,79.0,1.2,15.3,1,-0.8587639582758031,0.5123714121284235,0.3420201433256687,0.9396926207859084,2.400000000000002,3.0,0
306,1016.9,27.5,24.5,23.5,22.4,82.0,88.0,4.5,24.9,1,-0.8498170915275277,0.5270777086423724,0.766044443118978,0.6427876096865394,2.1000000000000014,4.0,0
307,1014.6,25.2,24.8,23.9,21.2,84.0,70.0,2.1,33.5,1,-0.8406184056344783,0.5416278206559811,0.984807753012208,0.17364817766693041,3.6000000000000014,1.3000000000000007,0
3,1015.2,25.0,23.9,23.6,19.9,76.0,61.0,8.8,14.1,0,0.051619667223253764,0.998666816288476,1.0,6.123233995736766e-17,4.0,1.3999999999999986,0
309,1017.0,27.7,24.0,22.6,19.6,91.0,78.0,3.3,16.4,1,-0.8214765533024145,0.5702422926917867,0.42261826174069944,0.9063077870366499,4.399999999999999,5.099999999999998,0
310,1018.4,26.4,24.4,23.3,23.3,86.0,66.0,9.7,8.3,1,-0.8115390590073611,0.5842981736283683,0.8660254037844386,0.5000000000000001,1.0999999999999979,3.099999999999998,0
311,1020.2,20.6,19.5,18.2,16.8,86.0,88.0,0.1,43.8,1,-0.801361088174677,0.5981809144059159,0.8660254037844386,0.5000000000000001,2.6999999999999993,2.400000000000002,0
312,1020.3,21.3,19.3,17.2,14.9,75.0,88.0,1.6,25.0,1,-0.7909456567567774,0.6118864012687242,0.766044443118978,0.6427876096865394,4.4,4.100000000000001,0
313,1022.3,21.8,18.4,17.4,15.7,88.0,88.0,3.0,16.7,1,-0.780295851070776,0.6254105729852457,0.9396926207859083,0.3420201433256688,2.6999999999999993,4.400000000000002,0
314,1018.8,22.3,20.8,19.1,18.5,90.0,81.0,0.0,15.8,1,-0.7694148268839381,0.6387494220515268,0.6427876096865393,0.766044443118978,2.3000000000000007,3.1999999999999993,1
315,1020.6,21.6,19.1,18.1,17.8,77.0,83.0,0.4,16.7,1,-0.7583058084785625,0.6518989958787125,0.984807753012208,0.17364817766693041,1.3000000000000007,3.5,0
316,1020.8,21.0,18.4,16.9,14.4,75.0,51.0,8.8,14.5,0,-0.7469720876965551,0.6648553979642866,0.6427876096865393,0.766044443118978,3.9999999999999982,4.100000000000001,0
317,1018.6,21.2,19.3,17.2,16.5,92.0,84.0,0.1,35.8,1,-0.7354170229639858,0.6776147890466887,0.3420201433256687,0.9396926207859084,2.8000000000000007,4.0,0
318,1019.8,21.9,19.8,18.2,14.7,70.0,49.0,7.5,23.5,0,-0.7236440382959123,0.690173388242972,0.3420201433256687,0.9396926207859084,5.100000000000001,3.6999999999999993,0
319,1020.9,20.5,18.8,17.5,15.0,89.0,88.0,0.0,25.0,1,-0.7116566222817751,0.7025274741691566,0.3420201433256687,0.9396926207859084,3.8000000000000007,3.0,1
320,1016.4,18.7,17.5,16.2,13.2,76.0,78.0,1.4,23.4,1,-0.6994583270516471,0.7146733860429609,0.17364817766693033,0.984807753012208,4.300000000000001,2.5,0
321,1020.8,18.9,17.3,16.4,13.3,78.0,86.0,2.2,39.7,0,-0.6870527672236675,0.726607524768565,0.9396926207859083,0.3420201433256688,4.0,2.5,0
322,1016.8,19.3,21.6,19.4,15.8,70.0,83.0,0.0,33.2,1,-0.6744436188329457,0.7383263540031063,0.766044443118978,0.6427876096865394,5.800000000000001,-0.09999999999999787,1
323,1019.4,19.4,17.5,16.9,16.8,87.0,86.0,0.5,25.9,1,-0.661634618242279,0.749826401204568,0.9396926207859083,0.3420201433256688,0.6999999999999993,2.5,0
324,1018.9,25.1,21.8,20.6,19.9,92.0,84.0,1.3,19.8,1,-0.6486295610349818,0.7611042586607742,0.49999999999999994,0.8660254037844387,1.9000000000000021,4.5,0
325,1022.2,22.1,19.2,18.0,16.0,90.0,95.0,0.6,28.4,1,-0.6354323008901775,0.7721565844991641,0.8660254037844386,0.5000000000000001,3.1999999999999993,4.100000000000001,0
326,1020.6,20.5,17.5,16.3,12.6,72.0,49.0,7.9,38.0,0,-0.622046748440868,0.7829801036770625,0.3420201433256687,0.9396926207859084,4.9,4.199999999999999,0
327,1022.2,20.6,18.7,16.9,14.9,78.0,90.0,0.0,36.0,1,-0.6084768701151264,0.7935716089521472,0.8660254037844386,0.5000000000000001,3.799999999999999,3.700000000000003,1
328,1018.0,23.3,20.8,18.4,17.8,81.0,84.0,1.6,13.0,1,-0.594726686960764,0.8039279618328208,0.6427876096865393,0.766044443118978,3.0,4.900000000000002,0
329,1022.2,18.6,17.3,15.9,12.9,78.0,89.0,0.0,19.0,1,-0.5808002734538013,0.8140460935082175,0.3420201433256687,0.9396926207859084,4.4,2.700000000000001,1
330,1017.5,18.9,18.4,17.4,16.0,95.0,91.0,0.0,48.0,1,-0.5667017562911184,0.8239230057575536,0.49999999999999994,0.8660254037844387,2.3999999999999986,1.5,1
331,1025.6,18.9,13.5,11.7,0.2,76.0,90.0,1.1,28.0,1,-0.5524353131676203,0.8335557718385695,0.3420201433256687,0.9396926207859084,13.3,7.199999999999999,0
332,1024.2,17.2,15.0,13.7,17.2,79.0,83.0,1.5,27.4,1,-0.5380051715382992,0.8429415373547832,0.3420201433256687,0.9396926207859084,-2.1999999999999993,3.5,0
333,1016.5,17.8,16.8,14.8,15.9,87.0,94.0,0.0,21.5,1,-0.5234156073655503,0.8520775211013093,0.3420201433256687,0.9396926207859084,0.9000000000000004,3.0,1
334,1018.9,17.4,15.5,14.5,11.9,90.0,88.0,0.0,37.5,1,-0.5086709438521042,0.8609610158889945,0.6427876096865393,0.766044443118978,3.5999999999999996,2.8999999999999986,1
335,1022.8,16.7,14.6,12.4,11.0,70.0,46.0,8.3,19.0,0,-0.49377555015997737,0.8695893893466109,0.3420201433256687,0.9396926207859084,3.5999999999999996,4.299999999999999,0
336,1024.9,17.3,15.2,11.8,10.6,54.0,58.0,8.5,19.3,0,-0.4787338401157883,0.8779600847008883,0.766044443118978,0.6427876096865394,4.6,5.5,0
337,1020.6,18.6,16.1,12.9,12.9,92.0,86.0,0.6,31.2,1,-0.4635502709028512,0.8860706215341378,0.49999999999999994,0.8660254037844387,3.200000000000001,5.700000000000001,0
338,1016.8,19.9,18.1,17.1,18.4,95.0,95.0,0.0,38.0,1,-0.4482293417404106,0.893918596519257,0.8660254037844386,0.5000000000000001,-0.29999999999999716,2.799999999999997,1
339,1019.9,18.0,17.5,15.9,15.0,90.0,90.0,0.0,39.7,1,-0.4327755925504317,0.9015016841318838,0.6427876096865393,0.766044443118978,2.5,2.0999999999999996,1
340,1022.7,17.4,15.2,13.3,9.6,75.0,45.0,8.4,9.8,0,-0.41719360261231697,0.9088176373395028,0.3420201433256687,0.9396926207859084,5.6,4.099999999999998,0
341,1017.0,20.5,18.5,17.8,15.6,90.0,93.0,0.3,16.3,1,-0.4014879892059737,0.9158642882672868,0.3420201433256687,0.9396926207859084,2.9000000000000004,2.6999999999999993,0
342,1023.8,16.8,14.8,13.5,8.0,62.0,94.0,0.0,29.0,1,-0.38566340624360745,0.9226395488404875,0.3420201433256687,0.9396926207859084,6.800000000000001,3.3000000000000007,1
343,1022.8,15.5,14.6,13.3,12.7,77.0,88.0,0.0,27.3,1,-0.3697245428906732,0.9291414114031743,0.9396926207859083,0.3420201433256688,1.9000000000000004,2.1999999999999993,1
344,1017.2,21.4,19.4,17.1,18.0,86.0,80.0,6.4,14.5,1,-0.35367612217637207,0.935367949313148,0.6427876096865393,0.766044443118978,1.3999999999999986,4.299999999999997,0
345,1020.8,18.6,17.3,16.1,13.3,75.0,88.0,0.6,26.9,1,-0.33752289959411347,0.941317317512847,0.9396926207859083,0.3420201433256688,4.0,2.5,0
346,1017.7,24.5,21.8,20.5,19.9,84.0,88.0,0.0,19.2,1,-0.32126966169236515,0.9469877530760751,0.984807753012208,0.17364817766693041,1.9000000000000021,4.0,1
347,1020.3,22.2,20.6,19.6,16.2,72.0,77.0,1.4,28.4,1,-0.3049212246562894,0.9523775757303973,0.9396926207859083,0.3420201433256688,4.400000000000002,2.599999999999998,0
348,1017.9,20.6,18.8,19.1,17.8,85.0,91.0,0.3,13.0,1,-0.2884824328806098,0.9574851883550389,0.6427876096865393,0.766044443118978,1.0,1.5,0
349,1022.7,16.2,15.2,13.7,14.3,92.0,88.0,0.0,37.5,1,-0.27195815753410524,0.9623090774541487,0.8660254037844386,0.5000000000000001,0.8999999999999986,2.5,1
350,1020.8,22.8,20.7,17.2,11.6,67.0,46.0,7.2,28.3,0,-0.2553532951161881,0.9668478136052773,0.49999999999999994,0.8660254037844387,9.1,5.600000000000001,0
351,1018.4,23.1,21.4,19.4,19.4,90.0,89.0,1.9,16.3,1,-0.23867276600594997,0.9711000518829505,0.766044443118978,0.6427876096865394,2.0,3.700000000000003,0
352,1023.8,21.5,20.4,19.4,17.9,72.0,69.0,2.4,14.8,1,-0.22192151300416674,0.9750645322571945,0.3420201433256687,0.9396926207859084,2.5,2.1000000000000014,0
353,1019.1,21.4,18.5,17.3,16.9,82.0,82.0,2.7,27.4,1,-0.20510449986861926,0.9787400799669153,0.984807753012208,0.17364817766693041,1.6000000000000014,4.099999999999998,0
354,1018.0,20.1,19.1,18.4,16.7,95.0,88.0,0.0,35.8,1,-0.1882267098432439,0.9821256058680006,0.3420201433256687,0.9396926207859084,2.400000000000002,1.7000000000000028,1
355,1020.6,24.4,22.2,20.6,19.4,74.0,82.0,6.3,38.3,1,-0.1712931441814778,0.9852201067560606,0.9396926207859083,0.3420201433256688,2.8000000000000007,3.799999999999997,0
356,1017.5,20.6,18.3,17.1,15.1,89.0,88.0,0.0,35.3,1,-0.154308820664281,0.9880226656636976,0.3420201433256687,0.9396926207859084,3.200000000000001,3.5,1
357,1019.7,23.0,19.9,17.2,16.8,79.0,89.0,2.9,15.1,1,-0.13727877211326517,0.9905324521322227,0.3420201433256687,0.9396926207859084,3.099999999999998,5.800000000000001,0
358,1016.8,20.9,20.0,19.2,16.8,85.0,83.0,0.6,27.3,1,-0.12020804489935275,0.9927487224577402,0.9396926207859083,0.3420201433256688,3.1999999999999993,1.6999999999999993,0
359,1025.9,17.5,18.0,16.5,13.3,79.0,89.0,0.5,23.4,1,-0.10310169744743544,0.9946708199115211,0.3420201433256687,0.9396926207859084,4.699999999999999,1.0,0
360,1019.5,17.7,16.0,16.5,16.5,93.0,97.0,0.0,21.4,1,-0.0859647987374467,0.9962981749346077,0.766044443118978,0.6427876096865394,-0.5,1.1999999999999993,1
361,1014.6,21.0,20.8,19.9,19.9,95.0,88.0,0.0,18.0,1,-0.06880242680232064,0.9976303053065857,0.6427876096865393,0.766044443118978,0.9000000000000021,1.1000000000000014,1
362,1013.4,21.1,20.0,19.8,19.6,95.0,88.0,0.0,34.3,1,-0.05161966722325418,0.9986668162884759,0.9396926207859083,0.3420201433256688,0.3999999999999986,1.3000000000000007,1
363,1014.6,20.4,18.1,16.9,17.8,95.0,91.0,0.0,30.3,1,-0.034421611622745804,0.9994074007397048,0.766044443118978,0.6427876096865394,0.3000000000000007,3.5,1
364,1017.5,23.7,16.3,15.3,13.9,86.0,90.0,1.1,39.7,1,-0.01721335615583528,0.9998518392091162,0.766044443118978,0.6427876096865394,2.4000000000000004,8.399999999999999,0
365,1017.0,22.1,20.8,19.6,18.0,91.0,88.0,0.0,46.3,1,6.432490598706546e-16,1.0,0.6427876096865393,0.766044443118978,2.8000000000000007,2.5,1
1,1017.8,16.9,15.9,14.6,15.0,90.0,100.0,0.0,24.2,1,0.017213356155834685,0.9998518392091162,0.6427876096865393,0.766044443118978,0.9000000000000004,2.299999999999999,1
2,1016.7,18.2,16.3,15.4,14.7,90.0,100.0,0.0,23.3,1,0.03442161162274574,0.9994074007397048,0.6427876096865393,0.766044443118978,1.6000000000000014,2.799999999999999,1
3,1016.4,16.7,15.6,14.7,11.4,79.0,91.0,0.0,55.5,1,0.051619667223253764,0.998666816288476,0.8660254037844386,0.5000000000000001,4.199999999999999,2.0,1
4,1014.3,15.6,13.8,10.0,7.8,78.0,77.0,3.5,41.3,0,0.06880242680231986,0.9976303053065857,0.3420201433256687,0.9396926207859084,6.000000000000001,5.6,0
5,1022.1,15.9,13.1,12.2,10.3,74.0,81.0,2.1,28.2,1,0.08596479873744647,0.9962981749346078,0.766044443118978,0.6427876096865394,2.799999999999999,3.700000000000001,0
6,1020.6,17.6,13.2,11.2,6.8,59.0,25.0,2.4,33.5,0,0.10310169744743485,0.9946708199115211,0.3420201433256687,0.9396926207859084,6.3999999999999995,6.400000000000002,0
7,1022.2,14.8,12.5,4.0,10.4,84.0,88.0,0.0,30.0,1,0.1202080448993527,0.9927487224577402,0.3420201433256687,0.9396926207859084,2.0999999999999996,10.8,1
8,1020.3,17.6,15.7,14.5,13.5,81.0,100.0,0.0,32.4,1,0.13727877211326478,0.9905324521322229,0.3420201433256687,0.9396926207859084,2.1999999999999993,3.1000000000000014,1
9,1017.7,17.4,16.6,15.9,15.0,95.0,100.0,0.0,39.3,1,0.15430882066428117,0.9880226656636976,0.8660254037844386,0.5000000000000001,1.6000000000000014,1.4999999999999982,1
10,1022.3,15.2,15.8,13.5,11.1,78.0,94.0,0.0,37.0,1,0.1712931441814776,0.9852201067560606,0.8660254037844386,0.5000000000000001,4.700000000000001,1.6999999999999993,1
11,1021.1,15.5,14.1,11.8,8.6,61.0,95.0,0.0,24.9,1,0.1882267098432442,0.9821256058680006,0.6427876096865393,0.766044443118978,5.5,3.6999999999999993,1
12,1024.9,20.2,16.7,14.6,11.7,70.0,38.0,9.1,50.6,0,0.2051044998686192,0.9787400799669153,0.3420201433256687,0.9396926207859084,5.0,5.6,0
13,1024.7,14.6,12.9,12.6,11.3,79.0,91.0,0.0,52.8,1,0.2219215130041655,0.9750645322571948,0.17364817766693033,0.984807753012208,1.5999999999999996,2.0,1
14,1020.5,18.0,16.6,15.3,13.6,79.0,88.0,0.0,28.6,1,0.2386727660059501,0.9711000518829505,0.3420201433256687,0.9396926207859084,3.0000000000000018,2.6999999999999993,1
15,1027.2,20.6,17.7,14.2,11.8,75.0,51.0,7.4,15.2,0,0.255353295116187,0.9668478136052775,0.766044443118978,0.6427876096865394,5.899999999999999,6.400000000000002,0
16,1023.8,18.1,13.7,11.6,4.3,72.0,20.0,10.1,14.8,0,0.2719581575341055,0.9623090774541486,0.9396926207859083,0.3420201433256688,9.399999999999999,6.500000000000002,0
17,1025.9,10.9,8.6,7.0,1.0,73.0,67.0,2.5,30.3,0,0.288482432880609,0.9574851883550393,0.766044443118978,0.6427876096865394,7.6,3.9000000000000004,0
18,1023.7,15.8,10.1,7.7,4.0,72.0,7.0,9.1,9.2,0,0.30492122465628907,0.9523775757303974,0.3420201433256687,0.9396926207859084,6.1,8.100000000000001,0
19,1020.6,17.1,15.2,13.5,11.2,78.0,11.0,9.8,34.0,0,0.3212696616923644,0.9469877530760753,0.8660254037844386,0.5000000000000001,4.0,3.6000000000000014,0
20,1021.3,19.6,17.6,15.7,12.6,64.0,73.0,5.2,20.2,0,0.3375228995941133,0.9413173175128471,0.8660254037844386,0.5000000000000001,5.000000000000002,3.900000000000002,0
21,1017.6,17.3,16.1,14.7,13.0,93.0,95.0,0.0,35.8,1,0.3536761221763716,0.9353679493131483,0.3420201433256687,0.9396926207859084,3.1000000000000014,2.6000000000000014,1
22,1027.9,21.6,18.5,16.3,13.7,77.0,93.0,0.6,15.1,0,0.3697245428906731,0.9291414114031743,0.3420201433256687,0.9396926207859084,4.800000000000001,5.300000000000001,0
23,1013.4,16.5,14.8,13.7,12.9,92.0,100.0,0.0,20.0,1,0.38566340624360707,0.9226395488404876,0.766044443118978,0.6427876096865394,1.9000000000000004,2.8000000000000007,1
24,1023.6,24.2,20.8,18.2,9.8,39.0,49.0,10.2,38.3,0,0.401487989205973,0.9158642882672872,0.8660254037844386,0.5000000000000001,11.0,6.0,0
25,1020.9,24.9,18.1,15.8,17.3,72.0,40.0,10.1,19.8,0,0.4171936026123168,0.9088176373395029,0.17364817766693033,0.984807753012208,0.8000000000000007,9.099999999999998,0
26,1013.9,24.6,22.3,20.7,19.9,91.0,82.0,0.0,27.4,1,0.4327755925504312,0.901501684131884,0.984807753012208,0.17364817766693041,2.400000000000002,3.900000000000002,1
27,1015.6,21.9,20.4,18.5,18.4,79.0,45.0,7.8,9.2,0,0.4482293417404106,0.893918596519257,0.6427876096865393,0.766044443118978,2.0,3.3999999999999986,0
28,1024.6,16.1,13.0,13.5,11.9,76.0,89.0,0.0,33.2,0,0.4635502709028509,0.886070621534138,-0.34202014332566866,-0.9396926207859084,1.0999999999999996,2.6000000000000014,1
29,1017.6,24.8,21.3,19.8,20.1,91.0,89.0,0.2,37.5,1,0.47873384011578846,0.8779600847008882,0.766044443118978,0.6427876096865394,1.1999999999999993,5.0,0
30,1015.4,24.9,21.5,19.5,19.5,77.0,55.0,7.6,17.2,0,0.4937755501599772,0.869589389346611,0.17364817766693033,0.984807753012208,2.0,5.399999999999999,0
31,1017.1,21.9,20.0,19.7,17.3,91.0,94.0,0.0,28.4,1,0.5086709438521044,0.8609610158889943,0.9396926207859083,0.3420201433256688,2.6999999999999993,2.1999999999999993,1
32,1017.6,23.9,21.1,19.9,19.0,89.0,88.0,0.2,14.5,1,0.5234156073655503,0.8520775211013093,0.984807753012208,0.17364817766693041,2.1000000000000014,4.0,0
33,1013.1,22.9,20.7,19.2,19.9,95.0,95.0,0.0,22.6,1,0.5380051715382996,0.8429415373547828,0.49999999999999994,0.8660254037844387,0.8000000000000007,3.6999999999999993,1
34,1019.5,21.5,20.9,17.7,16.6,79.0,47.0,6.8,9.1,1,0.5524353131676196,0.8335557718385699,0.9396926207859083,0.3420201433256688,4.299999999999997,3.8000000000000007,0
35,1019.9,25.9,22.9,18.1,16.1,90.0,89.0,2.0,28.9,1,0.5667017562911176,0.8239230057575542,0.6427876096865393,0.766044443118978,6.799999999999997,7.799999999999997,0
36,1017.0,22.4,20.2,18.5,13.1,76.0,69.0,7.6,11.3,0,0.5808002734538009,0.8140460935082178,0.6427876096865393,0.766044443118978,7.1,3.8999999999999986,0
37,1017.5,23.1,19.9,17.4,16.8,80.0,88.0,0.0,39.5,1,0.5947266869607634,0.8039279618328213,0.766044443118978,0.6427876096865394,3.099999999999998,5.700000000000003,1
265,1020.6,18.4,17.1,16.9,15.0,75.0,86.0,0.0,24.9,1,-0.9886775902323404,-0.15005539834465262,0.6427876096865393,0.766044443118978,2.1000000000000014,1.5,1
39,1014.9,23.3,21.6,20.9,20.9,87.0,88.0,0.0,15.1,1,0.6220467484408675,0.7829801036770628,0.8660254037844386,0.5000000000000001,0.7000000000000028,2.400000000000002,1
40,1014.0,23.0,21.1,20.6,19.1,80.0,87.0,0.1,14.5,1,0.6354323008901774,0.7721565844991642,0.9396926207859083,0.3420201433256688,2.0,2.3999999999999986,0
41,1020.3,17.4,15.1,14.5,9.4,75.0,49.0,10.0,24.8,0,0.6486295610349814,0.7611042586607747,0.3420201433256687,0.9396926207859084,5.699999999999999,2.8999999999999986,0
42,1024.2,24.0,18.3,15.3,6.8,77.0,75.0,5.7,21.6,0,0.6616346182422783,0.7498264012045686,0.8660254037844386,0.5000000000000001,11.5,8.7,0
43,1021.4,20.9,17.2,15.3,13.3,78.0,88.0,0.9,29.8,1,0.6744436188329455,0.7383263540031065,0.49999999999999994,0.8660254037844387,3.8999999999999986,5.599999999999998,0
44,1015.2,18.2,17.3,16.3,14.6,75.0,88.0,2.5,20.2,1,0.6870527672236669,0.7266075247685656,0.6427876096865393,0.766044443118978,2.700000000000001,1.8999999999999986,0
45,1024.5,18.9,18.4,15.0,13.0,72.0,65.0,5.9,28.0,0,0.6994583270516471,0.7146733860429609,0.3420201433256687,0.9396926207859084,5.399999999999999,3.8999999999999986,0
46,1018.9,20.2,19.9,18.1,18.2,90.0,90.0,1.0,22.5,1,0.7116566222817746,0.7025274741691571,0.6427876096865393,0.766044443118978,1.6999999999999993,2.099999999999998,0
47,1019.0,20.7,20.0,18.2,18.9,92.0,88.0,0.2,15.0,1,0.7236440382959124,0.6901733882429719,0.6427876096865393,0.766044443118978,1.1000000000000014,2.5,0
48,1013.3,17.1,17.2,15.2,14.8,87.0,90.0,0.2,25.1,1,0.7354170229639855,0.6776147890466889,0.3420201433256687,0.9396926207859084,2.3999999999999986,1.9000000000000021,0
49,1017.7,20.4,18.1,17.1,14.9,90.0,88.0,0.0,35.3,1,0.7469720876965552,0.6648553979642865,0.9396926207859083,0.3420201433256688,3.200000000000001,3.299999999999997,1
50,1022.2,15.1,12.4,10.8,9.6,74.0,83.0,1.2,8.3,1,0.7583058084785624,0.6518989958787126,0.3420201433256687,0.9396926207859084,2.8000000000000007,4.299999999999999,0
51,1013.9,18.6,17.1,16.4,13.8,95.0,96.0,1.1,33.5,1,0.7694148268839378,0.6387494220515272,0.9396926207859083,0.3420201433256688,3.3000000000000007,2.200000000000003,0
52,1016.7,17.4,17.6,16.4,16.3,96.0,100.0,0.2,16.1,1,0.7802958510707755,0.6254105729852463,0.766044443118978,0.6427876096865394,1.3000000000000007,1.0,0
53,1022.6,16.4,15.3,14.2,13.6,93.0,93.0,0.2,17.3,1,0.7909456567567772,0.6118864012687243,0.3420201433256687,0.9396926207859084,1.700000000000001,2.1999999999999993,0
54,1024.3,15.5,13.7,11.6,9.1,79.0,88.0,0.2,14.6,1,0.8013610881746766,0.5981809144059164,0.6427876096865393,0.766044443118978,4.6,3.9000000000000004,0
55,1022.3,17.5,18.2,16.9,14.3,92.0,96.0,0.0,19.0,1,0.811539059007361,0.5842981736283684,0.6427876096865393,0.766044443118978,3.8999999999999986,0.6000000000000014,1
56,1023.9,14.7,12.9,11.9,11.6,97.0,95.0,0.9,24.5,1,0.8214765533024142,0.5702422926917871,0.9396926207859083,0.3420201433256688,1.3000000000000007,2.799999999999999,0
57,1012.2,20.6,19.0,17.1,18.9,95.0,93.0,0.0,39.5,1,0.8311706263658079,0.5560174366570446,0.9396926207859083,0.3420201433256688,0.10000000000000142,3.5,1
58,1012.4,20.1,18.6,17.1,15.6,92.0,87.0,0.3,22.4,1,0.8406184056344782,0.5416278206559814,0.766044443118978,0.6427876096865394,3.0000000000000018,3.0,0
59,1018.7,21.6,19.7,19.6,17.0,81.0,88.0,0.0,37.7,1,0.8498170915275278,0.5270777086423722,0.766044443118978,0.6427876096865394,2.6999999999999993,2.0,1
60,1016.9,22.2,21.8,20.3,19.7,92.0,85.0,0.2,12.6,1,0.8587639582758029,0.5123714121284237,0.766044443118978,0.6427876096865394,2.1000000000000014,1.8999999999999986,0
61,1017.8,16.3,15.3,14.2,12.9,97.0,95.0,0.0,30.3,1,0.8674563547295968,0.49751328890718066,0.6427876096865393,0.766044443118978,2.4000000000000004,2.1000000000000014,1
62,1013.4,19.0,17.6,16.9,16.9,97.0,95.0,0.0,20.3,1,0.8758917051442429,0.48250774176121847,0.766044443118978,0.6427876096865394,0.7000000000000028,2.1000000000000014,1
63,1015.5,19.9,18.1,18.1,17.1,96.0,92.0,0.2,14.1,1,0.8840675099433636,0.4673592171580022,0.6427876096865393,0.766044443118978,1.0,1.7999999999999972,0
64,1016.8,18.4,17.3,16.1,16.2,95.0,95.0,0.0,20.0,1,0.8919813464595485,0.45207220393230435,0.766044443118978,0.6427876096865394,1.1000000000000014,2.299999999999997,1
65,1016.0,21.8,19.4,17.6,16.7,70.0,49.0,11.0,37.5,0,0.8996308696522433,0.43665123195606403,0.3420201433256687,0.9396926207859084,2.6999999999999993,4.199999999999999,0
66,1023.2,16.3,15.7,15.5,9.8,59.0,88.0,0.1,16.0,1,0.9070138128026359,0.4211008707960896,0.6427876096865393,0.766044443118978,5.899999999999999,0.8000000000000007,0
67,1018.9,22.3,20.8,19.2,16.1,79.0,88.0,0.0,33.4,1,0.9141279881853337,0.40542572835999735,0.9396926207859083,0.3420201433256688,4.699999999999999,3.1000000000000014,1
68,1020.9,22.8,18.6,16.9,13.0,73.0,19.0,2.4,14.8,0,0.9209712877166346,0.38963044953078796,0.3420201433256687,0.9396926207859084,5.600000000000001,5.900000000000002,0
69,1017.8,20.1,20.1,19.6,19.8,92.0,83.0,0.3,16.1,1,0.9275416835791966,0.37371971479046906,0.766044443118978,0.6427876096865394,0.3000000000000007,0.5,0
70,1016.0,21.4,19.3,18.3,18.2,75.0,20.0,9.8,9.0,0,0.9338372288229252,0.35769823883312546,0.8660254037844386,0.5000000000000001,1.1000000000000014,3.099999999999998,0
71,1016.8,20.2,18.1,16.6,16.6,95.0,95.0,0.0,25.1,1,0.9398560579418954,0.3415707691678556,0.766044443118978,0.6427876096865394,1.5,3.599999999999998,1
72,1018.4,18.3,17.8,14.5,16.2,95.0,96.0,0.3,9.1,1,0.9455963874271426,0.3253420847119801,0.3420201433256687,0.9396926207859084,1.6000000000000014,3.8000000000000007,0
73,1017.1,26.0,22.6,20.3,21.4,85.0,89.0,0.5,18.0,1,0.9510565162951535,0.30901699437494745,0.49999999999999994,0.8660254037844387,1.2000000000000028,5.699999999999999,0
74,1015.3,23.6,22.5,20.0,21.3,85.0,80.0,0.0,7.9,1,0.9562348265919056,0.29260033563334836,0.6427876096865393,0.766044443118978,1.1999999999999993,3.6000000000000014,1
75,1017.1,21.3,20.8,19.2,17.8,83.0,84.0,0.6,37.9,0,0.9611297838723007,0.27609697309746883,0.984807753012208,0.17364817766693041,3.0,2.1000000000000014,0
76,1013.3,25.9,23.1,21.5,21.4,91.0,88.0,1.4,33.2,1,0.9657399376548549,0.2595117970697999,0.766044443118978,0.6427876096865394,1.7000000000000028,4.399999999999999,0
77,1014.4,26.6,23.3,22.3,21.9,91.0,91.0,2.1,16.0,1,0.9700639218515071,0.2428497220959356,0.6427876096865393,0.766044443118978,1.4000000000000021,4.300000000000001,0
78,1021.2,26.2,24.8,21.2,12.4,77.0,62.0,10.0,39.5,1,0.9741004551724205,0.22611568550828828,0.8660254037844386,0.5000000000000001,12.4,5.0,0
79,1013.8,24.8,24.3,23.7,23.2,93.0,100.0,0.2,41.4,1,0.9778483415056568,0.20931464596304847,0.984807753012208,-0.1736481776669303,1.1000000000000014,1.1000000000000014,0
80,1011.7,26.1,21.0,19.7,16.9,85.0,79.0,5.0,22.0,1,0.9813064702716093,0.19245158197082998,0.9396926207859083,0.3420201433256688,4.100000000000001,6.400000000000002,0
81,1011.4,16.3,15.3,13.6,11.6,76.0,79.0,2.2,35.6,0,0.9844738167520922,0.1755314904214282,0.49999999999999994,0.8660254037844387,3.700000000000001,2.700000000000001,0
82,1019.8,28.1,25.4,23.6,22.3,92.0,88.0,0.8,21.9,1,0.9873494423939864,0.15855938510313478,0.8660254037844387,-0.4999999999999998,3.099999999999998,4.5,0
83,1006.9,21.9,20.1,19.8,19.5,92.0,90.0,0.2,20.5,1,0.989932495087353,0.141540295217043,0.3420201433256687,0.9396926207859084,0.6000000000000014,2.099999999999998,0
84,1008.4,21.3,19.3,17.7,17.6,75.0,83.0,9.2,27.6,1,0.9922222094179323,0.12447926388678915,0.766044443118978,0.6427876096865394,1.6999999999999993,3.6000000000000014,0
85,1009.9,26.4,24.8,22.7,21.3,90.0,83.0,3.7,25.0,1,0.994217906893952,0.10738134666416309,0.984807753012208,-0.1736481776669303,3.5,3.6999999999999993,0
86,1014.2,26.3,23.1,21.0,22.3,97.0,93.0,0.0,8.6,1,0.995918996147179,0.09025161003104117,0.766044443118978,0.6427876096865394,0.8000000000000007,5.300000000000001,1
87,1012.1,27.9,25.8,24.1,23.3,89.0,84.0,2.1,14.2,1,0.9973249731081555,0.07309512989807777,0.984807753012208,0.17364817766693041,2.5,3.799999999999997,0
88,1011.7,25.2,24.0,23.1,22.8,89.0,81.0,0.3,30.6,1,0.9984354211555643,0.055916990100603484,1.2246467991473532e-16,-1.0,1.1999999999999993,2.099999999999998,0
89,1013.0,27.0,25.9,23.6,21.9,91.0,88.0,1.1,27.9,1,0.9992500112396835,0.03872228089217446,0.8660254037844386,0.5000000000000001,4.0,3.3999999999999986,0
90,1008.5,27.9,25.3,23.3,23.2,93.0,88.0,0.3,14.3,1,0.9997685019798909,0.021516097436222254,0.6427876096865393,0.766044443118978,2.1000000000000014,4.599999999999998,0
91,1010.7,24.8,22.8,21.8,19.8,91.0,88.0,0.0,27.3,1,0.9999907397361901,0.004303538296244289,0.766044443118978,0.6427876096865394,3.0,3.0,1
92,1017.0,26.7,24.8,23.7,23.1,87.0,89.0,0.2,17.3,0,0.9999166586547379,-0.01291029607500882,0.984807753012208,0.17364817766693041,1.6999999999999993,3.0,0
93,1013.3,25.3,23.1,21.0,21.4,89.0,88.0,1.5,28.0,1,0.9995462806873573,-0.030120304846908114,0.984807753012208,0.17364817766693041,1.7000000000000028,4.300000000000001,0
94,1014.4,26.8,23.8,20.4,22.3,90.0,83.0,1.3,17.5,1,0.9988797155850336,-0.04732138832243185,0.9396926207859083,0.3420201433256688,1.5,6.400000000000002,0
95,1011.5,27.6,25.5,24.4,23.1,90.0,88.0,1.8,22.6,1,0.9979171608653922,-0.06450844944931623,0.6427876096865393,0.766044443118978,2.3999999999999986,3.200000000000003,0
96,1007.8,28.2,26.2,24.1,24.2,89.0,84.0,2.5,15.4,1,0.9966589017541702,-0.08167639533042241,0.6427876096865393,0.766044443118978,2.0,4.099999999999998,0
97,1006.4,26.9,25.9,24.7,22.3,87.0,81.0,1.1,28.8,1,0.9951053111006976,-0.09882013873287143,0.9396926207859083,0.3420201433256688,3.599999999999998,2.1999999999999993,0
98,1015.0,28.4,25.5,24.7,24.1,97.0,88.0,1.0,30.0,1,0.9932568492674143,-0.11593459959550041,0.766044443118978,0.6427876096865394,1.3999999999999986,3.6999999999999993,0
99,1005.6,28.1,25.1,23.1,21.6,82.0,80.0,2.5,13.8,1,0.9911140639934547,-0.1330147065341959,-0.6427876096865393,-0.766044443118978,3.5,5.0,0
100,1012.7,29.1,26.8,25.4,23.7,87.0,82.0,2.5,16.5,1,0.9886775902323405,-0.1500553983446526,0.984807753012208,-0.1736481776669303,3.1000000000000014,3.700000000000003,0
101,1016.0,26.3,24.7,24.5,23.6,90.0,83.0,0.1,20.9,1,0.9859481499638304,-0.16705162550211924,-0.34202014332566866,-0.9396926207859084,1.0999999999999979,1.8000000000000007,0
102,1012.5,26.3,25.2,24.7,22.9,93.0,88.0,0.1,13.4,0,0.9829265519799822,-0.18399835165768005,0.49999999999999994,0.8660254037844387,2.3000000000000007,1.6000000000000014,0
103,1014.5,28.6,25.6,24.7,21.0,87.0,89.0,2.1,35.3,1,0.9796136916454901,-0.20089055513063506,0.49999999999999994,0.8660254037844387,4.600000000000001,3.900000000000002,0
104,1012.6,28.8,25.3,24.7,22.0,89.0,83.0,1.0,15.0,1,0.9760105506323683,-0.21772323039653177,0.8660254037844386,0.5000000000000001,3.3000000000000007,4.100000000000001,0
105,1017.1,27.6,25.8,24.5,24.8,84.0,85.0,1.8,27.4,1,0.9721181966290613,-0.23449138957040985,0.984807753012208,0.17364817766693041,1.0,3.1000000000000014,0
106,1012.3,30.2,27.9,25.4,23.1,84.0,83.0,2.6,12.0,1,0.9679377830240642,-0.25119006388481935,-0.7660444431189779,-0.6427876096865395,4.799999999999997,4.800000000000001,0
107,1008.8,27.8,26.5,25.0,25.0,93.0,86.0,0.0,14.5,1,0.9634705485641488,-0.2678143051621742,-0.17364817766693047,-0.984807753012208,1.5,2.8000000000000007,1
108,1009.9,30.3,27.9,26.2,24.9,84.0,85.0,3.1,16.0,1,0.9587178169872964,-0.2843591872810034,-0.17364817766693047,-0.984807753012208,3.0,4.100000000000001,0
109,1009.4,29.3,27.9,26.0,25.0,89.0,88.0,2.2,20.0,1,0.9536809966304457,-0.30081980763566735,0.17364817766693028,-0.984807753012208,2.8999999999999986,3.3000000000000007,0
110,1012.6,28.8,25.7,23.9,23.4,89.0,88.0,0.4,22.0,1,0.9483615800121715,-0.3171912885891061,-0.34202014332566866,-0.9396926207859084,2.3000000000000007,4.900000000000002,0
111,1009.5,28.4,26.2,24.7,23.2,84.0,75.0,7.2,25.1,1,0.9427611433904207,-0.3334687789181868,0.9396926207859083,0.3420201433256688,3.0,3.6999999999999993,0
112,1010.4,28.1,26.4,25.5,21.1,80.0,78.0,5.4,12.6,1,0.9368813462954315,-0.3496474552512284,0.6427876096865393,0.766044443118978,5.299999999999997,2.6000000000000014,0
113,1010.3,28.7,26.8,24.8,23.1,90.0,81.0,2.3,23.3,1,0.9307239310379795,-0.36572252349726897,0.9396926207859083,0.3420201433256688,3.6999999999999993,3.8999999999999986,0
114,1013.0,28.8,25.6,23.6,21.6,91.0,90.0,1.3,24.9,0,0.9242907221930934,-0.3816892202666588,0.984807753012208,0.17364817766693041,4.0,5.199999999999999,0
115,1012.3,30.8,27.4,26.8,24.5,84.0,81.0,2.3,14.3,1,0.9175836260593937,-0.39754281428255595,0.984807753012208,-0.1736481776669303,2.8999999999999986,4.0,0
80,1011.5,29.8,26.8,25.1,23.2,87.0,81.0,2.5,12.7,1,0.9813064702716093,0.19245158197082998,0.3420201433256687,0.9396926207859084,3.6000000000000014,4.699999999999999,0
117,1011.6,28.4,26.1,24.8,25.3,85.0,83.0,3.7,14.3,1,0.9033558023246845,-0.4288919379124835,0.8660254037844386,0.5000000000000001,0.8000000000000007,3.599999999999998,0
118,1013.0,28.6,25.5,24.8,22.2,76.0,74.0,6.0,9.2,1,0.895839290734909,-0.4443781781046132,0.8660254037844386,0.5000000000000001,3.3000000000000007,3.8000000000000007,0
119,1013.0,26.2,24.4,23.1,19.8,79.0,70.0,6.0,31.9,1,0.8880573226294932,-0.45973273945210397,0.9396926207859083,0.3420201433256688,4.599999999999998,3.099999999999998,0
120,1008.3,28.8,27.1,24.1,25.1,94.0,88.0,1.0,16.9,1,0.8800122039735357,-0.47495107206704995,-0.17364817766693047,-0.984807753012208,2.0,4.699999999999999,0
121,1005.9,28.7,28.4,26.5,24.4,81.0,82.0,0.4,15.2,1,0.8717063187093219,-0.49002866642905923,-0.6427876096865393,-0.766044443118978,4.0,2.1999999999999993,0
122,1008.4,30.8,27.6,25.8,24.2,81.0,88.0,0.4,13.0,1,0.8631421280499114,-0.5049610547215204,-0.5000000000000001,-0.8660254037844386,3.400000000000002,5.0,0
123,1008.5,30.6,28.3,26.4,25.3,81.0,78.0,4.5,16.5,1,0.854322169749827,-0.5197438121555155,0.49999999999999994,0.8660254037844387,3.0,4.200000000000003,0
124,1013.0,28.7,26.9,24.8,22.0,81.0,61.0,7.2,7.4,1,0.8452490573530633,-0.5343725582809786,0.766044443118978,0.6427876096865394,4.899999999999999,3.8999999999999986,0
125,1013.0,28.7,26.1,24.8,23.1,92.0,78.0,1.0,15.8,1,0.8359254794186372,-0.548842958284719,0.9396926207859083,0.3420201433256688,3.0,3.8999999999999986,0
126,1010.6,27.8,26.7,25.3,25.2,90.0,86.0,1.2,15.1,1,0.8263541987239096,-0.5631507242749186,-0.17364817766693047,-0.984807753012208,1.5,2.5,0
127,1009.3,30.8,27.7,25.4,25.4,87.0,88.0,0.9,11.9,1,0.8165380514459161,-0.5772916165517272,-0.6427876096865393,-0.766044443118978,2.3000000000000007,5.400000000000002,0
128,1008.4,28.1,26.8,25.2,25.5,85.0,83.0,3.7,16.0,1,0.8064799463209448,-0.5912614448635781,-0.5000000000000001,-0.8660254037844386,1.3000000000000007,2.900000000000002,0
129,1008.1,30.7,27.2,25.8,25.8,81.0,87.0,8.3,15.7,1,0.7961828637826158,-0.6050560696488488,-0.7660444431189779,-0.6427876096865395,1.3999999999999986,4.899999999999999,0
130,1008.8,30.6,27.3,24.3,25.9,87.0,83.0,2.2,26.9,1,0.7856498550787147,-0.6186714032625031,1.2246467991473532e-16,-1.0,1.4000000000000021,6.300000000000001,0
131,1008.5,31.0,29.9,26.5,26.0,85.0,88.0,1.5,27.0,1,0.7748840413670407,-0.6321034111873487,-0.7660444431189779,-0.6427876096865395,3.8999999999999986,4.5,0
132,1008.1,32.8,29.9,26.7,24.6,84.0,78.0,2.9,25.1,1,0.7638886127905428,-0.6453481132295501,-0.6427876096865393,-0.766044443118978,5.299999999999997,6.099999999999998,0
133,1009.8,33.0,30.0,27.9,26.0,79.0,86.0,3.3,27.6,1,0.7526668275320084,-0.6584015846980488,-0.6427876096865393,-0.766044443118978,4.0,5.100000000000001,0
134,1008.5,31.2,28.0,26.8,26.4,86.0,88.0,1.2,13.2,1,0.741222010848596,-0.6712599575675313,-0.6427876096865393,-0.766044443118978,1.6000000000000014,4.399999999999999,0
135,1006.8,33.1,30.0,28.9,26.2,90.0,82.0,3.1,22.9,1,0.7295575540864875,-0.6839194216246106,0.984807753012208,0.17364817766693041,3.8000000000000007,4.200000000000003,0
136,1006.6,32.9,29.3,27.1,23.2,87.0,80.0,4.2,20.5,1,0.717676913675962,-0.6963762255968722,-0.7660444431189779,-0.6427876096865395,6.100000000000001,5.799999999999997,0
137,1010.5,33.1,29.8,28.1,25.1,79.0,69.0,3.1,18.8,0,0.705583610107178,-0.7086266782644596,0.766044443118978,0.6427876096865394,4.699999999999999,5.0,0
138,1007.9,31.1,28.9,26.9,26.4,85.0,85.0,4.4,14.6,1,0.6932812268869777,-0.7206671495538609,1.2246467991473532e-16,-1.0,2.5,4.200000000000003,0
139,1008.2,32.3,29.0,27.8,25.3,86.0,72.0,7.6,9.2,1,0.6807734094770161,-0.7324940716135789,0.3420201433256687,0.9396926207859084,3.6999999999999993,4.4999999999999964,0
140,1008.6,32.0,29.9,26.0,25.1,76.0,77.0,10.4,38.0,0,0.6680638642135335,-0.7441039398713607,-0.6427876096865393,-0.766044443118978,4.799999999999997,6.0,0
141,1008.9,30.8,28.8,26.4,25.4,98.0,93.0,0.6,25.1,1,0.6551563572090853,-0.7554933140726803,0.17364817766693028,-0.984807753012208,3.400000000000002,4.400000000000002,0
142,1008.1,32.8,29.0,27.4,26.6,82.0,88.0,0.2,38.3,1,0.6420547132365637,-0.766658819300159,-0.6427876096865393,-0.766044443118978,2.3999999999999986,5.399999999999999,0
143,1006.5,33.8,30.0,27.0,25.0,69.0,70.0,6.9,23.9,1,0.6287628145958344,-0.777597146973627,-0.6427876096865393,-0.766044443118978,5.0,6.799999999999997,0
144,1008.5,31.0,28.3,26.8,24.4,65.0,49.0,11.8,9.1,0,0.6152845999633276,-0.7883050558305255,-0.6427876096865393,-0.766044443118978,3.900000000000002,4.199999999999999,0
145,1006.8,33.0,30.1,28.0,24.8,75.0,69.0,10.1,12.6,0,0.6016240632249226,-0.7987793728863649,-0.7660444431189779,-0.6427876096865395,5.300000000000001,5.0,0
146,1008.2,33.3,30.3,28.7,25.8,78.0,32.0,11.8,9.1,0,0.5877852522924732,-0.8090169943749473,-0.34202014332566866,-0.9396926207859084,4.5,4.599999999999998,0
147,1008.5,29.1,26.2,24.8,24.9,58.0,48.0,8.4,23.7,1,0.5737722679043246,-0.8190148866680801,0.9396926207859083,0.3420201433256688,1.3000000000000007,4.300000000000001,0
148,1008.2,32.3,30.1,28.4,26.4,81.0,30.0,11.5,39.3,0,0.5595892624101765,-0.8287700871745038,-0.7660444431189779,-0.6427876096865395,3.700000000000003,3.8999999999999986,0
149,1009.9,32.4,30.2,29.0,24.3,79.0,32.0,1.5,30.4,0,0.545240438540651,-0.8382797052177744,-0.6427876096865393,-0.766044443118978,5.899999999999999,3.3999999999999986,0
150,1008.5,33.9,30.0,28.1,25.4,80.0,79.0,5.7,39.9,1,0.5307300481619334,-0.8475409228928311,-0.34202014332566866,-0.9396926207859084,4.600000000000001,5.799999999999997,0
151,1009.8,33.0,30.4,27.9,26.2,79.0,21.0,8.5,50.6,0,0.5160623910158528,-0.8565509959010036,-0.6427876096865393,-0.766044443118978,4.199999999999999,5.100000000000001,0
152,1010.0,34.2,30.8,28.2,26.2,84.0,57.0,5.9,24.4,1,0.5012418134457758,-0.865307254363206,0.766044443118978,-0.6427876096865394,4.600000000000001,6.0000000000000036,0
153,1007.7,32.0,30.4,28.3,25.4,74.0,46.0,10.3,19.0,0,0.48627270710869,-0.8738071036110808,-0.17364817766693047,-0.984807753012208,5.0,3.6999999999999993,0
154,1006.1,33.3,30.5,28.8,25.4,78.0,66.0,6.5,9.9,1,0.4711595076738638,-0.8820480249558537,0.984807753012208,0.17364817766693041,5.100000000000001,4.4999999999999964,0
155,1008.2,34.0,30.2,28.2,26.5,81.0,79.0,6.8,43.8,1,0.4559066935084588,-0.8900275764346767,-0.9396926207859085,0.34202014332566816,3.6999999999999993,5.800000000000001,0
156,1008.1,34.0,30.8,28.7,25.2,74.0,22.0,11.8,12.5,0,0.440518784350495,-0.8977433935342337,-0.8660254037844384,-0.5000000000000004,5.600000000000001,5.300000000000001,0
236,1005.0,35.3,31.0,26.4,26.4,74.0,49.0,10.8,28.6,1,-0.7961828637826154,-0.6050560696488494,-0.7660444431189779,-0.6427876096865395,4.600000000000001,8.899999999999999,0
158,1008.9,33.4,30.4,28.6,25.7,82.0,72.0,7.7,40.8,0,0.4093559588156213,-0.9123747579707273,0.8660254037844386,0.5000000000000001,4.699999999999999,4.799999999999997,0
159,1005.3,32.0,29.2,26.2,26.3,87.0,85.0,1.5,4.5,1,0.39359027665646673,-0.9192859697186104,-0.6427876096865393,-0.766044443118978,2.8999999999999986,5.800000000000001,0
160,1009.5,32.8,30.1,28.1,26.1,75.0,61.0,7.2,9.2,1,0.3777079652039649,-0.9259247771938498,0.9396926207859084,-0.3420201433256687,4.0,4.699999999999996,0
161,1009.3,31.7,29.4,27.6,25.6,84.0,86.0,1.6,21.6,1,0.36171373072976765,-0.9322892131745133,-0.17364817766693047,-0.984807753012208,3.799999999999997,4.099999999999998,0
162,1007.8,32.9,30.1,28.1,25.7,79.0,72.0,8.8,16.2,1,0.3456123126707335,-0.9383773917408641,-0.34202014332566866,-0.9396926207859084,4.400000000000002,4.799999999999997,0
163,1006.6,32.9,29.7,27.3,25.0,81.0,75.0,2.1,19.8,1,0.3294084822245304,-0.9441875088341993,-0.6427876096865393,-0.766044443118978,4.699999999999999,5.599999999999998,0
164,1008.5,35.1,30.8,28.0,25.9,75.0,32.0,9.5,12.6,0,0.3131070409358269,-0.9497178427914316,-0.6427876096865393,-0.766044443118978,4.900000000000002,7.100000000000001,0
165,1005.5,33.0,30.0,27.4,25.0,74.0,29.0,10.0,22.6,0,0.29671281927349075,-0.9549667548552551,-0.17364817766693047,-0.984807753012208,5.0,5.600000000000001,0
166,1010.3,32.8,29.2,27.9,25.2,84.0,85.0,2.1,13.0,1,0.2802306751992159,-0.9599326896597447,0.984807753012208,-0.1736481776669303,4.0,4.899999999999999,0
167,1007.7,31.1,28.6,26.8,25.4,81.0,88.0,3.8,11.3,1,0.26366549272800704,-0.9646141756912435,1.2246467991473532e-16,-1.0,3.200000000000003,4.300000000000001,0
168,1008.8,31.0,28.4,27.4,25.4,82.0,88.0,7.0,13.6,1,0.24702218048093552,-0.9690098257244062,-0.6427876096865393,-0.766044443118978,3.0,3.6000000000000014,0
169,1001.0,32.1,30.0,28.1,25.8,75.0,78.0,8.3,14.3,0,0.23030567023061221,-0.9731183372332619,-0.7660444431189779,-0.6427876096865395,4.199999999999999,4.0,0
170,1000.1,33.7,30.1,28.6,24.8,75.0,48.0,7.0,28.5,1,0.21352091543979612,-0.9769384927771817,0.9396926207859083,0.3420201433256688,5.300000000000001,5.100000000000001,0
171,999.0,35.0,31.5,28.2,25.3,76.0,38.0,10.0,30.0,0,0.19667288979357647,-0.980469160361632,-0.9848077530122081,0.17364817766692997,6.199999999999999,6.800000000000001,0
172,1005.4,30.8,28.9,26.0,25.5,88.0,88.0,1.9,29.0,1,0.1797665857255624,-0.9837092937736097,-0.8660254037844384,-0.5000000000000004,3.3999999999999986,4.800000000000001,0
173,1003.8,31.3,28.1,26.5,25.6,85.0,87.0,0.1,29.6,1,0.16280701293851715,-0.986657932891657,-0.6427876096865393,-0.766044443118978,2.5,4.800000000000001,0
174,1005.9,31.3,28.7,26.5,26.3,93.0,88.0,0.1,27.0,1,0.1457991969198751,-0.9893142039703663,0.766044443118978,-0.6427876096865394,2.3999999999999986,4.800000000000001,0
175,1008.1,35.0,31.0,28.4,25.0,75.0,78.0,9.0,18.0,0,0.12874817745258132,-0.99167731989929,-0.9848077530122081,0.17364817766692997,6.0,6.600000000000001,0
176,1000.7,30.4,28.6,25.4,25.5,84.0,84.0,5.7,11.7,1,0.11165900712169512,-0.993746580436178,-0.6427876096865393,-0.766044443118978,3.1000000000000014,5.0,0
177,1009.7,32.8,29.6,27.6,25.8,79.0,76.0,7.1,18.8,1,0.09453674981719912,-0.9955213724144752,-0.5000000000000001,-0.8660254037844386,3.8000000000000007,5.199999999999996,0
178,1008.8,31.4,28.7,27.0,25.4,81.0,84.0,1.8,12.8,1,0.07738647923346301,-0.9970011699250151,-0.34202014332566866,-0.9396926207859084,3.3000000000000007,4.399999999999999,0
179,1008.6,30.6,28.6,26.9,25.0,86.0,88.0,0.4,21.9,1,0.06021327736579302,-0.9981855344718586,-0.9396926207859082,-0.3420201433256694,3.6000000000000014,3.700000000000003,0
180,1007.6,32.2,29.2,26.2,25.9,86.0,82.0,1.2,14.6,1,0.04302223300453059,-0.99907411510223,1.2246467991473532e-16,-1.0,3.3000000000000007,6.0000000000000036,0
181,1008.1,32.0,29.6,27.8,25.3,80.0,69.0,6.0,12.8,1,0.02581844022713308,-0.9996666485105112,-0.7660444431189779,-0.6427876096865395,4.300000000000001,4.199999999999999,0
182,1010.5,32.0,29.1,27.0,25.0,85.0,83.0,6.5,21.9,0,0.008606996888688698,-0.9999629591162655,-0.9396926207859082,-0.3420201433256694,4.100000000000001,5.0,0
183,1008.5,29.2,27.8,26.6,25.4,89.0,81.0,6.4,23.9,1,-0.008606996888688009,-0.9999629591162655,-0.17364817766693047,-0.984807753012208,2.400000000000002,2.599999999999998,0
184,1005.2,32.9,29.9,26.8,26.1,75.0,71.0,7.6,13.3,1,-0.02581844022713239,-0.9996666485105112,-0.7660444431189779,-0.6427876096865395,3.799999999999997,6.099999999999998,0
185,1009.1,33.1,30.8,28.4,24.9,76.0,30.0,9.4,11.9,0,-0.04302223300453034,-0.99907411510223,-0.6427876096865393,-0.766044443118978,5.900000000000002,4.700000000000003,0
186,1007.8,31.4,30.6,28.9,24.8,78.0,58.0,10.3,15.1,0,-0.060213277365792774,-0.9981855344718586,-0.6427876096865393,-0.766044443118978,5.800000000000001,2.5,0
187,1005.9,33.2,30.1,27.9,24.8,72.0,28.0,11.8,14.6,0,-0.07738647923346322,-0.9970011699250151,0.766044443118978,-0.6427876096865394,5.300000000000001,5.300000000000004,0
188,1008.3,33.2,30.0,28.8,25.2,81.0,77.0,7.8,22.5,1,-0.09453674981719933,-0.9955213724144752,-0.6427876096865393,-0.766044443118978,4.800000000000001,4.400000000000002,0
189,1009.5,33.3,30.0,27.8,25.8,79.0,43.0,9.5,11.2,0,-0.11165900712169444,-0.9937465804361781,-0.6427876096865393,-0.766044443118978,4.199999999999999,5.4999999999999964,0
4,1007.9,33.0,30.1,27.8,25.1,78.0,67.0,5.7,12.5,1,0.06880242680231986,0.9976303053065857,-0.6427876096865393,-0.766044443118978,5.0,5.199999999999999,0
191,1005.7,31.0,29.2,27.8,26.2,83.0,83.0,4.7,14.8,1,-0.14579919691987442,-0.9893142039703664,0.8660254037844386,0.5000000000000001,3.0,3.1999999999999993,0
192,1008.0,33.0,30.2,28.4,25.2,78.0,69.0,10.8,12.0,0,-0.16280701293851646,-0.9866579328916572,-0.6427876096865393,-0.766044443118978,5.0,4.600000000000001,0
193,1005.9,33.3,30.6,28.2,25.6,84.0,81.0,3.0,12.9,1,-0.17976658572556214,-0.9837092937736098,-0.8660254037844384,-0.5000000000000004,5.0,5.099999999999998,0
194,1006.1,32.3,30.0,28.1,24.7,79.0,57.0,6.1,20.2,0,-0.19667288979357622,-0.9804691603616321,-0.5000000000000001,-0.8660254037844386,5.300000000000001,4.199999999999996,0
195,1007.9,32.3,29.1,28.9,26.4,79.0,78.0,8.2,25.1,1,-0.2135209154397959,-0.9769384927771817,-1.0,-1.8369701987210297e-16,2.700000000000003,3.3999999999999986,0
16,1008.4,32.3,29.0,26.5,24.4,79.0,40.0,11.2,12.4,0,0.2719581575341055,0.9623090774541486,-0.6427876096865393,-0.766044443118978,4.600000000000001,5.799999999999997,0
197,1008.4,34.4,30.1,28.5,25.6,72.0,41.0,10.4,4.4,0,-0.24702218048093527,-0.9690098257244063,0.3420201433256687,0.9396926207859084,4.5,5.899999999999999,0
198,1008.1,33.1,30.1,28.1,25.8,75.0,46.0,10.2,4.5,0,-0.2636654927280072,-0.9646141756912435,-0.8660254037844384,-0.5000000000000004,4.300000000000001,5.0,0
199,1003.4,33.2,30.6,28.0,24.4,74.0,47.0,10.0,14.8,0,-0.2802306751992161,-0.9599326896597445,0.8660254037844386,0.5000000000000001,6.200000000000003,5.200000000000003,0
200,1009.6,34.0,30.0,26.5,24.3,80.0,63.0,6.8,7.9,1,-0.2967128192734901,-0.9549667548552553,-0.17364817766693047,-0.984807753012208,5.699999999999999,7.5,0
201,1011.4,35.6,31.0,27.8,24.6,77.0,47.0,6.3,25.2,1,-0.3131070409358267,-0.9497178427914317,-0.6427876096865393,-0.766044443118978,6.399999999999999,7.800000000000001,0
202,1008.4,33.3,30.6,28.4,24.2,72.0,54.0,10.1,9.5,0,-0.3294084822245302,-0.9441875088341994,-0.34202014332566866,-0.9396926207859084,6.400000000000002,4.899999999999999,0
203,1011.4,31.4,28.9,26.7,24.5,81.0,88.0,2.2,22.5,1,-0.3456123126707333,-0.9383773917408642,0.984807753012208,-0.1736481776669303,4.399999999999999,4.699999999999999,0
204,1008.0,31.0,28.4,26.3,25.3,85.0,88.0,1.9,13.0,1,-0.3617137307297674,-0.9322892131745134,0.6427876096865393,0.766044443118978,3.099999999999998,4.699999999999999,0
205,1009.9,31.8,28.0,26.6,24.8,84.0,78.0,4.1,8.1,1,-0.37770796520396466,-0.9259247771938499,-0.9396926207859085,0.34202014332566816,3.1999999999999993,5.199999999999999,0
206,1000.0,31.4,28.0,26.9,24.7,79.0,84.0,2.9,23.9,1,-0.39359027665646645,-0.9192859697186105,-0.6427876096865393,-0.766044443118978,3.3000000000000007,4.5,0
207,1005.7,30.5,27.1,25.0,24.3,87.0,79.0,5.9,12.8,1,-0.4093559588156211,-0.9123747579707274,-0.7660444431189779,-0.6427876096865395,2.8000000000000007,5.5,0
208,1008.3,30.8,27.0,25.8,24.2,84.0,85.0,2.4,13.1,1,-0.42500033996955394,-0.9051931898913975,-0.5000000000000001,-0.8660254037844386,2.8000000000000007,5.0,0
209,1007.4,33.7,30.2,27.0,26.1,89.0,87.0,0.6,11.0,1,-0.4405187843504952,-0.8977433935342336,-0.7660444431189779,-0.6427876096865395,4.099999999999998,6.700000000000003,0
210,1008.1,33.7,30.3,27.8,24.3,72.0,29.0,5.9,9.2,0,-0.455906693508459,-0.8900275764346766,0.17364817766693033,0.984807753012208,6.0,5.900000000000002,0
211,1009.3,32.8,29.7,28.1,24.5,78.0,78.0,8.6,25.2,1,-0.47115950767386394,-0.8820480249558535,-0.7660444431189779,-0.6427876096865395,5.199999999999999,4.699999999999996,0
212,1011.3,32.4,28.1,26.8,24.5,77.0,54.0,9.9,20.0,1,-0.4862727071086902,-0.8738071036110807,0.984807753012208,-0.1736481776669303,3.6000000000000014,5.599999999999998,0
213,1008.2,30.6,28.4,26.3,25.3,81.0,82.0,2.8,25.5,1,-0.5012418134457756,-0.8653072543632061,-0.6427876096865393,-0.766044443118978,3.099999999999998,4.300000000000001,0
214,1008.5,35.0,31.3,27.8,25.3,75.0,30.0,9.1,9.2,0,-0.5160623910158526,-0.8565509959010037,0.766044443118978,-0.6427876096865394,6.0,7.199999999999999,0
215,1000.0,32.3,28.0,27.3,26.2,89.0,80.0,6.1,25.1,1,-0.5307300481619331,-0.8475409228928312,-0.5000000000000001,-0.8660254037844386,1.8000000000000007,4.9999999999999964,0
216,1008.1,31.7,29.1,26.5,26.0,82.0,85.0,0.4,25.9,1,-0.5452404385406507,-0.8382797052177745,-0.7660444431189779,-0.6427876096865395,3.1000000000000014,5.199999999999999,0
217,1008.3,29.1,27.9,25.8,23.2,72.0,69.0,7.1,25.9,1,-0.5595892624101763,-0.828770087174504,0.9396926207859083,0.3420201433256688,4.699999999999999,3.3000000000000007,0
5,1005.7,31.7,28.5,27.3,24.3,76.0,49.0,7.2,15.1,1,0.08596479873744647,0.9962981749346078,-0.8660254037844384,-0.5000000000000004,4.199999999999999,4.399999999999999,0
219,1008.1,32.0,28.1,26.8,25.4,84.0,78.0,4.6,15.7,1,-0.5877852522924734,-0.8090169943749472,-0.6427876096865393,-0.766044443118978,2.700000000000003,5.199999999999999,0
220,1001.4,32.7,29.7,27.3,25.1,78.0,67.0,5.4,11.7,1,-0.6016240632249227,-0.7987793728863648,-0.6427876096865393,-0.766044443118978,4.599999999999998,5.400000000000002,0
221,1006.8,30.5,27.0,25.2,25.2,86.0,87.0,0.4,22.3,1,-0.6152845999633277,-0.7883050558305253,-0.7660444431189779,-0.6427876096865395,1.8000000000000007,5.300000000000001,0
222,1005.7,32.4,29.4,28.2,26.6,81.0,78.0,6.0,20.5,1,-0.6287628145958345,-0.7775971469736268,-0.6427876096865393,-0.766044443118978,2.799999999999997,4.199999999999999,0
223,1008.5,30.3,27.6,25.1,26.4,89.0,80.0,4.0,10.3,1,-0.6420547132365636,-0.7666588193001592,0.9396926207859083,0.3420201433256688,1.2000000000000028,5.199999999999999,0
6,1002.5,32.0,28.9,26.4,24.9,84.0,73.0,8.4,9.5,1,0.10310169744743485,0.9946708199115211,0.3420201433256687,0.9396926207859084,4.0,5.600000000000001,0
225,1008.9,29.9,26.6,25.9,23.2,85.0,82.0,2.1,7.9,1,-0.6680638642135333,-0.7441039398713608,0.8660254037844387,-0.4999999999999998,3.400000000000002,4.0,0
226,1011.5,28.6,26.8,24.5,23.2,80.0,88.0,1.2,6.6,1,-0.680773409477016,-0.732494071613579,0.8660254037844386,0.5000000000000001,3.6000000000000014,4.100000000000001,0
227,1010.2,32.0,27.1,24.8,25.9,82.0,49.0,6.1,12.0,1,-0.6932812268869771,-0.7206671495538615,-0.9396926207859082,-0.3420201433256694,1.2000000000000028,7.199999999999999,0
228,1005.5,27.9,26.7,25.3,25.2,93.0,88.0,0.0,19.8,1,-0.7055836101071774,-0.70862667826446,-0.7660444431189779,-0.6427876096865395,1.5,2.599999999999998,1
229,1009.2,28.1,26.4,25.3,24.7,81.0,84.0,1.4,21.5,1,-0.7176769136759615,-0.6963762255968726,-0.17364817766693047,-0.984807753012208,1.6999999999999993,2.8000000000000007,0
230,1009.7,32.3,29.0,28.0,25.9,81.0,84.0,2.5,14.5,1,-0.7295575540864876,-0.6839194216246105,-0.6427876096865393,-0.766044443118978,3.1000000000000014,4.299999999999997,0
231,1012.4,32.8,29.3,26.8,24.1,86.0,78.0,2.3,25.0,1,-0.7412220108485957,-0.6712599575675315,-0.6427876096865393,-0.766044443118978,5.199999999999999,5.9999999999999964,0
232,1010.9,29.2,26.4,24.8,25.5,88.0,83.0,2.3,28.0,1,-0.7526668275320083,-0.6584015846980489,0.766044443118978,-0.6427876096865394,0.8999999999999986,4.399999999999999,0
233,1008.5,30.7,28.8,25.8,23.0,79.0,84.0,2.5,11.3,1,-0.7638886127905429,-0.64534811322955,0.766044443118978,0.6427876096865394,5.800000000000001,4.899999999999999,0
234,1008.6,31.0,27.1,25.8,25.0,77.0,70.0,6.4,15.3,0,-0.7748840413670406,-0.6321034111873488,1.2246467991473532e-16,-1.0,2.1000000000000014,5.199999999999999,0
235,1010.5,30.6,28.0,26.9,25.0,84.0,57.0,3.9,13.6,1,-0.7856498550787144,-0.6186714032625032,1.2246467991473532e-16,-1.0,3.0,3.700000000000003,0
236,1011.1,33.7,30.2,27.6,25.8,75.0,39.0,9.1,30.5,0,-0.7961828637826154,-0.6050560696488494,0.766044443118978,-0.6427876096865394,4.399999999999999,6.100000000000001,0
237,1006.2,32.4,29.1,26.8,22.9,77.0,59.0,3.5,12.3,0,-0.8064799463209447,-0.5912614448635783,-0.6427876096865393,-0.766044443118978,6.200000000000003,5.599999999999998,0
238,1007.9,31.4,28.7,26.5,24.1,87.0,83.0,3.0,37.5,1,-0.8165380514459157,-0.5772916165517278,0.984807753012208,0.17364817766693041,4.599999999999998,4.899999999999999,0
239,1009.4,31.9,28.6,26.5,22.1,83.0,83.0,3.4,34.0,1,-0.8263541987239094,-0.5631507242749189,0.984807753012208,0.17364817766693041,6.5,5.399999999999999,0
240,1013.2,31.3,28.9,26.2,25.6,81.0,82.0,3.2,22.9,1,-0.8359254794186365,-0.5488429582847199,-0.6427876096865393,-0.766044443118978,3.299999999999997,5.100000000000001,0
241,1015.0,30.7,27.0,25.5,21.4,76.0,49.0,8.8,21.3,0,-0.8452490573530633,-0.5343725582809785,1.0,6.123233995736766e-17,5.600000000000001,5.199999999999999,0
242,1015.0,31.9,28.4,26.4,24.9,74.0,67.0,8.0,38.0,1,-0.8543221697498269,-0.5197438121555157,0.6427876096865393,0.766044443118978,3.5,5.5,0
243,1008.9,31.2,28.3,26.7,25.3,83.0,85.0,2.2,39.7,1,-0.8631421280499115,-0.5049610547215202,-0.8660254037844384,-0.5000000000000004,3.0,4.5,0
244,1007.6,31.0,28.7,25.8,22.1,76.0,83.0,2.0,34.0,1,-0.8717063187093217,-0.4900286664290594,-0.6427876096865393,-0.766044443118978,6.599999999999998,5.199999999999999,0
245,1010.2,31.7,28.2,25.9,23.8,79.0,88.0,1.6,22.0,1,-0.8800122039735356,-0.4749510720670502,0.9396926207859083,0.3420201433256688,4.399999999999999,5.800000000000001,0
246,1012.8,30.7,27.7,26.0,23.6,75.0,43.0,7.2,25.1,0,-0.888057322629493,-0.4597327394521046,1.0,6.123233995736766e-17,4.099999999999998,4.699999999999999,0
247,1008.1,31.0,28.2,26.9,24.8,75.0,78.0,2.0,36.0,1,-0.8958392907349089,-0.4443781781046134,-0.34202014332566866,-0.9396926207859084,3.3999999999999986,4.100000000000001,0
248,1005.8,31.7,28.7,26.2,25.8,79.0,73.0,7.9,29.6,0,-0.9033558023246842,-0.4288919379124841,-0.6427876096865393,-0.766044443118978,2.8999999999999986,5.5,0
249,1006.4,31.0,28.4,26.1,26.0,87.0,81.0,3.5,34.8,1,-0.9106046300942162,-0.41327860778290443,-0.6427876096865393,-0.766044443118978,2.3999999999999986,4.899999999999999,0
250,1010.5,30.8,28.2,26.1,25.2,83.0,81.0,2.1,25.1,1,-0.9175836260593934,-0.3975428142825566,0.6427876096865395,-0.7660444431189779,3.0,4.699999999999999,0
251,1011.4,31.7,28.0,26.9,23.7,75.0,54.0,6.0,9.1,0,-0.9242907221930934,-0.3816892202666586,0.3420201433256687,0.9396926207859084,4.300000000000001,4.800000000000001,0
151,1008.4,32.8,29.4,27.0,24.3,74.0,27.0,10.6,12.4,0,0.5160623910158528,-0.8565509959010036,-0.6427876096865393,-0.766044443118978,5.099999999999998,5.799999999999997,0
253,1010.0,31.5,29.8,27.4,20.4,77.0,60.0,10.2,20.9,0,-0.9368813462954315,-0.34964745525122826,0.3420201433256687,0.9396926207859084,9.400000000000002,4.100000000000001,0
254,1013.3,29.4,27.7,25.8,24.5,84.0,77.0,1.8,34.8,1,-0.9427611433904206,-0.33346877891818705,0.984807753012208,0.17364817766693041,3.1999999999999993,3.599999999999998,0
255,1009.5,31.5,28.8,26.6,25.7,87.0,81.0,4.7,12.6,1,-0.9483615800121716,-0.31719128858910595,-0.34202014332566866,-0.9396926207859084,3.1000000000000014,4.899999999999999,0
256,1014.2,30.9,28.1,25.2,25.2,84.0,60.0,11.1,12.9,0,-0.9536809966304455,-0.300819807635668,0.6427876096865395,-0.7660444431189779,2.900000000000002,5.699999999999999,0
257,1013.7,31.0,28.1,26.8,24.9,81.0,84.0,1.0,50.6,1,-0.9587178169872964,-0.2843591872810036,-0.5000000000000001,-0.8660254037844386,3.200000000000003,4.199999999999999,0
81,1011.9,31.9,28.0,25.8,25.6,81.0,89.0,1.1,24.0,1,0.9844738167520922,0.1755314904214282,0.984807753012208,-0.1736481776669303,2.3999999999999986,6.099999999999998,0
259,1011.2,29.8,26.4,24.4,23.1,80.0,51.0,6.1,7.9,1,-0.9679377830240641,-0.25119006388481957,-0.6427876096865393,-0.766044443118978,3.299999999999997,5.400000000000002,0
260,1008.1,28.1,27.9,25.3,22.2,79.0,84.0,2.0,50.6,1,-0.9721181966290612,-0.23449138957041052,0.17364817766693033,0.984807753012208,5.699999999999999,2.8000000000000007,0
261,1012.2,28.4,26.9,24.3,23.3,79.0,47.0,8.4,7.9,0,-0.9760105506323682,-0.21772323039653224,-0.8660254037844384,-0.5000000000000004,3.599999999999998,4.099999999999998,0
262,1010.0,29.7,26.4,24.4,23.1,82.0,88.0,4.5,13.7,1,-0.9796136916454901,-0.20089055513063528,0.6427876096865393,0.766044443118978,3.299999999999997,5.300000000000001,0
263,1005.5,27.5,25.6,24.5,24.2,92.0,91.0,2.3,23.3,1,-0.9829265519799822,-0.18399835165767986,-0.7660444431189779,-0.6427876096865395,1.4000000000000021,3.0,0
264,1017.0,30.1,27.8,26.1,24.7,74.0,72.0,11.1,18.4,0,-0.9859481499638303,-0.1670516255021195,0.8660254037844386,0.5000000000000001,3.1000000000000014,4.0,0
265,1016.4,31.9,28.1,26.3,23.4,79.0,47.0,9.1,43.1,0,-0.9886775902323404,-0.15005539834465262,0.6427876096865393,0.766044443118978,4.700000000000003,5.599999999999998,0
266,1013.1,24.6,23.1,21.0,20.7,91.0,88.0,0.0,46.3,1,-0.9911140639934546,-0.13301470653419636,0.9396926207859083,0.3420201433256688,2.400000000000002,3.6000000000000014,1
267,1018.1,29.4,26.2,24.5,24.7,61.0,61.0,6.5,39.3,1,-0.9932568492674143,-0.11593459959550066,-0.34202014332566866,-0.9396926207859084,1.5,4.899999999999999,0
268,1018.0,31.2,26.7,24.7,23.1,78.0,61.0,3.9,34.0,0,-0.9951053111006974,-0.09882013873287211,0.9396926207859083,0.3420201433256688,3.599999999999998,6.5,0
269,1017.7,29.4,25.9,23.4,20.3,79.0,74.0,3.2,48.0,1,-0.99665890175417,-0.08167639533042288,0.9396926207859083,0.3420201433256688,5.599999999999998,6.0,0
270,1017.0,23.1,21.6,20.5,19.6,78.0,88.0,0.0,50.6,1,-0.9979171608653922,-0.06450844944931625,0.9396926207859083,0.3420201433256688,2.0,2.6000000000000014,1
271,1017.0,31.7,28.3,25.3,23.4,84.0,78.0,4.2,11.7,1,-0.9988797155850335,-0.04732138832243232,0.984807753012208,-0.1736481776669303,4.900000000000002,6.399999999999999,0
272,1017.0,29.1,27.5,26.0,20.6,65.0,51.0,8.6,39.3,0,-0.9995462806873573,-0.03012030484690836,0.984807753012208,0.17364817766693041,6.899999999999999,3.1000000000000014,0
264,1011.2,26.8,24.5,23.2,23.7,77.0,56.0,6.0,37.7,1,-0.9859481499638303,-0.1670516255021195,0.984807753012208,0.17364817766693041,0.8000000000000007,3.6000000000000014,0
274,1016.8,28.4,24.5,22.3,19.4,74.0,49.0,6.4,21.9,0,-0.9999907397361901,0.004303538296243821,0.17364817766693033,0.984807753012208,5.100000000000001,6.099999999999998,0
275,1008.8,27.6,25.0,24.5,24.3,62.0,88.0,8.2,39.5,1,-0.9997685019798909,0.021516097436222233,-0.7660444431189779,-0.6427876096865395,0.6999999999999993,3.1000000000000014,0
276,1017.1,26.6,24.8,23.9,19.3,75.0,68.0,10.1,33.4,1,-0.9992500112396835,0.03872228089217399,0.9396926207859083,0.3420201433256688,5.5,2.700000000000003,0
277,1016.7,29.2,25.8,23.1,17.8,67.0,17.0,10.2,15.7,0,-0.9984354211555643,0.05591699010060302,0.9396926207859083,0.3420201433256688,8.0,6.099999999999998,0
278,1011.6,28.2,25.5,22.8,23.6,76.0,47.0,9.4,19.0,1,-0.9973249731081555,0.07309512989807776,1.0,6.123233995736766e-17,1.8999999999999986,5.399999999999999,0
74,1011.4,29.1,25.8,23.1,19.3,70.0,32.0,10.6,9.9,0,0.9562348265919056,0.29260033563334836,0.17364817766693033,0.984807753012208,6.5,6.0,0
280,1010.8,22.7,20.9,19.3,18.0,79.0,88.0,0.6,18.6,1,-0.994217906893952,0.10738134666416306,0.766044443118978,0.6427876096865394,2.8999999999999986,3.3999999999999986,0
281,1011.4,27.5,22.8,22.5,19.4,76.0,85.0,2.5,32.4,1,-0.9922222094179324,0.12447926388678869,0.9396926207859083,0.3420201433256688,3.400000000000002,5.0,0
282,1013.4,23.6,21.8,19.6,17.3,76.0,86.0,2.2,19.2,1,-0.989932495087353,0.141540295217043,0.8660254037844386,0.5000000000000001,4.5,4.0,0
283,1012.2,27.6,25.8,24.5,22.3,79.0,81.0,2.3,21.3,1,-0.9873494423939864,0.15855938510313475,0.9396926207859083,0.3420201433256688,3.5,3.1000000000000014,0
284,1019.3,27.5,24.5,22.3,16.8,73.0,49.0,9.3,21.9,0,-0.9844738167520923,0.17553149042142777,0.17364817766693033,0.984807753012208,7.699999999999999,5.199999999999999,0
285,1012.2,29.7,26.9,24.5,23.3,82.0,80.0,3.2,21.3,1,-0.9813064702716093,0.19245158197082995,0.9396926207859083,0.3420201433256688,3.599999999999998,5.199999999999999,0
7,1012.0,30.1,26.8,23.3,20.6,70.0,44.0,10.2,9.5,0,0.1202080448993527,0.9927487224577402,0.3420201433256687,0.9396926207859084,6.199999999999999,6.800000000000001,0
287,1014.6,25.3,23.7,21.1,21.1,76.0,49.0,6.5,23.7,0,-0.9741004551724206,0.22611568550828803,0.766044443118978,0.6427876096865394,2.599999999999998,4.199999999999999,0
57,1016.2,25.9,23.7,20.1,19.2,82.0,83.0,3.4,20.5,1,0.8311706263658079,0.5560174366570446,0.3420201433256687,0.9396926207859084,4.5,5.799999999999997,0
289,1017.1,28.4,25.8,25.5,21.6,82.0,83.0,3.0,24.4,0,-0.965739937654855,0.25951179706979943,0.984807753012208,0.17364817766693041,4.199999999999999,2.8999999999999986,0
290,1016.0,25.4,23.2,21.5,18.6,70.0,69.0,6.4,28.8,0,-0.9611297838723007,0.27609697309746883,0.766044443118978,0.6427876096865394,4.599999999999998,3.8999999999999986,0
291,1012.9,26.5,25.6,24.2,23.4,78.0,77.0,2.4,17.2,1,-0.9562348265919058,0.2926003356333479,0.9396926207859083,0.3420201433256688,2.200000000000003,2.3000000000000007,0
292,1014.8,29.2,25.5,23.4,19.9,84.0,70.0,6.3,13.7,0,-0.9510565162951536,0.30901699437494723,0.984807753012208,0.17364817766693041,5.600000000000001,5.800000000000001,0
293,1016.8,26.2,24.7,22.6,22.8,79.0,84.0,4.6,21.9,1,-0.9455963874271428,0.3253420847119795,0.6427876096865393,0.766044443118978,1.8999999999999986,3.599999999999998,0
75,1014.8,27.1,26.1,24.5,23.1,78.0,61.0,7.6,13.7,0,0.9611297838723007,0.27609697309746883,0.984807753012208,0.17364817766693041,3.0,2.6000000000000014,0
295,1016.8,30.7,26.2,24.7,19.9,75.0,68.0,9.2,16.9,1,-0.9338372288229252,0.35769823883312546,0.9396926207859083,0.3420201433256688,6.300000000000001,6.0,0
296,1015.6,26.3,23.8,21.4,20.9,70.0,72.0,8.5,35.8,0,-0.9275416835791965,0.3737197147904692,0.766044443118978,0.6427876096865394,2.900000000000002,4.900000000000002,0
297,1018.4,28.2,24.8,22.6,22.8,89.0,81.0,2.7,28.6,1,-0.9209712877166346,0.38963044953078774,0.984807753012208,0.17364817766693041,2.0,5.599999999999998,0
298,1017.0,28.9,25.8,23.3,21.6,86.0,83.0,2.6,44.7,1,-0.9141279881853337,0.4054257283599973,0.9396926207859083,0.3420201433256688,4.199999999999999,5.599999999999998,0
299,1015.6,28.1,25.5,23.4,21.6,87.0,88.0,0.3,22.9,1,-0.9070138128026362,0.42110087079608916,0.984807753012208,0.17364817766693041,3.8999999999999986,4.700000000000003,0
300,1014.7,29.6,26.5,23.8,19.6,90.0,85.0,0.5,24.9,1,-0.8996308696522434,0.4366512319560638,0.9396926207859083,0.3420201433256688,6.899999999999999,5.800000000000001,0
8,1013.7,26.3,24.4,23.3,19.9,91.0,74.0,3.1,38.0,0,0.13727877211326478,0.9905324521322229,0.9396926207859083,0.3420201433256688,4.5,3.0,0
302,1016.5,29.4,25.8,22.8,16.0,79.0,88.0,0.3,9.5,0,-0.8840675099433637,0.46735921715800205,0.9396926207859083,0.3420201433256688,9.8,6.599999999999998,0
303,1016.8,26.7,24.8,23.6,19.4,84.0,83.0,0.1,8.9,1,-0.8758917051442433,0.48250774176121763,0.9396926207859083,0.3420201433256688,5.400000000000002,3.099999999999998,0
304,1016.5,28.5,26.2,24.4,23.1,79.0,84.0,2.4,19.0,1,-0.8674563547295971,0.4975132889071803,0.984807753012208,0.17364817766693041,3.099999999999998,4.100000000000001,0
305,1015.2,26.6,24.8,22.3,22.1,87.0,61.0,7.0,16.4,1,-0.8587639582758031,0.5123714121284235,0.6427876096865393,0.766044443118978,2.6999999999999993,4.300000000000001,0
266,1017.1,28.4,25.4,23.7,22.1,79.0,83.0,3.5,41.3,1,-0.9911140639934546,-0.13301470653419636,0.984807753012208,0.17364817766693041,3.299999999999997,4.699999999999999,0
307,1014.0,27.4,25.8,24.8,22.9,81.0,83.0,7.6,21.8,1,-0.8406184056344783,0.5416278206559811,0.984807753012208,0.17364817766693041,2.900000000000002,2.599999999999998,0
308,1016.7,27.5,25.0,23.1,22.3,76.0,49.0,9.5,8.5,1,-0.8311706263658079,0.5560174366570446,0.6427876096865393,0.766044443118978,2.6999999999999993,4.399999999999999,0
76,1016.7,26.7,23.1,22.3,21.1,81.0,83.0,6.9,16.6,1,0.9657399376548549,0.2595117970697999,0.6427876096865393,0.766044443118978,2.0,4.399999999999999,0
22,1014.2,21.3,20.5,20.5,19.9,91.0,88.0,0.0,46.3,1,0.3697245428906731,0.9291414114031743,0.9396926207859083,0.3420201433256688,0.6000000000000014,0.8000000000000007,1
311,1019.4,21.3,20.9,20.1,19.0,91.0,78.0,0.0,43.1,1,-0.801361088174677,0.5981809144059159,0.9396926207859083,0.3420201433256688,1.8999999999999986,1.1999999999999993,1
135,1018.1,21.0,20.8,19.4,19.6,91.0,88.0,0.0,16.6,1,0.7295575540864875,-0.6839194216246106,0.3420201433256687,0.9396926207859084,1.1999999999999993,1.6000000000000014,1
111,1017.8,21.0,20.0,19.1,19.6,78.0,87.0,6.5,21.3,1,0.9427611433904207,-0.3334687789181868,0.766044443118978,0.6427876096865394,0.3999999999999986,1.8999999999999986,0
314,1017.1,20.4,18.4,17.4,15.1,79.0,88.0,0.0,37.5,0,-0.7694148268839381,0.6387494220515268,0.6427876096865393,0.766044443118978,3.299999999999999,3.0,1
112,1019.9,21.9,21.0,20.4,18.0,79.0,84.0,0.0,25.0,1,0.9368813462954315,-0.3496474552512284,0.766044443118978,0.6427876096865394,3.0,1.5,1
316,1018.7,24.3,20.8,19.2,16.2,78.0,46.0,7.7,9.1,1,-0.7469720876965551,0.6648553979642866,0.6427876096865393,0.766044443118978,4.600000000000001,5.100000000000001,0
317,1018.0,21.0,18.4,16.1,15.5,79.0,89.0,0.6,12.7,1,-0.7354170229639858,0.6776147890466887,0.6427876096865393,0.766044443118978,2.8999999999999986,4.899999999999999,0
318,1018.9,24.8,22.3,20.7,20.8,91.0,93.0,0.0,13.7,1,-0.7236440382959123,0.690173388242972,0.6427876096865393,0.766044443118978,1.5,4.100000000000001,1
319,1021.3,27.6,23.4,22.4,21.7,75.0,89.0,2.3,25.5,1,-0.7116566222817751,0.7025274741691566,0.9396926207859083,0.3420201433256688,1.6999999999999993,5.200000000000003,0
267,1022.5,27.6,25.4,24.3,16.9,75.0,88.0,0.0,26.3,1,-0.9932568492674143,-0.11593459959550066,0.17364817766693033,0.984807753012208,8.5,3.3000000000000007,1
321,1018.4,22.0,17.7,15.5,14.9,74.0,67.0,5.0,33.2,1,-0.6870527672236675,0.726607524768565,0.17364817766693033,0.984807753012208,2.799999999999999,6.5,0
99,1022.5,18.6,17.7,16.9,13.3,75.0,90.0,0.0,38.0,1,0.9911140639934547,-0.1330147065341959,0.8660254037844386,0.5000000000000001,4.399999999999999,1.7000000000000028,1
323,1018.9,19.3,17.3,16.1,12.9,78.0,95.0,0.0,37.9,1,-0.661634618242279,0.749826401204568,0.8660254037844386,0.5000000000000001,4.4,3.1999999999999993,1
324,1019.9,20.1,20.1,18.0,17.5,93.0,88.0,0.0,15.3,1,-0.6486295610349818,0.7611042586607742,0.42261826174069944,0.9063077870366499,2.6000000000000014,2.1000000000000014,1
325,1022.5,21.2,18.2,16.3,12.1,75.0,56.0,0.6,10.2,1,-0.6354323008901775,0.7721565844991641,0.17364817766693033,0.984807753012208,6.1,4.899999999999999,0
9,1022.2,24.4,19.7,18.4,16.0,83.0,95.0,1.2,15.5,1,0.15430882066428117,0.9880226656636976,0.9396926207859083,0.3420201433256688,3.6999999999999993,6.0,0
327,1022.6,26.0,18.8,17.6,15.9,62.0,86.0,3.5,14.5,1,-0.6084768701151264,0.7935716089521472,0.8660254037844386,0.5000000000000001,2.9000000000000004,8.399999999999999,0
328,1021.2,19.8,17.9,17.2,14.4,71.0,95.0,0.0,40.4,1,-0.594726686960764,0.8039279618328208,0.9396926207859083,0.3420201433256688,3.4999999999999982,2.6000000000000014,1
329,1020.4,18.4,16.6,15.4,15.6,78.0,88.0,0.0,23.5,1,-0.5808002734538013,0.8140460935082175,0.3420201433256687,0.9396926207859084,1.0000000000000018,2.9999999999999982,1
330,1022.1,20.9,17.6,15.1,6.6,74.0,72.0,7.7,23.7,0,-0.5667017562911184,0.8239230057575536,0.3420201433256687,0.9396926207859084,11.000000000000002,5.799999999999999,0
331,1025.9,21.3,19.6,17.7,17.6,75.0,45.0,6.5,30.5,0,-0.5524353131676203,0.8335557718385695,0.6427876096865393,0.766044443118978,2.0,3.6000000000000014,0
332,1019.5,16.2,15.2,14.6,13.9,90.0,92.0,0.0,43.1,1,-0.5380051715382992,0.8429415373547832,0.9396926207859083,0.3420201433256688,1.299999999999999,1.5999999999999996,1
333,1016.8,20.9,19.3,17.6,15.5,95.0,92.0,0.0,44.7,1,-0.5234156073655503,0.8520775211013093,0.8660254037844386,0.5000000000000001,3.8000000000000007,3.299999999999997,1
116,1022.6,17.2,16.2,15.2,13.1,79.0,88.0,0.0,43.1,1,0.9106046300942163,-0.4132786077829042,0.9396926207859083,0.3420201433256688,3.0999999999999996,2.0,1
335,1024.3,21.3,19.4,19.4,13.9,91.0,87.0,0.4,24.4,1,-0.49377555015997737,0.8695893893466109,0.766044443118978,0.6427876096865394,5.499999999999998,1.9000000000000021,0
102,1016.8,16.4,15.3,15.3,15.2,86.0,88.0,0.1,10.9,1,0.9829265519799822,-0.18399835165768005,0.766044443118978,0.6427876096865394,0.10000000000000142,1.0999999999999979,0
337,1016.8,16.7,15.5,14.2,12.9,79.0,94.0,0.0,19.0,1,-0.4635502709028512,0.8860706215341378,0.6427876096865393,0.766044443118978,2.5999999999999996,2.5,1
338,1020.4,18.4,15.3,14.6,12.9,79.0,88.0,0.0,38.0,1,-0.4482293417404106,0.893918596519257,0.8660254037844386,0.5000000000000001,2.4000000000000004,3.799999999999999,1
339,1026.4,18.6,17.3,15.5,12.5,79.0,86.0,0.6,29.7,1,-0.4327755925504317,0.9015016841318838,0.3420201433256687,0.9396926207859084,4.800000000000001,3.1000000000000014,0
340,1017.1,17.5,16.6,15.4,15.5,85.0,92.0,0.0,39.7,1,-0.41719360261231697,0.9088176373395028,0.9396926207859083,0.3420201433256688,1.1000000000000014,2.0999999999999996,1
341,1025.4,17.4,16.6,15.7,13.5,75.0,90.0,1.0,25.0,1,-0.4014879892059737,0.9158642882672868,0.3420201433256687,0.9396926207859084,3.1000000000000014,1.6999999999999993,0
342,1020.6,20.8,18.4,16.2,7.4,67.0,88.0,0.0,27.0,1,-0.38566340624360745,0.9226395488404875,0.6427876096865393,0.766044443118978,10.999999999999998,4.600000000000001,1
343,1024.4,17.2,15.2,13.3,9.8,75.0,87.0,2.0,20.8,1,-0.3697245428906732,0.9291414114031743,0.3420201433256687,0.9396926207859084,5.399999999999999,3.8999999999999986,0
133,1021.3,17.2,14.9,12.8,11.8,90.0,88.0,0.1,27.4,1,0.7526668275320084,-0.6584015846980488,0.766044443118978,0.6427876096865394,3.0999999999999996,4.399999999999999,0
91,1023.8,21.6,20.4,19.9,17.5,74.0,79.0,1.7,21.3,1,0.9999907397361901,0.004303538296244289,0.6427876096865393,0.766044443118978,2.8999999999999986,1.7000000000000028,0
346,1023.8,19.9,15.5,12.7,8.4,67.0,72.0,7.0,19.0,0,-0.32126966169236515,0.9469877530760751,0.49999999999999994,0.8660254037844387,7.1,7.199999999999999,0
347,1024.3,17.4,17.3,16.3,15.3,89.0,88.0,0.0,28.8,1,-0.3049212246562894,0.9523775757303973,0.6427876096865393,0.766044443118978,2.0,1.0999999999999979,1
348,1018.1,17.3,16.5,15.6,15.6,90.0,91.0,1.0,39.5,1,-0.2884824328806098,0.9574851883550389,0.8660254037844386,0.5000000000000001,0.9000000000000004,1.700000000000001,0
349,1020.9,17.8,16.4,15.3,12.8,76.0,91.0,0.0,42.0,0,-0.27195815753410524,0.9623090774541487,0.3420201433256687,0.9396926207859084,3.599999999999998,2.5,1
350,1022.6,21.6,18.8,16.8,13.1,92.0,82.0,0.1,23.9,1,-0.2553532951161881,0.9668478136052773,0.766044443118978,0.6427876096865394,5.700000000000001,4.800000000000001,0
15,1020.2,17.3,15.3,14.9,13.1,84.0,88.0,0.0,28.3,1,0.255353295116187,0.9668478136052775,0.49999999999999994,0.8660254037844387,2.200000000000001,2.4000000000000004,1
352,1019.9,20.7,19.3,17.1,13.3,67.0,86.0,0.6,33.0,1,-0.22192151300416674,0.9750645322571945,0.9396926207859083,0.3420201433256688,6.0,3.599999999999998,0
353,1018.1,20.6,18.8,17.2,14.7,75.0,82.0,2.4,24.9,0,-0.20510449986861926,0.9787400799669153,0.3420201433256687,0.9396926207859084,4.100000000000001,3.400000000000002,0
354,1017.6,20.6,18.8,17.1,15.1,75.0,84.0,0.0,35.6,1,-0.1882267098432439,0.9821256058680006,0.6427876096865393,0.766044443118978,3.700000000000001,3.5,1
355,1018.1,23.8,21.2,19.6,19.8,86.0,83.0,2.3,24.4,1,-0.1712931441814778,0.9852201067560606,0.984807753012208,0.17364817766693041,1.3999999999999986,4.199999999999999,0
356,1016.8,21.1,18.8,17.4,15.3,75.0,88.0,0.0,30.3,1,-0.154308820664281,0.9880226656636976,0.766044443118978,0.6427876096865394,3.5,3.700000000000003,1
357,1022.2,21.6,18.2,16.4,14.6,77.0,88.0,0.0,24.8,1,-0.13727877211326517,0.9905324521322227,0.766044443118978,0.6427876096865394,3.5999999999999996,5.200000000000003,1
140,1023.2,20.6,17.8,14.4,13.4,75.0,88.0,0.0,23.3,1,0.6680638642135335,-0.7441039398713607,0.3420201433256687,0.9396926207859084,4.4,6.200000000000001,1
82,1017.1,18.9,17.5,16.5,16.8,88.0,91.0,0.0,30.0,1,0.9873494423939864,0.15855938510313478,0.3420201433256687,0.9396926207859084,0.6999999999999993,2.3999999999999986,1
360,1016.8,18.9,17.7,16.9,16.8,96.0,95.0,0.0,17.5,1,-0.0859647987374467,0.9962981749346077,0.766044443118978,0.6427876096865394,0.8999999999999986,2.0,1
361,1016.4,16.3,16.6,15.9,15.0,91.0,96.0,0.0,37.0,1,-0.06880242680232064,0.9976303053065857,0.9396926207859083,0.3420201433256688,1.6000000000000014,0.40000000000000036,1
362,1013.9,18.9,17.1,15.3,16.9,79.0,94.0,0.0,24.0,1,-0.05161966722325418,0.9986668162884759,0.9396926207859083,0.3420201433256688,0.20000000000000284,3.599999999999998,1
144,1013.0,22.2,20.5,19.1,17.9,79.0,81.0,2.2,28.6,1,0.6152845999633276,-0.7883050558305255,0.9396926207859083,0.3420201433256688,2.6000000000000014,3.099999999999998,0
17,1014.5,18.7,17.6,17.0,17.4,97.0,95.0,0.0,25.0,1,0.288482432880609,0.9574851883550393,0.766044443118978,0.6427876096865394,0.20000000000000284,1.6999999999999993,1
78,1016.6,21.1,19.1,17.1,13.0,94.0,97.0,0.0,50.6,1,0.9741004551724205,0.22611568550828828,0.49999999999999994,0.8660254037844387,6.100000000000001,4.0,1
1,1021.9,19.3,18.1,17.3,16.3,95.0,100.0,0.0,26.5,1,0.017213356155834685,0.9998518392091162,0.9396926207859083,0.3420201433256688,1.8000000000000007,2.0,1
2,1015.3,21.9,18.7,17.3,16.8,85.0,95.0,0.0,21.9,1,0.03442161162274574,0.9994074007397048,0.8660254037844386,0.5000000000000001,1.8999999999999986,4.599999999999998,1
3,1017.7,20.9,19.3,18.9,18.0,87.0,91.0,0.0,50.7,1,0.051619667223253764,0.998666816288476,0.9396926207859083,0.3420201433256688,1.3000000000000007,2.0,1
4,1020.0,21.1,18.4,16.6,14.0,75.0,56.0,3.3,55.5,0,0.06880242680231986,0.9976303053065857,0.8660254037844386,0.5000000000000001,4.399999999999999,4.5,0
5,1027.1,10.8,7.4,8.1,2.5,61.0,95.0,0.1,24.0,1,0.08596479873744647,0.9962981749346078,0.3420201433256687,0.9396926207859084,4.9,2.700000000000001,0
6,1022.7,15.1,13.3,9.8,11.5,93.0,100.0,0.0,24.5,1,0.10310169744743485,0.9946708199115211,0.6427876096865393,0.766044443118978,1.8000000000000007,5.299999999999999,1
7,1027.4,10.4,10.4,8.1,2.2,77.0,92.0,0.0,39.5,1,0.1202080448993527,0.9927487224577402,0.8660254037844386,0.5000000000000001,8.2,2.3000000000000007,1
8,1017.8,17.4,13.7,9.8,11.4,98.0,99.0,0.0,38.3,1,0.13727877211326478,0.9905324521322229,0.766044443118978,0.6427876096865394,2.299999999999999,7.599999999999998,1
9,1024.7,10.9,8.9,7.0,4.6,79.0,96.0,0.0,27.9,1,0.15430882066428117,0.9880226656636976,0.9396926207859083,0.3420201433256688,4.300000000000001,3.9000000000000004,1
10,1023.8,15.1,13.2,9.6,4.0,70.0,61.0,10.1,27.3,0,0.1712931441814776,0.9852201067560606,0.3420201433256687,0.9396926207859084,9.2,5.5,0
11,1017.7,14.6,11.6,10.0,10.9,92.0,88.0,0.1,50.6,1,0.1882267098432442,0.9821256058680006,0.9396926207859083,0.3420201433256688,0.6999999999999993,4.6,0
12,1019.0,16.3,12.1,10.3,8.7,66.0,88.0,0.2,23.4,1,0.2051044998686192,0.9787400799669153,0.3420201433256687,0.9396926207859084,3.4000000000000004,6.0,0
13,1023.9,18.2,17.2,15.4,13.7,69.0,55.0,2.4,55.5,0,0.2219215130041655,0.9750645322571948,0.8660254037844386,0.5000000000000001,3.5,2.799999999999999,0
14,1022.9,18.5,16.5,14.7,15.0,91.0,93.0,0.0,25.0,1,0.2386727660059501,0.9711000518829505,0.3420201433256687,0.9396926207859084,1.5,3.8000000000000007,1
15,1024.3,17.5,13.1,11.4,3.1,58.0,81.0,0.0,14.6,1,0.255353295116187,0.9668478136052775,0.3420201433256687,0.9396926207859084,10.0,6.1,1
16,1023.3,15.3,13.3,10.6,3.2,72.0,22.0,9.2,44.7,0,0.2719581575341055,0.9623090774541486,0.3420201433256687,0.9396926207859084,10.100000000000001,4.700000000000001,0
17,1020.8,16.2,13.1,10.6,1.1,77.0,60.0,10.2,30.3,0,0.288482432880609,0.9574851883550393,0.3420201433256687,0.9396926207859084,12.0,5.6,0
18,1024.9,15.3,12.8,10.0,8.6,63.0,91.0,0.0,18.0,1,0.30492122465628907,0.9523775757303974,0.3420201433256687,0.9396926207859084,4.200000000000001,5.300000000000001,1
19,1027.8,19.7,16.7,14.7,11.1,67.0,44.0,9.9,20.5,0,0.3212696616923644,0.9469877530760753,0.3420201433256687,0.9396926207859084,5.6,5.0,0
20,1023.6,12.5,10.4,8.8,6.2,72.0,20.0,9.1,33.4,0,0.3375228995941133,0.9413173175128471,0.3420201433256687,0.9396926207859084,4.2,3.6999999999999993,0
21,1020.1,13.3,14.4,11.6,10.5,89.0,85.0,1.9,9.9,1,0.3536761221763716,0.9353679493131483,0.3420201433256687,0.9396926207859084,3.9000000000000004,1.700000000000001,0
22,1021.8,21.8,18.4,16.5,14.0,72.0,40.0,10.0,14.6,0,0.3697245428906731,0.9291414114031743,0.6427876096865393,0.766044443118978,4.399999999999999,5.300000000000001,0
23,1018.7,15.4,13.1,13.4,12.3,95.0,87.0,0.3,12.4,1,0.38566340624360707,0.9226395488404876,0.766044443118978,0.6427876096865394,0.7999999999999989,2.0,0
24,1013.4,23.1,21.1,20.7,20.8,98.0,88.0,0.0,39.9,1,0.401487989205973,0.9158642882672872,0.766044443118978,0.6427876096865394,0.3000000000000007,2.400000000000002,1
25,1026.9,19.6,18.6,17.9,12.4,85.0,88.0,0.5,21.6,1,0.4171936026123168,0.9088176373395029,0.3420201433256687,0.9396926207859084,6.200000000000001,1.7000000000000028,0
26,1014.2,18.6,17.1,16.9,16.8,95.0,95.0,0.0,27.4,1,0.4327755925504312,0.901501684131884,0.8660254037844386,0.5000000000000001,0.3000000000000007,1.7000000000000028,1
27,1017.4,25.3,22.1,20.4,19.6,72.0,20.0,10.1,15.2,0,0.4482293417404106,0.893918596519257,0.6427876096865393,0.766044443118978,2.5,4.900000000000002,0
28,1020.5,21.8,18.2,15.8,9.7,62.0,19.0,9.2,26.1,0,0.4635502709028509,0.886070621534138,0.3420201433256687,0.9396926207859084,8.5,6.0,0
29,1019.7,17.6,15.4,14.4,14.3,90.0,96.0,0.0,15.5,1,0.47873384011578846,0.8779600847008882,0.6427876096865393,0.766044443118978,1.0999999999999996,3.200000000000001,1
30,1025.8,17.3,15.4,13.3,3.7,64.0,91.0,2.4,18.0,0,0.4937755501599772,0.869589389346611,0.9396926207859083,0.3420201433256688,11.7,4.0,0
31,1013.9,20.9,20.6,19.4,19.9,73.0,83.0,2.0,14.8,0,0.5086709438521044,0.8609610158889943,0.9396926207859083,0.3420201433256688,0.7000000000000028,1.5,0
32,1016.2,24.8,18.6,17.3,16.5,75.0,78.0,1.2,22.3,1,0.5234156073655503,0.8520775211013093,0.25881904510252074,0.9659258262890683,2.1000000000000014,7.5,0
33,1016.8,23.4,22.4,20.8,16.5,76.0,45.0,9.5,39.7,1,0.5380051715382996,0.8429415373547828,0.984807753012208,0.17364817766693041,5.899999999999999,2.599999999999998,0
34,1020.4,17.2,15.1,14.0,14.1,89.0,88.0,0.0,29.8,1,0.5524353131676196,0.8335557718385699,0.8660254037844386,0.5000000000000001,1.0,3.1999999999999993,1
35,1025.2,16.8,13.5,10.6,10.1,72.0,40.0,9.2,16.0,0,0.5667017562911176,0.8239230057575542,0.3420201433256687,0.9396926207859084,3.4000000000000004,6.200000000000001,0
36,1015.0,23.5,21.6,20.4,20.6,75.0,48.0,9.5,21.2,0,0.5808002734538009,0.8140460935082178,0.6427876096865393,0.766044443118978,1.0,3.1000000000000014,0
37,1024.9,17.3,15.2,14.6,11.5,79.0,46.0,5.0,39.5,1,0.5947266869607634,0.8039279618328213,0.9396926207859083,0.3420201433256688,3.6999999999999993,2.700000000000001,0
38,1020.2,21.2,18.9,17.2,15.0,74.0,35.0,9.8,18.6,0,0.6084768701151261,0.7935716089521474,0.49999999999999994,0.8660254037844387,3.8999999999999986,4.0,0
39,1025.4,18.8,16.1,13.8,11.1,76.0,49.0,9.1,30.2,0,0.6220467484408675,0.7829801036770628,0.3420201433256687,0.9396926207859084,5.000000000000002,5.0,0
40,1021.2,16.5,15.9,13.1,12.6,92.0,90.0,0.0,29.8,1,0.6354323008901774,0.7721565844991642,0.3420201433256687,0.9396926207859084,3.3000000000000007,3.4000000000000004,1
41,1020.4,20.7,18.4,17.6,14.3,78.0,90.0,0.2,43.8,1,0.6486295610349814,0.7611042586607747,0.9396926207859083,0.3420201433256688,4.099999999999998,3.099999999999998,0
42,1012.5,25.3,21.5,19.1,19.9,89.0,76.0,3.5,15.8,0,0.6616346182422783,0.7498264012045686,0.6427876096865393,0.766044443118978,1.6000000000000014,6.199999999999999,0
43,1020.6,18.9,15.2,14.7,13.3,75.0,46.0,9.8,24.5,0,0.6744436188329455,0.7383263540031065,0.3420201433256687,0.9396926207859084,1.8999999999999986,4.199999999999999,0
44,1019.9,17.1,16.1,15.3,12.9,89.0,91.0,0.0,37.5,1,0.6870527672236669,0.7266075247685656,0.8660254037844386,0.5000000000000001,3.200000000000001,1.8000000000000007,1
45,1022.1,20.5,19.0,17.2,16.9,82.0,78.0,1.1,21.9,0,0.6994583270516471,0.7146733860429609,0.9396926207859083,0.3420201433256688,2.1000000000000014,3.3000000000000007,0
46,1023.8,18.5,16.7,15.6,15.9,91.0,89.0,1.7,9.5,0,0.7116566222817746,0.7025274741691571,0.6427876096865393,0.766044443118978,0.7999999999999989,2.9000000000000004,0
47,1013.0,21.3,18.6,17.1,16.0,79.0,86.0,0.0,30.6,1,0.7236440382959124,0.6901733882429719,0.9396926207859083,0.3420201433256688,2.6000000000000014,4.199999999999999,1
48,1022.5,19.0,17.8,16.9,15.0,95.0,95.0,0.0,41.3,1,0.7354170229639855,0.6776147890466889,0.8660254037844386,0.5000000000000001,2.8000000000000007,2.1000000000000014,1
49,1013.4,20.3,18.1,17.4,16.8,79.0,88.0,0.1,8.9,1,0.7469720876965552,0.6648553979642865,0.3420201433256687,0.9396926207859084,1.3000000000000007,2.900000000000002,0
50,1017.8,17.4,16.0,15.0,15.5,86.0,79.0,0.1,12.5,1,0.7583058084785624,0.6518989958787126,0.8660254037844386,0.5000000000000001,0.5,2.3999999999999986,0
51,1016.5,17.4,16.6,15.3,14.4,87.0,100.0,0.0,40.8,1,0.7694148268839378,0.6387494220515272,0.3420201433256687,0.9396926207859084,2.200000000000001,2.099999999999998,1
52,1013.3,17.1,16.6,15.9,16.0,94.0,100.0,0.0,35.1,1,0.7802958510707755,0.6254105729852463,0.8660254037844386,0.5000000000000001,0.6000000000000014,1.200000000000001,1
53,1019.9,21.3,19.5,18.4,18.1,81.0,84.0,0.5,20.0,1,0.7909456567567772,0.6118864012687243,0.766044443118978,0.6427876096865394,1.3999999999999986,2.900000000000002,0
54,1016.0,22.1,20.4,19.0,18.9,92.0,86.0,0.0,14.0,1,0.8013610881746766,0.5981809144059164,0.766044443118978,0.6427876096865394,1.5,3.1000000000000014,1
55,1025.9,18.6,16.6,15.6,13.7,78.0,88.0,0.0,24.4,0,0.811539059007361,0.5842981736283684,0.6427876096865393,0.766044443118978,2.900000000000002,3.0000000000000018,1
56,1014.8,21.2,20.8,19.2,17.1,86.0,83.0,1.6,21.9,1,0.8214765533024142,0.5702422926917871,0.766044443118978,0.6427876096865394,3.6999999999999993,2.0,0
57,1012.2,18.5,17.6,15.4,13.1,94.0,88.0,0.2,23.5,1,0.8311706263658079,0.5560174366570446,0.984807753012208,-0.1736481776669303,4.500000000000002,3.0999999999999996,0
58,1012.2,19.4,17.3,15.6,15.9,87.0,87.0,2.3,28.4,1,0.8406184056344782,0.5416278206559814,0.766044443118978,0.6427876096865394,1.4000000000000004,3.799999999999999,0
59,1018.1,20.4,17.6,15.6,15.6,97.0,99.0,1.6,19.2,1,0.8498170915275278,0.5270777086423722,0.984807753012208,0.17364817766693041,2.0000000000000018,4.799999999999999,0
60,1020.9,17.3,16.3,15.2,12.7,76.0,83.0,0.0,29.7,1,0.8587639582758029,0.5123714121284237,0.766044443118978,0.6427876096865394,3.6000000000000014,2.1000000000000014,1
61,1022.5,15.5,13.7,12.3,10.0,92.0,95.0,0.0,26.5,0,0.8674563547295968,0.49751328890718066,0.3420201433256687,0.9396926207859084,3.6999999999999993,3.1999999999999993,1
62,1022.3,15.5,13.6,11.7,11.5,92.0,95.0,0.0,25.0,1,0.8758917051442429,0.48250774176121847,0.3420201433256687,0.9396926207859084,2.0999999999999996,3.8000000000000007,1
63,1013.9,23.1,21.5,20.1,19.3,77.0,88.0,0.0,32.5,1,0.8840675099433636,0.4673592171580022,0.9396926207859083,0.3420201433256688,2.1999999999999993,3.0,1
64,1022.9,20.9,18.1,14.0,12.1,98.0,91.0,0.0,27.1,1,0.8919813464595485,0.45207220393230435,0.3420201433256687,0.9396926207859084,6.000000000000002,6.899999999999999,1
65,1020.4,19.2,18.1,17.1,14.9,75.0,91.0,0.0,26.2,1,0.8996308696522433,0.43665123195606403,0.8660254037844386,0.5000000000000001,3.200000000000001,2.099999999999998,1
66,1023.5,15.9,12.8,10.1,11.7,65.0,83.0,0.0,17.5,1,0.9070138128026359,0.4211008707960896,0.3420201433256687,0.9396926207859084,1.1000000000000014,5.800000000000001,1
67,1014.8,21.3,19.9,17.6,18.1,90.0,82.0,2.5,21.6,1,0.9141279881853337,0.40542572835999735,0.3420201433256687,0.9396926207859084,1.7999999999999972,3.6999999999999993,0
68,1014.5,16.3,15.3,14.6,13.3,92.0,99.0,0.0,34.0,1,0.9209712877166346,0.38963044953078796,0.9396926207859083,0.3420201433256688,2.0,1.700000000000001,1
69,1023.8,17.2,14.8,11.7,8.4,69.0,22.0,9.0,12.5,0,0.9275416835791966,0.37371971479046906,0.3420201433256687,0.9396926207859084,6.4,5.5,0
70,1020.3,18.5,19.2,17.7,13.3,60.0,38.0,9.3,8.5,0,0.9338372288229252,0.35769823883312546,0.8660254037844386,0.5000000000000001,5.899999999999999,0.8000000000000007,0
71,1017.4,25.2,20.6,19.9,19.9,79.0,81.0,2.5,16.0,1,0.9398560579418954,0.3415707691678556,0.766044443118978,0.6427876096865394,0.7000000000000028,5.300000000000001,0
72,1022.1,22.8,18.6,16.7,12.4,65.0,67.0,2.7,32.9,0,0.9455963874271426,0.3253420847119801,0.766044443118978,0.6427876096865394,6.200000000000001,6.100000000000001,0
73,1016.4,24.9,22.2,20.8,17.8,79.0,83.0,3.5,29.8,0,0.9510565162951535,0.30901699437494745,0.9396926207859083,0.3420201433256688,4.399999999999999,4.099999999999998,0
74,1017.1,26.8,21.8,19.9,18.5,79.0,28.0,9.5,7.4,0,0.9562348265919056,0.29260033563334836,0.9396926207859083,0.3420201433256688,3.3000000000000007,6.900000000000002,0
75,1013.6,26.5,23.1,19.1,16.8,86.0,75.0,6.7,28.6,0,0.9611297838723007,0.27609697309746883,0.8660254037844386,0.5000000000000001,6.300000000000001,7.399999999999999,0
76,1012.5,26.9,22.5,17.7,14.0,69.0,68.0,7.5,9.2,0,0.9657399376548549,0.2595117970697999,0.9396926207859083,0.3420201433256688,8.5,9.2,0
77,1016.8,25.2,23.1,21.3,21.4,94.0,88.0,0.0,19.3,1,0.9700639218515071,0.2428497220959356,0.984807753012208,0.17364817766693041,1.7000000000000028,3.8999999999999986,1
78,1012.5,26.3,24.3,23.1,22.1,93.0,86.0,2.2,29.6,1,0.9741004551724205,0.22611568550828828,0.984807753012208,0.17364817766693041,2.1999999999999993,3.1999999999999993,0
79,1012.5,27.8,25.5,24.4,22.9,86.0,82.0,2.4,28.0,0,0.9778483415056568,0.20931464596304847,0.9396926207859083,0.3420201433256688,2.6000000000000014,3.400000000000002,0
80,1011.3,22.2,19.8,18.7,16.9,86.0,89.0,0.1,37.0,1,0.9813064702716093,0.19245158197082998,0.6427876096865393,0.766044443118978,2.900000000000002,3.5,0
81,1010.5,19.6,18.2,18.0,16.5,95.0,95.0,0.0,19.0,1,0.9844738167520922,0.1755314904214282,0.9396926207859083,0.3420201433256688,1.6999999999999993,1.6000000000000014,1
82,1010.8,24.3,21.4,20.4,19.5,86.0,77.0,7.3,9.5,1,0.9873494423939864,0.15855938510313478,0.8660254037844386,0.5000000000000001,1.8999999999999986,3.900000000000002,0
83,1011.5,26.5,23.1,20.6,17.0,91.0,89.0,0.3,12.1,1,0.989932495087353,0.141540295217043,0.9396926207859083,0.3420201433256688,6.100000000000001,5.899999999999999,0
84,1011.4,24.4,22.1,21.3,22.1,88.0,82.0,0.5,16.2,1,0.9922222094179323,0.12447926388678915,0.6427876096865393,0.766044443118978,0.0,3.099999999999998,0
85,1011.2,24.7,21.4,20.1,20.6,92.0,83.0,0.4,5.5,1,0.994217906893952,0.10738134666416309,0.8660254037844387,-0.4999999999999998,0.7999999999999972,4.599999999999998,0
86,1016.8,26.1,24.8,22.0,22.3,84.0,90.0,0.5,22.2,1,0.995918996147179,0.09025161003104117,0.6427876096865393,0.766044443118978,2.5,4.100000000000001,0
87,1014.9,27.3,25.9,23.1,21.4,92.0,90.0,4.4,30.3,1,0.9973249731081555,0.07309512989807777,0.984807753012208,0.17364817766693041,4.5,4.199999999999999,0
88,1010.1,27.1,25.7,23.1,20.1,90.0,83.0,1.0,12.1,1,0.9984354211555643,0.055916990100603484,-0.17364817766693047,-0.984807753012208,5.599999999999998,4.0,0
89,1010.6,25.2,24.3,24.4,21.6,95.0,86.0,0.0,17.3,1,0.9992500112396835,0.03872228089217446,0.766044443118978,0.6427876096865394,2.6999999999999993,0.8000000000000007,1
90,1013.0,27.8,25.5,23.6,20.8,90.0,81.0,1.0,26.4,0,0.9997685019798909,0.021516097436222254,0.9396926207859083,0.3420201433256688,4.699999999999999,4.199999999999999,0
91,1012.5,28.4,23.8,21.0,22.1,91.0,86.0,2.0,24.2,1,0.9999907397361901,0.004303538296244289,0.9396926207859083,0.3420201433256688,1.6999999999999993,7.399999999999999,0
92,1010.2,28.2,25.5,23.3,22.9,90.0,83.0,3.0,12.1,1,0.9999166586547379,-0.01291029607500882,-0.5000000000000001,-0.8660254037844386,2.6000000000000014,4.899999999999999,0
93,1011.5,26.2,25.2,24.3,23.8,89.0,88.0,1.2,21.4,1,0.9995462806873573,-0.030120304846908114,0.766044443118978,0.6427876096865394,1.3999999999999986,1.8999999999999986,0
94,1014.6,25.4,24.7,23.2,23.2,96.0,85.0,3.5,17.2,1,0.9988797155850336,-0.04732138832243185,0.984807753012208,0.17364817766693041,1.5,2.1999999999999993,0
95,1012.5,27.6,25.5,24.0,22.9,86.0,83.0,3.5,22.5,1,0.9979171608653922,-0.06450844944931623,0.6427876096865393,0.766044443118978,2.6000000000000014,3.6000000000000014,0
96,1010.1,27.6,25.8,24.5,19.5,94.0,88.0,1.0,16.9,1,0.9966589017541702,-0.08167639533042241,0.6427876096865393,0.766044443118978,6.300000000000001,3.1000000000000014,0
97,1013.4,27.7,25.8,24.5,23.1,85.0,88.0,0.6,7.3,1,0.9951053111006976,-0.09882013873287143,0.9396926207859083,0.3420201433256688,2.6999999999999993,3.1999999999999993,0
98,1012.0,28.2,25.2,24.5,24.4,86.0,88.0,1.1,9.8,1,0.9932568492674143,-0.11593459959550041,0.8660254037844387,-0.4999999999999998,0.8000000000000007,3.6999999999999993,0
99,1007.8,28.5,26.2,24.3,23.8,87.0,69.0,5.0,15.1,0,0.9911140639934547,-0.1330147065341959,0.9396926207859083,0.3420201433256688,2.3999999999999986,4.199999999999999,0
100,1012.4,25.2,23.1,21.7,18.2,80.0,83.0,3.9,34.3,1,0.9886775902323405,-0.1500553983446526,0.8660254037844386,0.5000000000000001,4.900000000000002,3.5,0
101,1014.5,28.2,25.9,23.7,23.4,79.0,81.0,1.2,15.7,1,0.9859481499638304,-0.16705162550211924,-0.6427876096865393,-0.766044443118978,2.5,4.5,0
102,1014.5,29.4,26.8,24.7,23.6,82.0,89.0,1.4,12.7,1,0.9829265519799822,-0.18399835165768005,-0.9848077530122081,0.17364817766692997,3.1999999999999993,4.699999999999999,0
103,1008.5,30.3,27.1,25.8,24.4,81.0,84.0,1.0,24.2,1,0.9796136916454901,-0.20089055513063506,0.6427876096865393,0.766044443118978,2.700000000000003,4.5,0
104,1010.4,27.7,25.8,24.8,23.3,82.0,84.0,3.2,26.3,1,0.9760105506323683,-0.21772323039653177,0.17364817766693028,-0.984807753012208,2.5,2.8999999999999986,0
105,1013.0,27.9,26.5,25.4,24.7,91.0,88.0,0.4,35.1,1,0.9721181966290613,-0.23449138957040985,0.984807753012208,-0.1736481776669303,1.8000000000000007,2.5,0
106,1009.9,30.8,28.1,25.1,25.2,89.0,88.0,1.0,16.2,1,0.9679377830240642,-0.25119006388481935,-0.34202014332566866,-0.9396926207859084,2.900000000000002,5.699999999999999,0
107,1013.3,29.8,27.6,26.6,24.4,90.0,80.0,3.5,18.4,1,0.9634705485641488,-0.2678143051621742,-0.8660254037844384,-0.5000000000000004,3.200000000000003,3.1999999999999993,0
108,1009.9,28.6,26.9,25.8,25.3,81.0,85.0,1.2,26.8,1,0.9587178169872964,-0.2843591872810034,0.49999999999999994,0.8660254037844387,1.5999999999999979,2.8000000000000007,0
109,1010.5,30.8,28.1,25.0,25.0,81.0,86.0,2.1,14.3,1,0.9536809966304457,-0.30081980763566735,1.0,6.123233995736766e-17,3.1000000000000014,5.800000000000001,0
110,1008.8,27.7,25.8,24.8,24.8,87.0,88.0,0.9,21.9,1,0.9483615800121715,-0.3171912885891061,-0.6427876096865393,-0.766044443118978,1.0,2.8999999999999986,0
111,1010.3,30.1,27.8,24.2,23.3,85.0,79.0,7.8,22.3,1,0.9427611433904207,-0.3334687789181868,1.0,6.123233995736766e-17,4.5,5.900000000000002,0
112,1012.3,27.4,25.4,24.9,23.1,80.0,70.0,6.4,16.5,1,0.9368813462954315,-0.3496474552512284,-0.7660444431189779,-0.6427876096865395,2.299999999999997,2.5,0
113,1013.4,30.6,27.6,25.5,23.1,76.0,78.0,5.8,16.9,1,0.9307239310379795,-0.36572252349726897,0.984807753012208,0.17364817766693041,4.5,5.100000000000001,0
114,1009.9,27.4,26.9,24.2,24.6,84.0,72.0,6.9,12.5,1,0.9242907221930934,-0.3816892202666588,0.9396926207859083,0.3420201433256688,2.299999999999997,3.1999999999999993,0
115,1010.5,30.9,27.4,25.0,25.0,89.0,81.0,1.0,24.4,1,0.9175836260593937,-0.39754281428255595,-0.7660444431189779,-0.6427876096865395,2.3999999999999986,5.899999999999999,0
116,1009.9,28.5,26.8,24.9,19.8,87.0,71.0,6.6,18.0,1,0.9106046300942163,-0.4132786077829042,0.3420201433256687,0.9396926207859084,7.0,3.6000000000000014,0
117,1013.0,29.0,26.9,24.9,22.4,88.0,88.0,6.1,33.5,1,0.9033558023246845,-0.4288919379124835,0.8660254037844386,0.5000000000000001,4.5,4.100000000000001,0
118,1008.9,30.1,28.0,26.0,25.3,89.0,88.0,0.3,9.4,1,0.895839290734909,-0.4443781781046132,0.9396926207859084,-0.3420201433256687,2.6999999999999993,4.100000000000001,0
119,1012.1,26.7,24.7,23.4,23.0,85.0,81.0,2.5,39.5,1,0.8880573226294932,-0.45973273945210397,0.9396926207859083,0.3420201433256688,1.6999999999999993,3.3000000000000007,0
120,1011.6,29.2,26.1,24.8,23.8,91.0,88.0,0.1,18.4,1,0.8800122039735357,-0.47495107206704995,0.984807753012208,0.17364817766693041,2.3000000000000007,4.399999999999999,0
121,1006.8,29.5,26.9,25.8,25.3,89.0,86.0,1.6,9.2,1,0.8717063187093219,-0.49002866642905923,-0.6427876096865393,-0.766044443118978,1.5999999999999979,3.6999999999999993,0
122,1006.3,30.8,27.9,26.6,23.1,89.0,82.0,2.1,15.3,1,0.8631421280499114,-0.5049610547215204,-0.17364817766693047,-0.984807753012208,4.799999999999997,4.199999999999999,0
123,1006.4,30.3,28.6,26.8,24.5,94.0,88.0,0.3,20.9,1,0.854322169749827,-0.5197438121555155,-0.7660444431189779,-0.6427876096865395,4.100000000000001,3.5,0
124,1012.4,30.4,26.8,24.5,23.1,82.0,61.0,5.0,9.1,1,0.8452490573530633,-0.5343725582809786,0.984807753012208,0.17364817766693041,3.6999999999999993,5.899999999999999,0
125,1011.2,28.0,25.4,24.0,23.0,86.0,82.0,1.1,7.9,1,0.8359254794186372,-0.548842958284719,0.984807753012208,0.17364817766693041,2.3999999999999986,4.0,0
126,1006.7,27.8,25.1,24.1,22.9,89.0,87.0,1.8,20.8,1,0.8263541987239096,-0.5631507242749186,-0.34202014332566866,-0.9396926207859084,2.200000000000003,3.6999999999999993,0
127,1008.8,30.7,27.5,24.0,25.5,84.0,87.0,2.4,21.9,1,0.8165380514459161,-0.5772916165517272,-0.17364817766693047,-0.984807753012208,2.0,6.699999999999999,0
128,1009.8,28.4,26.2,25.9,25.4,77.0,78.0,3.3,31.9,1,0.8064799463209448,-0.5912614448635781,0.9396926207859083,0.3420201433256688,0.8000000000000007,2.5,0
129,1007.2,30.7,29.0,26.4,25.3,84.0,77.0,2.4,12.0,1,0.7961828637826158,-0.6050560696488488,0.49999999999999994,-0.8660254037844387,3.6999999999999993,4.300000000000001,0
130,1008.3,32.0,28.7,24.9,21.6,84.0,75.0,6.7,7.9,1,0.7856498550787147,-0.6186714032625031,0.3420201433256687,0.9396926207859084,7.099999999999998,7.100000000000001,0
131,1012.2,31.9,29.9,28.3,24.9,75.0,72.0,8.4,8.0,1,0.7748840413670407,-0.6321034111873487,1.2246467991473532e-16,-1.0,5.0,3.599999999999998,0
132,1009.6,32.5,29.6,27.5,25.9,89.0,89.0,3.2,17.2,1,0.7638886127905428,-0.6453481132295501,-0.6427876096865393,-0.766044443118978,3.700000000000003,5.0,0
133,1008.1,33.0,30.1,28.1,26.1,79.0,78.0,7.7,26.8,1,0.7526668275320084,-0.6584015846980488,-0.7660444431189779,-0.6427876096865395,4.0,4.899999999999999,0
134,1008.1,31.6,27.2,26.4,24.3,89.0,88.0,6.0,25.0,1,0.741222010848596,-0.6712599575675313,-0.7660444431189779,-0.6427876096865395,2.8999999999999986,5.200000000000003,0
135,1008.0,33.2,30.1,27.2,24.4,87.0,83.0,5.0,38.3,1,0.7295575540864875,-0.6839194216246106,0.766044443118978,0.6427876096865394,5.700000000000003,6.0000000000000036,0
136,1007.9,31.5,28.5,26.9,25.5,82.0,88.0,2.4,20.8,1,0.717676913675962,-0.6963762255968722,-0.7660444431189779,-0.6427876096865395,3.0,4.600000000000001,0
137,1011.5,29.1,26.8,24.8,22.9,78.0,60.0,8.4,19.0,0,0.705583610107178,-0.7086266782644596,0.3420201433256687,0.9396926207859084,3.900000000000002,4.300000000000001,0
138,1006.7,31.7,28.6,27.3,25.3,90.0,77.0,1.1,23.3,1,0.6932812268869777,-0.7206671495538609,-0.7660444431189779,-0.6427876096865395,3.3000000000000007,4.399999999999999,0
139,1008.2,32.3,29.4,26.3,25.3,84.0,72.0,7.7,9.5,1,0.6807734094770161,-0.7324940716135789,-0.6427876096865393,-0.766044443118978,4.099999999999998,5.9999999999999964,0
140,1008.6,33.8,30.2,28.1,25.9,81.0,51.0,10.6,33.2,0,0.6680638642135335,-0.7441039398713607,-0.8660254037844384,-0.5000000000000004,4.300000000000001,5.699999999999996,0
141,1008.9,33.3,30.2,28.4,25.9,76.0,49.0,9.2,29.3,1,0.6551563572090853,-0.7554933140726803,-0.6427876096865393,-0.766044443118978,4.300000000000001,4.899999999999999,0
142,1008.5,32.4,29.9,27.6,26.1,82.0,89.0,1.1,4.5,1,0.6420547132365637,-0.766658819300159,-0.6427876096865393,-0.766044443118978,3.799999999999997,4.799999999999997,0
143,1009.1,30.6,27.9,26.9,25.6,88.0,83.0,2.5,39.5,1,0.6287628145958344,-0.777597146973627,-0.9396926207859085,0.34202014332566816,2.299999999999997,3.700000000000003,0
144,1005.3,31.3,29.4,28.3,26.3,84.0,88.0,0.3,28.8,1,0.6152845999633276,-0.7883050558305255,-0.6427876096865393,-0.766044443118978,3.099999999999998,3.0,0
145,1009.5,33.2,30.3,28.1,25.9,72.0,60.0,9.7,28.8,0,0.6016240632249226,-0.7987793728863649,-0.6427876096865393,-0.766044443118978,4.400000000000002,5.100000000000001,0
146,1005.9,32.9,30.1,29.3,26.3,81.0,83.0,2.1,16.3,1,0.5877852522924732,-0.8090169943749473,-0.7660444431189779,-0.6427876096865395,3.8000000000000007,3.599999999999998,0
147,1006.8,32.8,30.0,28.1,24.0,76.0,48.0,7.8,11.3,1,0.5737722679043246,-0.8190148866680801,0.17364817766693033,0.984807753012208,6.0,4.699999999999996,0
148,1007.9,32.0,29.7,28.0,25.2,70.0,38.0,9.1,11.8,0,0.5595892624101765,-0.8287700871745038,-0.6427876096865393,-0.766044443118978,4.5,4.0,0
149,1009.9,33.7,29.1,28.9,25.7,79.0,56.0,7.1,39.5,1,0.545240438540651,-0.8382797052177744,0.984807753012208,-0.1736481776669303,3.400000000000002,4.800000000000004,0
150,1008.2,33.9,29.1,26.4,24.4,79.0,83.0,6.4,24.5,0,0.5307300481619334,-0.8475409228928311,-0.7660444431189779,-0.6427876096865395,4.700000000000003,7.5,0
151,1009.7,32.4,30.7,29.1,26.3,87.0,78.0,6.3,46.3,1,0.5160623910158528,-0.8565509959010036,-0.6427876096865393,-0.766044443118978,4.399999999999999,3.299999999999997,0
152,1008.9,33.7,30.6,28.9,26.7,87.0,84.0,3.3,24.2,1,0.5012418134457758,-0.865307254363206,-0.7660444431189779,-0.6427876096865395,3.900000000000002,4.800000000000004,0
153,1009.5,33.7,30.7,26.8,24.3,74.0,72.0,7.7,15.9,0,0.48627270710869,-0.8738071036110808,-0.5000000000000001,-0.8660254037844386,6.399999999999999,6.900000000000002,0
154,1008.5,34.2,30.1,28.7,24.4,72.0,22.0,10.5,9.5,0,0.4711595076738638,-0.8820480249558537,-0.8660254037844384,-0.5000000000000004,5.700000000000003,5.5000000000000036,0
155,1008.7,34.8,30.4,28.4,26.3,80.0,81.0,6.4,7.4,1,0.4559066935084588,-0.8900275764346767,-0.9396926207859085,0.34202014332566816,4.099999999999998,6.399999999999999,0
156,1006.5,34.8,30.0,26.3,24.3,60.0,38.0,11.4,9.2,0,0.440518784350495,-0.8977433935342337,-0.6427876096865393,-0.766044443118978,5.699999999999999,8.499999999999996,0
157,1008.2,33.2,30.4,29.0,24.0,72.0,35.0,11.4,9.1,0,0.42500033996955416,-0.9051931898913974,1.2246467991473532e-16,-1.0,6.399999999999999,4.200000000000003,0
158,1005.5,33.1,30.0,28.4,26.1,81.0,88.0,0.1,15.2,1,0.4093559588156213,-0.9123747579707273,-0.8660254037844384,-0.5000000000000004,3.8999999999999986,4.700000000000003,0
159,1007.9,33.0,30.1,27.8,25.1,76.0,32.0,6.4,11.7,0,0.39359027665646673,-0.9192859697186104,-0.6427876096865393,-0.766044443118978,5.0,5.199999999999999,0
160,1005.3,34.0,30.2,28.0,25.0,75.0,41.0,12.0,12.5,0,0.3777079652039649,-0.9259247771938498,-0.6427876096865393,-0.766044443118978,5.199999999999999,6.0,0
161,1006.5,33.2,30.7,28.7,26.2,89.0,88.0,1.3,15.4,1,0.36171373072976765,-0.9322892131745133,-0.17364817766693047,-0.984807753012208,4.5,4.5000000000000036,0
162,1006.5,32.6,29.8,27.4,25.0,85.0,74.0,6.7,12.6,1,0.3456123126707335,-0.9383773917408641,0.984807753012208,-0.1736481776669303,4.800000000000001,5.200000000000003,0
163,1008.4,32.0,29.6,27.3,25.3,82.0,69.0,9.1,26.0,1,0.3294084822245304,-0.9441875088341993,-0.6427876096865393,-0.766044443118978,4.300000000000001,4.699999999999999,0
164,1007.9,33.3,30.1,28.1,26.1,80.0,83.0,6.9,27.6,1,0.3131070409358269,-0.9497178427914316,-0.7660444431189779,-0.6427876096865395,4.0,5.199999999999996,0
165,1007.8,32.0,29.0,27.7,26.5,78.0,84.0,6.5,27.1,1,0.29671281927349075,-0.9549667548552551,-0.5000000000000001,-0.8660254037844386,2.5,4.300000000000001,0
166,1007.7,34.7,30.7,28.4,25.0,74.0,44.0,8.4,10.9,1,0.2802306751992159,-0.9599326896597447,-0.5000000000000001,-0.8660254037844386,5.699999999999999,6.300000000000004,0
167,1008.9,31.4,29.4,27.5,26.7,86.0,84.0,1.2,28.6,1,0.26366549272800704,-0.9646141756912435,-0.6427876096865393,-0.766044443118978,2.6999999999999993,3.8999999999999986,0
168,1007.7,31.2,28.9,25.8,24.7,84.0,67.0,7.9,12.8,1,0.24702218048093552,-0.9690098257244062,-0.6427876096865393,-0.766044443118978,4.199999999999999,5.399999999999999,0
169,1005.5,31.7,29.0,27.2,24.8,79.0,67.0,4.2,33.0,1,0.23030567023061221,-0.9731183372332619,-0.17364817766693047,-0.984807753012208,4.199999999999999,4.5,0
170,999.6,32.3,29.9,26.9,26.0,77.0,84.0,7.1,23.5,1,0.21352091543979612,-0.9769384927771817,1.2246467991473532e-16,-1.0,3.8999999999999986,5.399999999999999,0
171,1008.1,33.8,30.0,28.0,26.3,86.0,81.0,2.1,30.6,1,0.19667288979357647,-0.980469160361632,-0.8660254037844384,-0.5000000000000004,3.6999999999999993,5.799999999999997,0
172,1006.8,35.3,31.3,28.0,26.4,75.0,32.0,10.6,12.5,1,0.1797665857255624,-0.9837092937736097,0.49999999999999994,-0.8660254037844387,4.900000000000002,7.299999999999997,0
173,1003.5,29.7,27.8,26.0,25.9,86.0,88.0,0.0,13.1,1,0.16280701293851715,-0.986657932891657,-0.7660444431189779,-0.6427876096865395,1.9000000000000021,3.6999999999999993,1
174,1005.5,31.4,28.9,26.3,26.3,87.0,80.0,5.9,14.2,0,0.1457991969198751,-0.9893142039703663,-0.7660444431189779,-0.6427876096865395,2.599999999999998,5.099999999999998,0
175,1009.4,31.2,28.4,26.5,25.8,85.0,88.0,0.7,18.6,1,0.12874817745258132,-0.99167731989929,-0.6427876096865393,-0.766044443118978,2.599999999999998,4.699999999999999,0
176,1007.9,32.0,29.2,27.7,25.1,82.0,57.0,5.1,26.2,1,0.11165900712169512,-0.993746580436178,-1.0,-1.8369701987210297e-16,4.099999999999998,4.300000000000001,0
177,1002.5,34.0,30.7,27.0,26.2,83.0,77.0,3.7,13.1,1,0.09453674981719912,-0.9955213724144752,-0.7660444431189779,-0.6427876096865395,4.5,7.0,0
178,1008.6,33.0,30.7,27.0,26.7,79.0,86.0,2.5,25.0,1,0.07738647923346301,-0.9970011699250151,-0.7660444431189779,-0.6427876096865395,4.0,6.0,0
179,1009.9,32.7,30.1,28.9,26.1,81.0,53.0,5.0,15.0,1,0.06021327736579302,-0.9981855344718586,-0.6427876096865393,-0.766044443118978,4.0,3.8000000000000043,0
180,1009.1,34.7,30.6,28.2,25.8,87.0,85.0,1.1,17.2,1,0.04302223300453059,-0.99907411510223,-0.6427876096865393,-0.766044443118978,4.800000000000001,6.5000000000000036,0
181,1006.1,35.1,30.3,27.3,26.3,85.0,80.0,5.6,22.5,1,0.02581844022713308,-0.9996666485105112,-0.7660444431189779,-0.6427876096865395,4.0,7.800000000000001,0
182,1010.7,30.8,28.7,27.6,25.3,78.0,51.0,9.2,20.5,1,0.008606996888688698,-0.9999629591162655,-0.34202014332566866,-0.9396926207859084,3.3999999999999986,3.1999999999999993,0
183,1010.9,34.0,30.6,27.9,26.0,84.0,73.0,2.8,16.4,1,-0.008606996888688009,-0.9999629591162655,-0.9848077530122081,0.17364817766692997,4.600000000000001,6.100000000000001,0
184,1010.9,32.8,29.9,28.0,25.3,80.0,83.0,6.3,15.5,1,-0.02581844022713239,-0.9996666485105112,-0.7660444431189779,-0.6427876096865395,4.599999999999998,4.799999999999997,0
185,1005.0,32.2,29.3,25.4,25.0,72.0,49.0,8.3,24.3,0,-0.04302223300453034,-0.99907411510223,-1.0,-1.8369701987210297e-16,4.300000000000001,6.800000000000004,0
186,1007.6,34.7,31.4,26.0,26.4,80.0,28.0,11.2,9.9,0,-0.060213277365792774,-0.9981855344718586,0.17364817766693028,-0.984807753012208,5.0,8.700000000000003,0
187,1007.9,31.7,28.1,26.4,24.8,78.0,29.0,7.1,8.3,0,-0.07738647923346322,-0.9970011699250151,-0.6427876096865393,-0.766044443118978,3.3000000000000007,5.300000000000001,0
188,1000.0,33.0,30.0,29.0,25.3,77.0,38.0,10.0,15.3,0,-0.09453674981719933,-0.9955213724144752,0.17364817766693028,-0.984807753012208,4.699999999999999,4.0,0
189,1008.1,32.2,28.9,26.9,25.6,77.0,47.0,8.8,16.0,0,-0.11165900712169444,-0.9937465804361781,0.984807753012208,-0.1736481776669303,3.299999999999997,5.300000000000004,0
190,1008.8,32.8,29.1,26.4,25.7,84.0,88.0,2.2,9.5,1,-0.12874817745258066,-0.99167731989929,-0.5000000000000001,-0.8660254037844386,3.400000000000002,6.399999999999999,0
191,1009.9,33.3,29.4,28.4,25.2,81.0,80.0,6.9,16.0,1,-0.14579919691987442,-0.9893142039703664,-0.6427876096865393,-0.766044443118978,4.199999999999999,4.899999999999999,0
192,1009.1,32.1,29.3,27.4,25.4,84.0,80.0,6.5,17.2,1,-0.16280701293851646,-0.9866579328916572,-0.6427876096865393,-0.766044443118978,3.900000000000002,4.700000000000003,0
193,1008.1,32.0,29.1,27.1,26.1,81.0,82.0,2.2,17.3,1,-0.17976658572556214,-0.9837092937736098,-0.7660444431189779,-0.6427876096865395,3.0,4.899999999999999,0
194,1009.3,33.0,30.7,28.4,24.5,72.0,32.0,10.4,21.8,0,-0.19667288979357622,-0.9804691603616321,-0.984807753012208,-0.17364817766693033,6.199999999999999,4.600000000000001,0
195,1007.9,33.5,30.1,27.8,24.5,74.0,43.0,10.8,8.0,0,-0.2135209154397959,-0.9769384927771817,0.3420201433256687,0.9396926207859084,5.600000000000001,5.699999999999999,0
196,1008.9,32.0,29.4,27.5,25.4,79.0,78.0,6.4,11.1,1,-0.23030567023061196,-0.973118337233262,0.17364817766693033,0.984807753012208,4.0,4.5,0
197,1009.4,33.4,30.2,28.2,24.5,82.0,78.0,8.8,22.1,1,-0.24702218048093527,-0.9690098257244063,-0.7660444431189779,-0.6427876096865395,5.699999999999999,5.199999999999999,0
198,1008.8,33.3,30.1,27.9,24.3,75.0,48.0,10.1,15.8,0,-0.2636654927280072,-0.9646141756912435,-0.6427876096865393,-0.766044443118978,5.800000000000001,5.399999999999999,0
199,1009.2,32.2,29.6,26.8,24.8,78.0,44.0,10.0,11.0,0,-0.2802306751992161,-0.9599326896597445,-0.17364817766693047,-0.984807753012208,4.800000000000001,5.400000000000002,0
200,1006.4,35.8,30.2,28.8,24.9,80.0,33.0,11.4,14.5,0,-0.2967128192734901,-0.9549667548552553,-0.7660444431189779,-0.6427876096865395,5.300000000000001,6.9999999999999964,0
201,999.0,35.2,31.0,28.1,26.1,77.0,57.0,10.1,12.0,1,-0.3131070409358267,-0.9497178427914317,0.3420201433256689,-0.9396926207859083,4.899999999999999,7.100000000000001,0
202,1007.8,35.6,31.3,26.9,26.3,80.0,83.0,6.5,25.5,1,-0.3294084822245302,-0.9441875088341994,0.3420201433256687,0.9396926207859084,5.0,8.700000000000003,0
203,1010.9,31.7,28.4,26.0,25.4,84.0,84.0,2.2,17.2,0,-0.3456123126707333,-0.9383773917408642,0.6427876096865393,0.766044443118978,3.0,5.699999999999999,0
204,1006.6,33.0,28.2,26.2,24.4,75.0,72.0,8.5,9.8,0,-0.3617137307297674,-0.9322892131745134,-0.6427876096865393,-0.766044443118978,3.8000000000000007,6.800000000000001,0
205,1011.6,34.0,31.1,26.8,26.1,87.0,80.0,8.3,13.0,1,-0.37770796520396466,-0.9259247771938499,0.3420201433256689,-0.9396926207859083,5.0,7.199999999999999,0
206,1009.9,32.2,28.2,26.3,25.6,86.0,85.0,1.0,7.9,1,-0.39359027665646645,-0.9192859697186105,-0.6427876096865393,-0.766044443118978,2.599999999999998,5.900000000000002,0
207,1011.1,31.5,28.9,26.7,25.7,89.0,81.0,2.5,24.4,1,-0.4093559588156211,-0.9123747579707274,0.984807753012208,-0.1736481776669303,3.1999999999999993,4.800000000000001,0
208,1010.4,31.0,29.6,26.9,26.5,81.0,77.0,4.6,19.8,1,-0.42500033996955394,-0.9051931898913975,1.0,6.123233995736766e-17,3.1000000000000014,4.100000000000001,0
209,1005.1,32.4,30.0,29.2,25.2,82.0,81.0,3.6,15.3,1,-0.4405187843504952,-0.8977433935342336,-0.34202014332566866,-0.9396926207859084,4.800000000000001,3.1999999999999993,0
210,1006.2,30.6,28.8,25.2,25.1,65.0,55.0,3.4,18.0,0,-0.455906693508459,-0.8900275764346766,0.9396926207859083,0.3420201433256688,3.6999999999999993,5.400000000000002,0
211,1011.1,31.9,28.3,26.6,24.3,85.0,88.0,1.0,14.6,1,-0.47115950767386394,-0.8820480249558535,0.984807753012208,0.17364817766693041,4.0,5.299999999999997,0
212,1008.5,31.5,28.4,26.8,24.3,81.0,82.0,6.0,25.2,1,-0.4862727071086902,-0.8738071036110807,-0.7660444431189779,-0.6427876096865395,4.099999999999998,4.699999999999999,0
213,1005.9,30.0,29.9,28.1,25.8,82.0,69.0,6.9,17.2,1,-0.5012418134457756,-0.8653072543632061,-0.8660254037844386,0.5000000000000001,4.099999999999998,1.8999999999999986,0
214,1005.3,28.7,27.4,25.4,24.4,89.0,87.0,0.1,22.5,1,-0.5160623910158526,-0.8565509959010037,-0.6427876096865393,-0.766044443118978,3.0,3.3000000000000007,0
215,1008.3,31.0,28.1,26.8,25.9,79.0,87.0,1.5,25.1,1,-0.5307300481619331,-0.8475409228928312,-0.6427876096865393,-0.766044443118978,2.200000000000003,4.199999999999999,0
216,1006.5,31.8,28.3,26.7,25.3,81.0,88.0,3.6,12.6,1,-0.5452404385406507,-0.8382797052177745,-0.6427876096865393,-0.766044443118978,3.0,5.100000000000001,0
217,1008.2,31.7,29.8,27.7,23.4,81.0,70.0,9.4,10.0,1,-0.5595892624101763,-0.828770087174504,0.766044443118978,-0.6427876096865394,6.400000000000002,4.0,0
218,1008.5,32.0,29.8,28.1,25.3,81.0,78.0,6.7,21.9,1,-0.5737722679043243,-0.8190148866680802,-0.8660254037844386,0.5000000000000001,4.5,3.8999999999999986,0
219,1006.9,35.1,31.0,26.5,25.0,76.0,60.0,10.8,12.6,1,-0.5877852522924734,-0.8090169943749472,0.8660254037844386,0.5000000000000001,6.0,8.600000000000001,0
220,1001.5,33.9,30.6,26.3,24.8,74.0,41.0,9.8,12.3,0,-0.6016240632249227,-0.7987793728863648,0.9396926207859083,0.3420201433256688,5.800000000000001,7.599999999999998,0
221,1005.4,31.9,28.2,25.6,23.3,81.0,40.0,9.8,8.3,0,-0.6152845999633277,-0.7883050558305253,-0.9848077530122081,0.17364817766692997,4.899999999999999,6.299999999999997,0
222,1005.9,28.6,27.8,25.4,25.3,91.0,88.0,0.1,11.7,1,-0.6287628145958345,-0.7775971469736268,-0.17364817766693047,-0.984807753012208,2.5,3.200000000000003,0
223,1007.8,30.7,27.8,26.5,24.5,84.0,87.0,0.3,20.4,1,-0.6420547132365636,-0.7666588193001592,-0.7660444431189779,-0.6427876096865395,3.3000000000000007,4.199999999999999,0
224,1007.9,31.4,28.3,26.5,25.0,81.0,88.0,3.2,15.7,1,-0.655156357209085,-0.7554933140726804,-0.6427876096865393,-0.766044443118978,3.3000000000000007,4.899999999999999,0
225,1008.1,29.6,26.5,25.0,23.2,78.0,43.0,9.8,8.9,0,-0.6680638642135333,-0.7441039398713608,0.9396926207859084,-0.3420201433256687,3.3000000000000007,4.600000000000001,0
226,1008.3,30.1,26.8,24.5,24.1,81.0,67.0,7.5,6.1,1,-0.680773409477016,-0.732494071613579,0.984807753012208,-0.1736481776669303,2.6999999999999993,5.600000000000001,0
227,1005.2,29.1,26.5,25.5,25.4,89.0,88.0,0.8,19.3,1,-0.6932812268869771,-0.7206671495538615,0.8660254037844386,0.5000000000000001,1.1000000000000014,3.6000000000000014,0
228,1008.1,28.2,26.0,24.8,24.7,89.0,84.0,1.2,8.1,1,-0.7055836101071774,-0.70862667826446,1.2246467991473532e-16,-1.0,1.3000000000000007,3.3999999999999986,0
229,1010.4,29.7,27.8,26.4,25.8,73.0,78.0,6.8,8.9,0,-0.7176769136759615,-0.6963762255968726,0.984807753012208,-0.1736481776669303,2.0,3.3000000000000007,0
230,1008.5,29.5,26.5,25.4,25.4,84.0,88.0,1.1,22.5,1,-0.7295575540864876,-0.6839194216246105,0.984807753012208,0.17364817766693041,1.1000000000000014,4.100000000000001,0
231,1007.5,32.1,29.5,28.4,23.1,79.0,60.0,7.5,22.0,1,-0.7412220108485957,-0.6712599575675315,1.2246467991473532e-16,-1.0,6.399999999999999,3.700000000000003,0
232,1011.0,30.8,27.7,25.5,23.1,84.0,72.0,8.5,11.8,1,-0.7526668275320083,-0.6584015846980489,0.6427876096865395,-0.7660444431189779,4.599999999999998,5.300000000000001,0
233,1009.5,31.0,29.8,28.2,24.5,78.0,78.0,7.7,26.4,1,-0.7638886127905429,-0.64534811322955,-0.6427876096865393,-0.766044443118978,5.300000000000001,2.8000000000000007,0
234,1008.7,32.9,29.4,26.7,25.8,78.0,84.0,3.6,20.0,1,-0.7748840413670406,-0.6321034111873488,-0.6427876096865393,-0.766044443118978,3.599999999999998,6.199999999999999,0
235,1011.1,29.1,26.7,24.8,23.3,79.0,78.0,4.6,25.2,1,-0.7856498550787144,-0.6186714032625032,-0.6427876096865393,-0.766044443118978,3.3999999999999986,4.300000000000001,0
236,1011.0,28.3,27.2,25.9,22.5,75.0,32.0,8.5,5.7,0,-0.7961828637826154,-0.6050560696488494,0.3420201433256687,0.9396926207859084,4.699999999999999,2.400000000000002,0
237,1008.8,31.2,28.1,26.9,25.8,86.0,83.0,2.5,38.0,1,-0.8064799463209447,-0.5912614448635783,-0.6427876096865393,-0.766044443118978,2.3000000000000007,4.300000000000001,0
238,1010.4,30.3,27.6,25.5,21.9,80.0,68.0,7.6,36.0,1,-0.8165380514459157,-0.5772916165517278,0.8660254037844386,0.5000000000000001,5.700000000000003,4.800000000000001,0
239,1012.7,28.5,25.9,24.5,22.9,82.0,60.0,9.3,15.0,0,-0.8263541987239094,-0.5631507242749189,0.8660254037844386,0.5000000000000001,3.0,4.0,0
240,1013.3,31.3,28.7,26.9,24.7,76.0,75.0,2.8,18.8,1,-0.8359254794186365,-0.5488429582847199,0.8660254037844387,-0.4999999999999998,4.0,4.400000000000002,0
241,1013.2,31.7,28.0,26.8,24.4,76.0,46.0,8.8,30.5,1,-0.8452490573530633,-0.5343725582809785,-0.6427876096865393,-0.766044443118978,3.6000000000000014,4.899999999999999,0
242,1011.4,30.8,28.2,26.9,25.2,78.0,76.0,3.9,25.0,1,-0.8543221697498269,-0.5197438121555157,-0.34202014332566866,-0.9396926207859084,3.0,3.900000000000002,0
243,1007.9,29.2,28.2,26.7,25.9,85.0,88.0,0.4,28.4,1,-0.8631421280499115,-0.5049610547215202,0.9396926207859083,0.3420201433256688,2.3000000000000007,2.5,0
244,1011.4,27.9,26.6,25.4,25.6,90.0,85.0,1.2,15.0,1,-0.8717063187093217,-0.4900286664290594,-0.17364817766693047,-0.984807753012208,1.0,2.5,0
245,1014.8,31.9,28.0,26.5,24.8,74.0,46.0,7.6,12.6,0,-0.8800122039735356,-0.4749510720670502,0.766044443118978,0.6427876096865394,3.1999999999999993,5.399999999999999,0
246,1013.0,31.7,28.3,26.8,25.3,81.0,84.0,2.1,8.1,0,-0.888057322629493,-0.4597327394521046,0.6427876096865395,-0.7660444431189779,3.0,4.899999999999999,0
247,1011.4,31.5,28.7,26.4,24.5,82.0,84.0,3.6,13.9,1,-0.8958392907349089,-0.4443781781046134,1.2246467991473532e-16,-1.0,4.199999999999999,5.100000000000001,0
248,1009.9,31.3,29.7,26.8,24.5,77.0,83.0,0.7,37.0,1,-0.9033558023246842,-0.4288919379124841,-0.6427876096865393,-0.766044443118978,5.199999999999999,4.5,0
249,1006.2,31.0,29.7,28.0,26.3,73.0,88.0,2.1,38.3,1,-0.9106046300942162,-0.41327860778290443,-0.7660444431189779,-0.6427876096865395,3.3999999999999986,3.0,0
250,1006.6,29.4,27.5,25.8,25.5,86.0,82.0,1.6,13.0,1,-0.9175836260593934,-0.3975428142825566,0.9396926207859083,0.3420201433256688,2.0,3.599999999999998,0
251,1006.4,30.6,28.6,26.4,24.8,80.0,83.0,0.6,23.9,1,-0.9242907221930934,-0.3816892202666586,-0.17364817766693047,-0.984807753012208,3.8000000000000007,4.200000000000003,0
252,1007.4,30.4,28.8,26.8,24.8,58.0,46.0,9.1,16.0,0,-0.9307239310379793,-0.3657225234972692,-0.7660444431189779,-0.6427876096865395,4.0,3.599999999999998,0
253,1011.4,32.0,29.8,26.8,22.1,73.0,50.0,10.0,12.0,0,-0.9368813462954315,-0.34964745525122826,0.17364817766693033,0.984807753012208,7.699999999999999,5.199999999999999,0
254,1010.1,29.3,27.8,26.3,25.4,82.0,83.0,3.1,20.7,0,-0.9427611433904206,-0.33346877891818705,1.0,6.123233995736766e-17,2.400000000000002,3.0,0
255,1011.5,29.7,27.9,25.8,25.5,81.0,88.0,2.5,15.7,1,-0.9483615800121716,-0.31719128858910595,0.984807753012208,0.17364817766693041,2.3999999999999986,3.8999999999999986,0
256,1008.1,29.7,26.9,24.3,24.4,87.0,78.0,3.5,37.9,1,-0.9536809966304455,-0.300819807635668,-0.6427876096865393,-0.766044443118978,2.5,5.399999999999999,0
257,1008.7,30.1,28.0,27.9,26.3,91.0,89.0,2.1,25.0,1,-0.9587178169872964,-0.2843591872810036,0.984807753012208,0.17364817766693041,1.6999999999999993,2.200000000000003,0
258,1011.2,28.9,26.7,24.8,23.9,86.0,65.0,5.2,50.7,1,-0.9634705485641486,-0.26781430516217486,1.0,6.123233995736766e-17,2.8000000000000007,4.099999999999998,0
259,1014.1,27.6,26.4,25.5,25.8,93.0,88.0,0.4,16.1,1,-0.9679377830240641,-0.25119006388481957,0.984807753012208,-0.1736481776669303,0.5999999999999979,2.1000000000000014,0
260,1005.9,28.8,27.5,26.0,25.0,93.0,88.0,0.0,25.0,1,-0.9721181966290612,-0.23449138957041052,-0.7660444431189779,-0.6427876096865395,2.5,2.8000000000000007,1
261,1012.2,28.2,26.4,25.4,24.4,89.0,90.0,1.2,19.8,1,-0.9760105506323682,-0.21772323039653224,0.6427876096865393,0.766044443118978,2.0,2.8000000000000007,0
262,1008.2,29.5,26.6,24.9,24.2,82.0,87.0,0.4,13.2,1,-0.9796136916454901,-0.20089055513063528,-0.6427876096865393,-0.766044443118978,2.400000000000002,4.600000000000001,0
263,1005.3,28.7,25.3,23.5,22.3,88.0,84.0,1.2,7.9,1,-0.9829265519799822,-0.18399835165767986,0.49999999999999994,0.8660254037844387,3.0,5.199999999999999,0
264,1017.5,31.3,28.0,25.5,26.3,84.0,89.0,2.2,13.8,1,-0.9859481499638303,-0.1670516255021195,0.17364817766693028,-0.984807753012208,1.6999999999999993,5.800000000000001,0
265,1018.1,27.5,26.2,24.0,23.2,77.0,53.0,11.0,11.1,0,-0.9886775902323404,-0.15005539834465262,-0.7660444431189779,-0.6427876096865395,3.0,3.5,0
266,1016.8,31.1,28.8,26.1,24.3,82.0,79.0,5.0,10.3,0,-0.9911140639934546,-0.13301470653419636,-0.8660254037844386,0.5000000000000001,4.5,5.0,0
267,1016.3,30.0,28.3,26.8,24.7,79.0,49.0,4.2,31.7,1,-0.9932568492674143,-0.11593459959550066,1.2246467991473532e-16,-1.0,3.6000000000000014,3.1999999999999993,0
268,1016.4,30.5,26.8,24.2,23.1,76.0,56.0,5.7,23.2,1,-0.9951053111006974,-0.09882013873287211,1.2246467991473532e-16,-1.0,3.6999999999999993,6.300000000000001,0
269,1018.6,26.0,24.4,22.4,22.3,92.0,89.0,0.4,25.1,1,-0.99665890175417,-0.08167639533042288,0.984807753012208,0.17364817766693041,2.099999999999998,3.6000000000000014,0
270,1017.8,30.3,27.1,24.8,24.8,81.0,72.0,7.7,11.9,0,-0.9979171608653922,-0.06450844944931625,-0.7660444431189779,-0.6427876096865395,2.3000000000000007,5.5,0
271,1011.5,26.2,23.9,22.9,22.8,93.0,84.0,1.6,41.3,1,-0.9988797155850335,-0.04732138832243232,0.984807753012208,0.17364817766693041,1.0999999999999979,3.3000000000000007,0
272,1018.8,29.8,27.9,26.3,23.1,78.0,79.0,3.6,11.1,0,-0.9995462806873573,-0.03012030484690836,0.9396926207859083,0.3420201433256688,4.799999999999997,3.5,0
273,1015.6,28.2,26.6,25.4,25.4,87.0,82.0,0.3,25.1,1,-0.9999166586547379,-0.012910296075008843,0.984807753012208,0.17364817766693041,1.2000000000000028,2.8000000000000007,0
274,1017.8,24.9,22.8,21.1,19.9,81.0,83.0,2.4,23.7,1,-0.9999907397361901,0.004303538296243821,0.8660254037844386,0.5000000000000001,2.900000000000002,3.799999999999997,0
275,1017.3,24.4,23.9,21.3,19.6,79.0,47.0,9.5,9.1,0,-0.9997685019798909,0.021516097436222233,0.984807753012208,0.17364817766693041,4.299999999999997,3.099999999999998,0
276,1016.0,28.7,26.0,25.3,22.8,89.0,81.0,2.1,17.2,1,-0.9992500112396835,0.03872228089217399,-0.6427876096865393,-0.766044443118978,3.1999999999999993,3.3999999999999986,0
277,1012.0,30.8,27.0,24.0,20.6,75.0,48.0,9.1,21.6,0,-0.9984354211555643,0.05591699010060302,0.17364817766693033,0.984807753012208,6.399999999999999,6.800000000000001,0
278,1016.8,26.6,25.4,24.7,21.4,79.0,77.0,3.4,27.1,1,-0.9973249731081555,0.07309512989807776,0.984807753012208,0.17364817766693041,4.0,1.9000000000000021,0
279,1017.8,27.7,24.2,23.8,22.4,83.0,82.0,7.6,15.9,1,-0.9959189961471792,0.0902516100310407,0.984807753012208,0.17364817766693041,1.8000000000000007,3.8999999999999986,0
280,1016.4,25.1,23.1,21.1,21.8,80.0,61.0,7.8,12.1,0,-0.994217906893952,0.10738134666416306,0.984807753012208,0.17364817766693041,1.3000000000000007,4.0,0
281,1017.1,29.8,25.4,23.7,21.4,77.0,83.0,6.0,15.5,1,-0.9922222094179324,0.12447926388678869,0.9396926207859083,0.3420201433256688,4.0,6.100000000000001,0
282,1016.7,26.3,25.8,24.5,22.0,83.0,80.0,6.5,28.4,1,-0.989932495087353,0.141540295217043,0.9396926207859083,0.3420201433256688,3.8000000000000007,1.8000000000000007,0
283,1011.5,28.6,25.3,22.5,22.9,80.0,67.0,8.8,33.4,1,-0.9873494423939864,0.15855938510313475,0.984807753012208,0.17364817766693041,2.400000000000002,6.100000000000001,0
284,1019.9,26.6,24.9,22.3,19.5,76.0,44.0,8.8,18.0,1,-0.9844738167520923,0.17553149042142777,0.766044443118978,0.6427876096865394,5.399999999999999,4.300000000000001,0
285,1018.8,26.6,24.3,23.1,19.7,79.0,78.0,3.0,29.0,1,-0.9813064702716093,0.19245158197082995,0.984807753012208,0.17364817766693041,4.600000000000001,3.5,0
286,1010.5,28.3,25.5,23.2,19.6,74.0,49.0,7.8,39.5,1,-0.9778483415056568,0.20931464596304888,1.0,6.123233995736766e-17,5.899999999999999,5.100000000000001,0
287,1013.0,28.7,25.9,24.0,23.2,80.0,81.0,1.0,15.9,1,-0.9741004551724206,0.22611568550828803,0.9396926207859083,0.3420201433256688,2.6999999999999993,4.699999999999999,0
288,1014.1,28.2,24.1,22.5,20.8,83.0,71.0,6.8,22.0,1,-0.970063921851507,0.2428497220959358,1.0,6.123233995736766e-17,3.3000000000000007,5.699999999999999,0
289,1014.9,25.3,23.3,22.3,20.4,78.0,80.0,1.0,29.7,1,-0.965739937654855,0.25951179706979943,0.6427876096865393,0.766044443118978,2.900000000000002,3.0,0
290,1015.0,27.1,24.5,21.0,21.6,81.0,81.0,3.5,13.2,1,-0.9611297838723007,0.27609697309746883,0.6427876096865393,0.766044443118978,2.8999999999999986,6.100000000000001,0
291,1017.7,27.7,25.9,23.4,21.1,81.0,86.0,2.5,24.5,1,-0.9562348265919058,0.2926003356333479,0.984807753012208,0.17364817766693041,4.799999999999997,4.300000000000001,0
292,1013.0,30.2,26.3,24.2,21.8,83.0,84.0,3.1,14.5,1,-0.9510565162951536,0.30901699437494723,0.9396926207859083,0.3420201433256688,4.5,6.0,0
293,1010.3,30.6,27.0,25.5,23.4,84.0,58.0,7.7,14.8,0,-0.9455963874271428,0.3253420847119795,0.984807753012208,-0.1736481776669303,3.6000000000000014,5.100000000000001,0
294,1012.5,26.7,24.5,23.7,22.6,77.0,84.0,3.5,22.0,1,-0.9398560579418953,0.341570769167856,0.984807753012208,0.17364817766693041,1.8999999999999986,3.0,0
295,1018.1,26.8,24.5,23.1,22.2,82.0,81.0,1.6,26.7,1,-0.9338372288229252,0.35769823883312546,0.984807753012208,0.17364817766693041,2.3000000000000007,3.6999999999999993,0
296,1016.8,26.0,24.8,23.7,21.4,85.0,83.0,0.0,31.7,0,-0.9275416835791965,0.3737197147904692,0.9396926207859083,0.3420201433256688,3.400000000000002,2.3000000000000007,1
297,1017.2,28.9,25.2,23.7,19.1,87.0,82.0,2.0,16.2,0,-0.9209712877166346,0.38963044953078774,0.9396926207859083,0.3420201433256688,6.099999999999998,5.199999999999999,0
298,1014.8,28.2,25.5,24.0,22.1,87.0,80.0,3.5,15.8,1,-0.9141279881853337,0.4054257283599973,0.6427876096865393,0.766044443118978,3.3999999999999986,4.199999999999999,0
299,1015.2,26.3,23.1,21.3,20.7,91.0,88.0,0.0,20.5,1,-0.9070138128026362,0.42110087079608916,0.766044443118978,0.6427876096865394,2.400000000000002,5.0,1
300,1018.9,24.5,23.7,20.4,16.0,93.0,88.0,2.9,25.0,1,-0.8996308696522434,0.4366512319560638,0.766044443118978,0.6427876096865394,7.699999999999999,4.100000000000001,0
301,1018.3,27.4,25.8,24.2,23.7,88.0,84.0,3.9,14.5,1,-0.8919813464595487,0.45207220393230374,0.984807753012208,0.17364817766693041,2.1000000000000014,3.1999999999999993,0
302,1017.7,25.3,24.9,22.8,21.6,82.0,83.0,3.5,8.3,0,-0.8840675099433637,0.46735921715800205,0.766044443118978,0.6427876096865394,3.299999999999997,2.5,0
303,1016.4,27.2,25.4,24.0,22.9,84.0,85.0,3.4,8.0,1,-0.8758917051442433,0.48250774176121763,0.6427876096865393,0.766044443118978,2.5,3.1999999999999993,0
304,1017.7,26.8,25.8,22.1,21.3,81.0,88.0,2.4,8.6,1,-0.8674563547295971,0.4975132889071803,0.9396926207859083,0.3420201433256688,4.5,4.699999999999999,0
305,1019.0,28.4,25.9,23.1,21.6,84.0,81.0,2.3,7.9,1,-0.8587639582758031,0.5123714121284235,0.9396926207859083,0.3420201433256688,4.299999999999997,5.299999999999997,0
306,1014.3,28.2,26.6,23.4,23.8,79.0,47.0,4.9,24.8,0,-0.8498170915275277,0.5270777086423724,0.9396926207859083,0.3420201433256688,2.8000000000000007,4.800000000000001,0
307,1015.0,27.9,26.1,25.2,23.5,89.0,88.0,2.4,21.8,1,-0.8406184056344783,0.5416278206559811,0.984807753012208,0.17364817766693041,2.6000000000000014,2.6999999999999993,0
308,1017.1,29.1,26.0,24.9,23.3,84.0,77.0,4.6,12.4,1,-0.8311706263658079,0.5560174366570446,0.9396926207859083,0.3420201433256688,2.6999999999999993,4.200000000000003,0
309,1014.6,29.1,25.8,23.3,22.3,84.0,70.0,6.7,9.1,1,-0.8214765533024145,0.5702422926917867,0.6427876096865393,0.766044443118978,3.5,5.800000000000001,0
310,1015.2,25.8,22.2,18.9,14.6,75.0,56.0,5.9,14.3,0,-0.8115390590073611,0.5842981736283683,0.9396926207859083,0.3420201433256688,7.6,6.900000000000002,0
311,1014.3,22.2,20.7,20.1,20.4,92.0,88.0,0.0,13.0,1,-0.801361088174677,0.5981809144059159,0.766044443118978,0.6427876096865394,0.3000000000000007,2.099999999999998,1
312,1017.0,24.8,22.1,20.6,19.4,90.0,87.0,2.7,39.9,1,-0.7909456567567774,0.6118864012687242,0.9396926207859083,0.3420201433256688,2.700000000000003,4.199999999999999,0
313,1021.1,22.3,19.6,19.3,16.3,78.0,58.0,1.1,11.1,1,-0.780295851070776,0.6254105729852457,0.49999999999999994,0.8660254037844387,3.3000000000000007,3.0,0
314,1016.8,25.6,22.1,21.0,19.8,92.0,88.0,0.1,28.8,1,-0.7694148268839381,0.6387494220515268,0.9396926207859083,0.3420201433256688,2.3000000000000007,4.600000000000001,0
315,1018.5,21.3,18.3,17.2,15.1,86.0,88.0,0.7,17.2,1,-0.7583058084785625,0.6518989958787125,0.766044443118978,0.6427876096865394,3.200000000000001,4.100000000000001,0
316,1018.0,21.5,20.9,19.3,19.3,91.0,84.0,1.1,33.4,1,-0.7469720876965551,0.6648553979642866,0.9396926207859083,0.3420201433256688,1.5999999999999979,2.1999999999999993,0
317,1015.1,27.5,23.7,22.2,21.3,91.0,93.0,5.9,22.5,1,-0.7354170229639858,0.6776147890466887,0.9396926207859083,0.3420201433256688,2.3999999999999986,5.300000000000001,0
318,1021.6,23.4,19.7,18.5,15.4,80.0,78.0,0.0,16.4,1,-0.7236440382959123,0.690173388242972,0.9396926207859083,0.3420201433256688,4.299999999999999,4.899999999999999,1
319,1015.5,23.7,21.5,20.2,18.8,87.0,88.0,0.5,29.0,1,-0.7116566222817751,0.7025274741691566,0.984807753012208,0.17364817766693041,2.6999999999999993,3.5,0
320,1019.8,20.1,19.2,18.4,16.8,82.0,91.0,0.0,38.0,1,-0.6994583270516471,0.7146733860429609,0.9396926207859083,0.3420201433256688,2.3999999999999986,1.7000000000000028,1
321,1020.5,21.3,17.5,15.3,14.3,78.0,46.0,9.7,11.9,1,-0.6870527672236675,0.726607524768565,0.9396926207859083,0.3420201433256688,3.1999999999999993,6.0,0
322,1017.7,20.6,17.8,15.5,13.3,79.0,85.0,5.9,24.2,1,-0.6744436188329457,0.7383263540031063,0.3420201433256687,0.9396926207859084,4.5,5.100000000000001,0
323,1017.4,18.4,17.4,16.5,15.3,95.0,95.0,0.0,24.4,1,-0.661634618242279,0.749826401204568,0.17364817766693033,0.984807753012208,2.099999999999998,1.8999999999999986,1
324,1017.9,21.2,19.4,17.2,16.8,95.0,95.0,0.0,16.4,1,-0.6486295610349818,0.7611042586607742,0.766044443118978,0.6427876096865394,2.599999999999998,4.0,1
325,1018.5,20.6,18.1,16.3,15.3,93.0,93.0,0.4,20.3,1,-0.6354323008901775,0.7721565844991641,0.984807753012208,0.17364817766693041,2.8000000000000007,4.300000000000001,0
326,1018.3,18.5,18.0,17.2,16.4,95.0,95.0,0.0,13.0,1,-0.622046748440868,0.7829801036770625,0.6427876096865393,0.766044443118978,1.6000000000000014,1.3000000000000007,1
327,1020.2,20.7,18.6,17.7,14.2,70.0,38.0,9.1,24.5,0,-0.6084768701151264,0.7935716089521472,0.3420201433256687,0.9396926207859084,4.400000000000002,3.0,0
328,1022.8,21.3,18.6,16.2,15.3,59.0,46.0,8.4,29.8,1,-0.594726686960764,0.8039279618328208,0.9396926207859083,0.3420201433256688,3.3000000000000007,5.100000000000001,0
329,1017.1,18.2,17.8,16.8,15.4,93.0,95.0,0.1,20.5,1,-0.5808002734538013,0.8140460935082175,0.8660254037844386,0.5000000000000001,2.4000000000000004,1.3999999999999986,0
330,1020.4,17.2,15.5,14.6,12.9,92.0,88.0,0.0,31.7,1,-0.5667017562911184,0.8239230057575536,0.3420201433256687,0.9396926207859084,2.5999999999999996,2.5999999999999996,1
331,1021.8,16.5,15.3,12.7,13.9,76.0,86.0,0.1,21.8,1,-0.5524353131676203,0.8335557718385695,0.17364817766693033,0.984807753012208,1.4000000000000004,3.8000000000000007,0
332,1020.6,17.1,13.2,12.7,9.3,59.0,84.0,0.0,22.3,1,-0.5380051715382992,0.8429415373547832,0.17364817766693033,0.984807753012208,3.8999999999999986,4.400000000000002,1
333,1025.6,20.3,18.0,17.7,13.5,75.0,77.0,1.0,26.0,1,-0.5234156073655503,0.8520775211013093,0.3420201433256687,0.9396926207859084,4.5,2.6000000000000014,0
334,1024.8,17.1,15.0,14.4,13.4,75.0,59.0,8.7,29.7,0,-0.5086709438521042,0.8609610158889945,0.8660254037844386,0.5000000000000001,1.5999999999999996,2.700000000000001,0
335,1019.8,16.2,15.4,14.6,12.0,95.0,95.0,0.0,15.7,1,-0.49377555015997737,0.8695893893466109,0.766044443118978,0.6427876096865394,3.4000000000000004,1.5999999999999996,1
336,1020.3,17.3,16.6,15.3,13.6,92.0,86.0,0.0,28.4,1,-0.4787338401157883,0.8779600847008883,0.3420201433256687,0.9396926207859084,3.0000000000000018,2.0,1
337,1020.9,18.8,16.1,14.7,12.1,75.0,81.0,1.6,13.8,1,-0.4635502709028512,0.8860706215341378,0.49999999999999994,0.8660254037844387,4.000000000000002,4.100000000000001,0
338,1024.1,17.4,16.4,14.9,11.2,75.0,43.0,6.5,21.5,0,-0.4482293417404106,0.893918596519257,0.49999999999999994,0.8660254037844387,5.199999999999999,2.4999999999999982,0
339,1022.5,20.6,16.6,14.8,11.5,65.0,49.0,9.1,27.4,0,-0.4327755925504317,0.9015016841318838,0.17364817766693033,0.984807753012208,5.100000000000001,5.800000000000001,0
340,1023.6,17.4,14.8,11.6,11.6,77.0,88.0,0.1,25.1,1,-0.41719360261231697,0.9088176373395028,0.766044443118978,0.6427876096865394,3.200000000000001,5.799999999999999,0
341,1024.1,17.5,14.8,14.0,10.0,73.0,88.0,0.0,29.0,0,-0.4014879892059737,0.9158642882672868,0.3420201433256687,0.9396926207859084,4.800000000000001,3.5,1
342,1022.3,15.5,13.7,11.6,1.7,95.0,94.0,0.0,33.2,1,-0.38566340624360745,0.9226395488404875,0.3420201433256687,0.9396926207859084,12.0,3.9000000000000004,1
343,1018.4,21.4,18.8,17.5,18.1,70.0,67.0,2.9,12.3,1,-0.3697245428906732,0.9291414114031743,0.3420201433256687,0.9396926207859084,0.6999999999999993,3.8999999999999986,0
344,1022.9,21.4,19.4,18.6,17.4,70.0,59.0,5.7,10.3,0,-0.35367612217637207,0.935367949313148,0.3420201433256687,0.9396926207859084,2.0,2.799999999999997,0
345,1022.4,18.0,14.8,13.6,11.6,75.0,88.0,0.0,20.0,1,-0.33752289959411347,0.941317317512847,0.49999999999999994,0.8660254037844387,3.200000000000001,4.4,1
346,1016.8,23.5,22.2,20.1,18.0,75.0,79.0,4.5,25.5,1,-0.32126966169236515,0.9469877530760751,0.984807753012208,0.17364817766693041,4.199999999999999,3.3999999999999986,0
347,1018.9,21.3,19.7,18.3,15.5,86.0,83.0,0.6,20.5,1,-0.3049212246562894,0.9523775757303973,0.3420201433256687,0.9396926207859084,4.199999999999999,3.0,0
348,1021.3,15.5,13.8,11.6,11.6,93.0,88.0,0.0,24.2,1,-0.2884824328806098,0.9574851883550389,0.3420201433256687,0.9396926207859084,2.200000000000001,3.9000000000000004,1
349,1020.6,16.2,15.2,14.6,14.7,93.0,88.0,0.1,33.4,1,-0.27195815753410524,0.9623090774541487,0.8660254037844386,0.5000000000000001,0.5,1.5999999999999996,0
350,1020.6,18.8,16.5,13.9,12.0,73.0,90.0,0.0,30.3,1,-0.2553532951161881,0.9668478136052773,0.6427876096865393,0.766044443118978,4.5,4.9,1
351,1023.4,20.6,18.8,16.4,15.0,58.0,57.0,9.0,19.2,0,-0.23867276600594997,0.9711000518829505,0.8660254037844386,0.5000000000000001,3.8000000000000007,4.200000000000003,0
352,1016.8,22.3,20.7,20.4,19.6,90.0,88.0,0.0,28.3,1,-0.22192151300416674,0.9750645322571945,0.766044443118978,0.6427876096865394,1.0999999999999979,1.9000000000000021,1
353,1018.0,18.6,17.7,15.8,14.9,79.0,91.0,0.0,26.1,1,-0.20510449986861926,0.9787400799669153,0.9396926207859083,0.3420201433256688,2.799999999999999,2.8000000000000007,1
354,1016.7,22.9,20.3,19.1,17.6,85.0,89.0,0.6,22.2,1,-0.1882267098432439,0.9821256058680006,0.6427876096865393,0.766044443118978,2.6999999999999993,3.799999999999997,0
355,1022.4,21.3,20.7,19.6,16.4,76.0,44.0,3.0,24.9,0,-0.1712931441814778,0.9852201067560606,0.766044443118978,0.6427876096865394,4.300000000000001,1.6999999999999993,0
356,1024.0,20.3,20.5,17.8,14.5,77.0,86.0,0.0,34.3,1,-0.154308820664281,0.9880226656636976,0.8660254037844386,0.5000000000000001,6.0,2.5,1
357,1020.4,19.6,18.0,16.4,13.3,77.0,91.0,0.0,28.6,1,-0.13727877211326517,0.9905324521322227,0.3420201433256687,0.9396926207859084,4.699999999999999,3.200000000000003,1
358,1017.7,20.6,16.8,14.6,12.1,79.0,80.0,2.3,33.0,1,-0.12020804489935275,0.9927487224577402,0.8660254037844386,0.5000000000000001,4.700000000000001,6.000000000000002,0
359,1017.5,17.5,16.4,15.8,15.9,85.0,91.0,1.5,19.0,1,-0.10310169744743544,0.9946708199115211,0.766044443118978,0.6427876096865394,0.4999999999999982,1.6999999999999993,0
360,1016.7,16.7,15.5,14.8,13.6,97.0,93.0,0.0,25.1,1,-0.0859647987374467,0.9962981749346077,0.766044443118978,0.6427876096865394,1.9000000000000004,1.8999999999999986,1
361,1015.2,17.5,16.6,15.6,15.5,95.0,88.0,0.0,37.7,1,-0.06880242680232064,0.9976303053065857,0.8660254037844386,0.5000000000000001,1.1000000000000014,1.9000000000000004,1
362,1011.5,20.9,17.4,16.6,16.0,87.0,90.0,0.6,23.3,1,-0.05161966722325418,0.9986668162884759,0.3420201433256687,0.9396926207859084,1.3999999999999986,4.299999999999997,0
363,1012.6,20.5,19.2,18.4,17.9,93.0,93.0,0.0,31.9,1,-0.034421611622745804,0.9994074007397048,0.49999999999999994,0.8660254037844387,1.3000000000000007,2.1000000000000014,1
364,1014.3,19.7,18.4,16.4,16.4,82.0,81.0,2.4,30.0,1,-0.01721335615583528,0.9998518392091162,0.3420201433256687,0.9396926207859084,2.0,3.3000000000000007,0
365,1013.3,17.4,16.6,15.3,15.4,96.0,91.0,1.6,43.8,1,6.432490598706546e-16,1.0,0.8660254037844386,0.5000000000000001,1.200000000000001,2.099999999999998,0
1,1013.4,16.2,15.2,13.9,15.9,86.0,88.0,0.0,43.1,1,0.017213356155834685,0.9998518392091162,0.3420201433256687,0.9396926207859084,-0.7000000000000011,2.299999999999999,1
2,1014.3,23.1,20.7,17.6,18.5,92.0,88.0,0.6,41.4,1,0.03442161162274574,0.9994074007397048,0.9396926207859083,0.3420201433256688,2.1999999999999993,5.5,0
3,1014.9,16.4,15.3,14.4,14.0,96.0,100.0,0.0,55.5,1,0.051619667223253764,0.998666816288476,0.766044443118978,0.6427876096865394,1.3000000000000007,1.9999999999999982,1
4,1032.3,17.3,17.3,16.7,16.6,73.0,83.0,0.0,19.3,1,0.06880242680231986,0.9976303053065857,0.49999999999999994,0.8660254037844387,0.6999999999999993,0.6000000000000014,1
5,1027.9,17.3,14.8,11.7,9.6,77.0,89.0,0.0,42.0,1,0.08596479873744647,0.9962981749346078,0.3420201433256687,0.9396926207859084,5.200000000000001,5.600000000000001,1
6,1025.9,17.0,13.7,12.4,9.8,96.0,94.0,0.0,21.9,1,0.10310169744743485,0.9946708199115211,0.49999999999999994,0.8660254037844387,3.8999999999999986,4.6,1
7,1020.8,12.2,10.2,7.7,2.7,46.0,29.0,9.0,26.0,0,0.1202080448993527,0.9927487224577402,0.3420201433256687,0.9396926207859084,7.499999999999999,4.499999999999999,0
8,1017.8,17.2,17.9,16.0,15.7,98.0,93.0,0.0,59.5,1,0.13727877211326478,0.9905324521322229,0.6427876096865393,0.766044443118978,2.1999999999999993,1.1999999999999993,1
9,1022.9,11.6,11.3,10.9,8.4,59.0,86.0,0.0,28.6,1,0.15430882066428117,0.9880226656636976,0.49999999999999994,0.8660254037844387,2.9000000000000004,0.6999999999999993,1
10,1027.6,17.2,15.5,12.7,9.9,76.0,89.0,0.5,48.0,1,0.1712931441814776,0.9852201067560606,0.3420201433256687,0.9396926207859084,5.6,4.5,0
11,1013.7,16.3,15.2,14.6,13.3,90.0,100.0,0.0,30.0,1,0.1882267098432442,0.9821256058680006,0.9396926207859083,0.3420201433256688,1.8999999999999986,1.700000000000001,1
12,1027.5,14.3,13.4,11.6,3.4,72.0,95.0,0.0,22.0,1,0.2051044998686192,0.9787400799669153,0.3420201433256687,0.9396926207859084,10.0,2.700000000000001,1
13,1011.5,18.6,17.4,15.4,16.0,77.0,88.0,0.1,32.5,1,0.2219215130041655,0.9750645322571948,0.49999999999999994,0.8660254037844387,1.3999999999999986,3.200000000000001,0
14,1024.3,17.4,12.9,10.9,8.1,77.0,93.0,0.0,26.8,1,0.2386727660059501,0.9711000518829505,0.3420201433256687,0.9396926207859084,4.800000000000001,6.499999999999998,1
15,1023.3,18.2,16.5,14.5,12.5,72.0,51.0,10.0,11.3,0,0.255353295116187,0.9668478136052775,0.49999999999999994,0.8660254037844387,4.0,3.6999999999999993,0
16,1034.6,10.4,8.7,7.0,2.4,46.0,19.0,10.0,34.3,0,0.2719581575341055,0.9623090774541486,0.3420201433256687,0.9396926207859084,6.299999999999999,3.4000000000000004,0
17,1024.7,15.1,13.7,11.6,6.0,59.0,86.0,10.2,19.3,1,0.288482432880609,0.9574851883550393,0.3420201433256687,0.9396926207859084,7.699999999999999,3.5,0
18,1024.3,14.3,13.3,12.5,10.7,73.0,88.0,0.1,32.9,1,0.30492122465628907,0.9523775757303974,0.8660254037844386,0.5000000000000001,2.6000000000000014,1.8000000000000007,0
19,1024.4,19.1,17.4,14.6,13.0,70.0,46.0,10.1,11.3,0,0.3212696616923644,0.9469877530760753,0.8660254037844386,0.5000000000000001,4.399999999999999,4.500000000000002,0
20,1023.8,20.2,16.6,14.4,11.4,78.0,2.0,10.2,9.6,0,0.3375228995941133,0.9413173175128471,0.6427876096865393,0.766044443118978,5.200000000000001,5.799999999999999,0
21,1020.6,15.3,13.8,11.4,3.9,76.0,93.0,0.0,40.0,1,0.3536761221763716,0.9353679493131483,0.3420201433256687,0.9396926207859084,9.9,3.9000000000000004,1
22,1025.4,20.1,18.4,15.2,13.3,74.0,72.0,7.6,9.2,0,0.3697245428906731,0.9291414114031743,0.3420201433256687,0.9396926207859084,5.099999999999998,4.900000000000002,0
23,1014.6,18.5,17.3,16.1,16.1,98.0,100.0,0.0,20.0,1,0.38566340624360707,0.9226395488404876,0.766044443118978,0.6427876096865394,1.1999999999999993,2.3999999999999986,1
24,1012.5,22.8,20.9,19.6,19.0,86.0,88.0,0.0,22.5,1,0.401487989205973,0.9158642882672872,-0.34202014332566866,-0.9396926207859084,1.8999999999999986,3.1999999999999993,1
25,1019.9,20.5,19.6,17.6,16.4,90.0,97.0,0.0,26.8,1,0.4171936026123168,0.9088176373395029,0.6427876096865393,0.766044443118978,3.200000000000003,2.8999999999999986,1
26,1013.7,19.4,18.1,17.2,15.3,96.0,96.0,0.0,14.3,1,0.4327755925504312,0.901501684131884,0.17364817766693033,0.984807753012208,2.8000000000000007,2.1999999999999993,1
27,1013.4,18.9,17.7,16.9,16.8,90.0,89.0,1.2,44.7,1,0.4482293417404106,0.893918596519257,0.9396926207859083,0.3420201433256688,0.8999999999999986,2.0,0
28,1013.3,24.3,21.5,19.9,19.3,91.0,78.0,1.5,14.5,1,0.4635502709028509,0.886070621534138,0.6427876096865393,0.766044443118978,2.1999999999999993,4.400000000000002,0
29,1013.7,24.9,21.3,20.5,19.2,89.0,88.0,0.6,32.4,1,0.47873384011578846,0.8779600847008882,0.9396926207859083,0.3420201433256688,2.1000000000000014,4.399999999999999,0
30,1021.3,25.5,20.6,19.1,12.3,70.0,38.0,9.6,11.3,0,0.4937755501599772,0.869589389346611,0.3420201433256687,0.9396926207859084,8.3,6.399999999999999,0
31,1015.0,24.8,22.4,20.8,17.8,79.0,80.0,3.6,33.5,1,0.5086709438521044,0.8609610158889943,0.9396926207859083,0.3420201433256688,4.599999999999998,4.0,0
32,1013.0,24.9,22.2,20.3,19.9,81.0,88.0,2.2,25.9,0,0.5234156073655503,0.8520775211013093,0.3420201433256687,0.9396926207859084,2.3000000000000007,4.599999999999998,0
33,1013.1,24.6,21.3,19.1,20.6,90.0,81.0,2.1,23.3,1,0.5380051715382996,0.8429415373547828,0.6427876096865393,0.766044443118978,0.6999999999999993,5.5,0
34,1014.7,24.3,22.2,20.7,16.9,79.0,85.0,2.4,25.0,1,0.5524353131676196,0.8335557718385699,0.3420201433256687,0.9396926207859084,5.300000000000001,3.6000000000000014,0
35,1023.6,23.8,20.7,19.2,15.0,71.0,53.0,10.0,43.1,1,0.5667017562911176,0.8239230057575542,0.9396926207859083,0.3420201433256688,5.699999999999999,4.600000000000001,0
36,1014.5,19.7,17.8,16.9,16.8,95.0,95.0,0.0,22.3,1,0.5808002734538009,0.8140460935082178,0.49999999999999994,0.8660254037844387,1.0,2.8000000000000007,1
37,1017.7,17.1,16.1,15.6,15.5,95.0,93.0,0.0,14.5,1,0.5947266869607634,0.8039279618328213,0.6427876096865393,0.766044443118978,0.6000000000000014,1.5000000000000018,1
38,1020.6,25.1,21.8,19.2,16.4,71.0,88.0,0.6,40.0,1,0.6084768701151261,0.7935716089521474,0.3420201433256687,0.9396926207859084,5.400000000000002,5.900000000000002,0
39,1016.7,18.5,16.5,15.6,14.8,95.0,95.0,0.0,40.4,1,0.6220467484408675,0.7829801036770628,0.8660254037844386,0.5000000000000001,1.6999999999999993,2.9000000000000004,1
40,1015.8,20.4,18.4,17.2,15.0,74.0,90.0,0.0,33.5,1,0.6354323008901774,0.7721565844991642,0.9396926207859083,0.3420201433256688,3.3999999999999986,3.1999999999999993,1
41,1018.2,25.3,22.4,20.3,19.8,83.0,81.0,1.8,9.2,0,0.6486295610349814,0.7611042586607747,0.9396926207859083,0.3420201433256688,2.599999999999998,5.0,0
42,1017.0,24.8,22.3,20.3,17.3,82.0,49.0,6.5,20.5,1,0.6616346182422783,0.7498264012045686,0.8660254037844386,0.5000000000000001,5.0,4.5,0
43,1026.9,18.1,17.4,16.6,12.6,79.0,72.0,6.5,19.0,0,0.6744436188329455,0.7383263540031065,0.6427876096865393,0.766044443118978,4.799999999999999,1.5,0
44,1020.5,15.2,14.6,14.6,12.5,90.0,80.0,0.0,39.5,1,0.6870527672236669,0.7266075247685656,0.766044443118978,0.6427876096865394,2.0999999999999996,0.5999999999999996,1
45,1017.0,16.7,15.5,14.7,14.6,82.0,94.0,0.0,41.4,1,0.6994583270516471,0.7146733860429609,0.9396926207859083,0.3420201433256688,0.9000000000000004,2.0,1
46,1015.0,20.3,18.1,17.1,15.5,91.0,87.0,0.7,14.0,1,0.7116566222817746,0.7025274741691571,0.6427876096865393,0.766044443118978,2.6000000000000014,3.1999999999999993,0
47,1013.0,15.8,15.3,14.7,11.0,79.0,93.0,0.0,39.5,1,0.7236440382959124,0.6901733882429719,0.9396926207859083,0.3420201433256688,4.300000000000001,1.1000000000000014,1
48,1014.6,20.3,18.4,15.7,16.4,94.0,91.0,0.3,10.2,1,0.7354170229639855,0.6776147890466889,0.3420201433256687,0.9396926207859084,2.0,4.600000000000001,0
49,1013.7,22.3,20.1,18.8,19.2,91.0,80.0,0.0,12.4,1,0.7469720876965552,0.6648553979642865,0.6427876096865393,0.766044443118978,0.9000000000000021,3.5,1
50,1020.4,15.8,12.5,11.8,11.1,75.0,88.0,0.0,21.9,1,0.7583058084785624,0.6518989958787126,0.3420201433256687,0.9396926207859084,1.4000000000000004,4.0,1
51,1013.4,21.0,19.0,17.1,18.7,95.0,100.0,0.0,28.6,1,0.7694148268839378,0.6387494220515272,0.766044443118978,0.6427876096865394,0.3000000000000007,3.8999999999999986,1
52,1018.2,22.6,18.2,17.7,16.0,96.0,99.0,0.0,22.5,1,0.7802958510707755,0.6254105729852463,0.8660254037844386,0.5000000000000001,2.1999999999999993,4.900000000000002,1
53,1017.8,15.5,13.6,11.4,11.1,96.0,100.0,0.0,34.2,1,0.7909456567567772,0.6118864012687243,0.3420201433256687,0.9396926207859084,2.5,4.1,1
54,1020.9,17.3,15.4,13.4,9.6,93.0,95.0,0.0,18.8,1,0.8013610881746766,0.5981809144059164,0.3420201433256687,0.9396926207859084,5.800000000000001,3.9000000000000004,1
55,1017.7,23.0,20.8,18.2,15.0,77.0,53.0,10.2,39.5,0,0.811539059007361,0.5842981736283684,0.9396926207859083,0.3420201433256688,5.800000000000001,4.800000000000001,0
56,1015.6,19.1,17.5,16.8,16.6,97.0,95.0,0.0,23.2,1,0.8214765533024142,0.5702422926917871,0.6427876096865393,0.766044443118978,0.8999999999999986,2.3000000000000007,1
57,1018.9,16.3,15.3,14.2,13.3,92.0,95.0,0.0,34.8,1,0.8311706263658079,0.5560174366570446,0.9396926207859083,0.3420201433256688,2.0,2.1000000000000014,1
58,1012.2,24.8,21.6,19.6,19.1,87.0,88.0,0.6,16.4,1,0.8406184056344782,0.5416278206559814,0.766044443118978,0.6427876096865394,2.5,5.199999999999999,0
59,1012.0,25.2,21.3,20.2,19.9,79.0,88.0,2.0,26.8,1,0.8498170915275278,0.5270777086423722,0.984807753012208,0.17364817766693041,1.4000000000000021,5.0,0
60,1018.4,25.3,21.2,19.9,18.2,83.0,85.0,3.2,13.8,1,0.8587639582758029,0.5123714121284237,0.6427876096865393,0.766044443118978,3.0,5.400000000000002,0
61,1012.2,20.4,17.8,16.9,16.1,90.0,90.0,2.1,39.7,1,0.8674563547295968,0.49751328890718066,0.8660254037844386,0.5000000000000001,1.6999999999999993,3.5,0
62,1014.9,20.8,18.1,16.9,15.8,78.0,88.0,0.0,39.3,1,0.8758917051442429,0.48250774176121847,0.3420201433256687,0.9396926207859084,2.3000000000000007,3.900000000000002,1
63,1015.5,17.4,16.6,15.4,15.7,98.0,99.0,0.0,36.0,1,0.8840675099433636,0.4673592171580022,0.8660254037844386,0.5000000000000001,0.9000000000000021,1.9999999999999982,1
64,1018.4,17.2,16.3,15.3,15.3,95.0,100.0,0.2,41.3,1,0.8919813464595485,0.45207220393230435,0.49999999999999994,0.8660254037844387,1.0,1.8999999999999986,0
65,1020.4,16.2,15.9,14.5,9.5,72.0,44.0,10.7,35.3,0,0.8996308696522433,0.43665123195606403,0.3420201433256687,0.9396926207859084,6.4,1.6999999999999993,0
66,1018.4,19.2,17.3,16.4,11.8,62.0,46.0,10.9,20.5,0,0.9070138128026359,0.4211008707960896,0.6427876096865393,0.766044443118978,5.5,2.8000000000000007,0
67,1020.4,23.1,18.3,17.4,16.8,64.0,29.0,6.7,29.2,0,0.9141279881853337,0.40542572835999735,0.3420201433256687,0.9396926207859084,1.5,5.700000000000003,0
68,1016.8,23.1,18.4,17.2,20.5,68.0,19.0,10.2,24.8,0,0.9209712877166346,0.38963044953078796,0.6427876096865393,0.766044443118978,-2.1000000000000014,5.900000000000002,0
69,1022.7,17.3,15.7,12.3,11.8,78.0,40.0,9.1,38.3,0,0.9275416835791966,0.37371971479046906,0.3420201433256687,0.9396926207859084,3.8999999999999986,5.0,0
70,1016.5,17.1,16.3,15.3,13.7,79.0,89.0,0.0,28.8,1,0.9338372288229252,0.35769823883312546,0.3420201433256687,0.9396926207859084,2.6000000000000014,1.8000000000000007,1
71,1013.0,21.6,20.9,19.0,18.9,92.0,87.0,2.5,22.8,1,0.9398560579418954,0.3415707691678556,0.49999999999999994,0.8660254037844387,2.0,2.6000000000000014,0
72,1017.9,16.7,15.6,14.0,11.0,92.0,93.0,0.0,20.4,0,0.9455963874271426,0.3253420847119801,0.6427876096865393,0.766044443118978,4.6,2.6999999999999993,1
73,1016.2,25.4,22.4,21.0,20.6,92.0,88.0,0.4,17.2,1,0.9510565162951535,0.30901699437494745,0.6427876096865393,0.766044443118978,1.7999999999999972,4.399999999999999,0
74,1015.9,23.3,21.1,20.5,17.3,96.0,88.0,0.1,7.9,1,0.9562348265919056,0.29260033563334836,0.984807753012208,0.17364817766693041,3.8000000000000007,2.8000000000000007,0
75,1013.9,24.9,22.3,20.6,21.4,86.0,88.0,0.2,19.7,1,0.9611297838723007,0.27609697309746883,0.984807753012208,0.17364817766693041,0.9000000000000021,4.299999999999997,0
76,1013.1,25.2,23.1,20.7,20.7,86.0,83.0,5.6,30.0,1,0.9657399376548549,0.2595117970697999,0.49999999999999994,0.8660254037844387,2.400000000000002,4.5,0
77,1013.2,24.9,23.3,21.1,22.3,95.0,81.0,0.0,28.7,1,0.9700639218515071,0.2428497220959356,0.766044443118978,0.6427876096865394,1.0,3.799999999999997,1
78,1015.4,26.5,23.2,21.0,21.9,80.0,80.0,0.5,14.6,1,0.9741004551724205,0.22611568550828828,0.3420201433256687,0.9396926207859084,1.3000000000000007,5.5,0
79,1015.4,25.9,24.5,23.8,12.5,79.0,38.0,10.4,9.8,0,0.9778483415056568,0.20931464596304847,0.8660254037844386,0.5000000000000001,12.0,2.099999999999998,0
80,1011.6,25.5,23.8,22.5,21.5,87.0,88.0,1.6,35.1,1,0.9813064702716093,0.19245158197082998,0.9396926207859083,0.3420201433256688,2.3000000000000007,3.0,0
81,1015.2,25.3,24.8,23.1,23.2,92.0,85.0,0.3,20.5,1,0.9844738167520922,0.1755314904214282,-0.17364817766693047,-0.984807753012208,1.6000000000000014,2.1999999999999993,0
82,1011.1,24.9,22.4,20.2,19.9,78.0,85.0,1.1,5.7,1,0.9873494423939864,0.15855938510313478,0.8660254037844386,0.5000000000000001,2.5,4.699999999999999,0
83,1016.5,26.4,23.3,20.6,22.1,80.0,78.0,1.6,11.9,1,0.989932495087353,0.141540295217043,-0.34202014332566866,-0.9396926207859084,1.1999999999999993,5.799999999999997,0
84,1011.6,26.0,24.3,23.1,22.6,93.0,86.0,0.1,18.1,1,0.9922222094179323,0.12447926388678915,0.9396926207859083,0.3420201433256688,1.6999999999999993,2.8999999999999986,0
85,1012.5,26.6,24.7,23.5,18.8,76.0,81.0,0.3,15.3,1,0.994217906893952,0.10738134666416309,0.8660254037844386,0.5000000000000001,5.899999999999999,3.1000000000000014,0
86,1020.3,27.5,24.4,24.4,20.4,76.0,77.0,1.5,13.0,1,0.995918996147179,0.09025161003104117,0.766044443118978,0.6427876096865394,4.0,3.1000000000000014,0
87,1012.9,25.9,25.9,24.4,23.3,91.0,88.0,1.5,31.8,1,0.9973249731081555,0.07309512989807777,1.0,6.123233995736766e-17,2.599999999999998,1.5,0
88,1012.5,27.9,25.5,22.4,23.8,92.0,89.0,0.7,11.7,1,0.9984354211555643,0.055916990100603484,0.17364817766693028,-0.984807753012208,1.6999999999999993,5.5,0
89,1013.5,27.6,25.8,23.6,23.5,86.0,84.0,0.6,15.7,1,0.9992500112396835,0.03872228089217446,0.9396926207859083,0.3420201433256688,2.3000000000000007,4.0,0
90,1008.5,27.6,25.4,24.0,24.2,94.0,85.0,1.5,14.2,1,0.9997685019798909,0.021516097436222254,0.6427876096865393,0.766044443118978,1.1999999999999993,3.6000000000000014,0
91,1012.3,27.3,25.1,23.4,22.6,89.0,83.0,6.0,32.2,1,0.9999907397361901,0.004303538296244289,1.0,6.123233995736766e-17,2.5,3.900000000000002,0
92,1012.5,23.4,22.8,20.4,19.3,91.0,88.0,0.1,33.4,1,0.9999166586547379,-0.01291029607500882,0.9396926207859083,0.3420201433256688,3.5,3.0,0
93,1009.8,27.7,25.4,24.1,24.2,89.0,84.0,1.0,12.6,1,0.9995462806873573,-0.030120304846908114,-0.17364817766693047,-0.984807753012208,1.1999999999999993,3.599999999999998,0
94,1016.6,26.5,25.3,24.1,24.2,94.0,88.0,1.0,14.5,1,0.9988797155850336,-0.04732138832243185,0.6427876096865393,0.766044443118978,1.1000000000000014,2.3999999999999986,0
95,1008.1,28.4,26.0,24.0,22.1,88.0,84.0,3.5,13.3,1,0.9979171608653922,-0.06450844944931623,-0.5000000000000001,-0.8660254037844386,3.8999999999999986,4.399999999999999,0
96,1011.2,27.4,25.8,24.8,22.3,87.0,89.0,0.6,25.1,1,0.9966589017541702,-0.08167639533042241,0.9396926207859083,0.3420201433256688,3.5,2.599999999999998,0
97,1007.9,28.4,26.5,25.5,23.8,87.0,84.0,1.2,34.0,1,0.9951053111006976,-0.09882013873287143,0.9396926207859083,0.3420201433256688,2.6999999999999993,2.8999999999999986,0
98,1012.5,27.2,25.6,24.8,21.6,85.0,78.0,0.0,16.7,1,0.9932568492674143,-0.11593459959550041,0.9396926207859083,0.3420201433256688,4.0,2.3999999999999986,1
99,1008.3,29.0,26.6,24.8,22.3,89.0,88.0,3.2,12.7,1,0.9911140639934547,-0.1330147065341959,0.984807753012208,0.17364817766693041,4.300000000000001,4.199999999999999,0
100,1013.0,28.2,25.5,24.0,22.3,80.0,84.0,2.3,8.9,1,0.9886775902323405,-0.1500553983446526,0.984807753012208,0.17364817766693041,3.1999999999999993,4.199999999999999,0
101,1013.1,29.1,26.2,24.7,23.8,87.0,83.0,3.3,15.4,1,0.9859481499638304,-0.16705162550211924,0.984807753012208,0.17364817766693041,2.3999999999999986,4.400000000000002,0
102,1006.9,27.5,25.0,24.9,22.1,89.0,88.0,0.5,10.2,0,0.9829265519799822,-0.18399835165768005,-0.8660254037844384,-0.5000000000000004,2.8999999999999986,2.6000000000000014,0
103,1011.4,29.2,26.9,25.5,23.2,89.0,83.0,3.6,11.3,0,0.9796136916454901,-0.20089055513063506,0.766044443118978,0.6427876096865394,3.6999999999999993,3.6999999999999993,0
104,1010.5,27.8,25.8,24.7,20.4,87.0,88.0,0.6,14.6,1,0.9760105506323683,-0.21772323039653177,0.984807753012208,0.17364817766693041,5.400000000000002,3.1000000000000014,0
105,1014.0,26.3,25.0,24.7,24.7,88.0,89.0,0.2,9.9,1,0.9721181966290613,-0.23449138957040985,0.984807753012208,0.17364817766693041,0.3000000000000007,1.6000000000000014,0
106,1011.6,30.1,26.8,22.8,23.2,87.0,82.0,2.2,16.5,1,0.9679377830240642,-0.25119006388481935,0.984807753012208,-0.1736481776669303,3.6000000000000014,7.300000000000001,0
107,1010.5,29.8,24.9,23.2,22.9,81.0,82.0,2.4,18.6,1,0.9634705485641488,-0.2678143051621742,0.9396926207859083,0.3420201433256688,2.0,6.600000000000001,0
108,1012.3,27.6,25.4,24.8,24.2,85.0,82.0,1.3,10.2,1,0.9587178169872964,-0.2843591872810034,-0.34202014332566866,-0.9396926207859084,1.1999999999999993,2.8000000000000007,0
109,1012.0,28.6,26.5,25.5,23.1,88.0,84.0,1.1,13.0,1,0.9536809966304457,-0.30081980763566735,0.984807753012208,0.17364817766693041,3.3999999999999986,3.1000000000000014,0
110,1009.4,30.6,28.3,26.5,24.6,83.0,88.0,5.3,8.9,1,0.9483615800121715,-0.3171912885891061,-0.6427876096865393,-0.766044443118978,3.6999999999999993,4.100000000000001,0
111,1012.2,26.9,25.4,25.3,22.2,89.0,80.0,2.8,15.1,1,0.9427611433904207,-0.3334687789181868,0.6427876096865393,0.766044443118978,3.1999999999999993,1.5999999999999979,0
112,1008.1,28.8,25.7,24.8,23.1,89.0,88.0,1.6,15.8,1,0.9368813462954315,-0.3496474552512284,-0.8660254037844384,-0.5000000000000004,2.599999999999998,4.0,0
113,1013.3,30.6,27.0,25.8,23.7,83.0,81.0,1.2,11.1,0,0.9307239310379795,-0.36572252349726897,0.766044443118978,0.6427876096865394,3.3000000000000007,4.800000000000001,0
114,1010.3,26.2,23.1,21.1,21.9,90.0,77.0,2.2,14.5,1,0.9242907221930934,-0.3816892202666588,0.6427876096865393,0.766044443118978,1.2000000000000028,5.099999999999998,0
115,1011.4,25.2,23.1,21.0,20.9,79.0,79.0,3.1,26.5,0,0.9175836260593937,-0.39754281428255595,0.6427876096865393,0.766044443118978,2.200000000000003,4.199999999999999,0
116,1010.3,27.5,25.9,23.7,21.6,82.0,88.0,6.6,18.8,1,0.9106046300942163,-0.4132786077829042,0.3420201433256687,0.9396926207859084,4.299999999999997,3.8000000000000007,0
117,1008.7,31.0,27.8,26.1,24.4,76.0,82.0,2.7,12.9,1,0.9033558023246845,-0.4288919379124835,0.3420201433256687,0.9396926207859084,3.400000000000002,4.899999999999999,0
118,1010.3,26.5,25.9,24.3,22.4,84.0,80.0,3.5,21.6,1,0.895839290734909,-0.4443781781046132,0.984807753012208,0.17364817766693041,3.5,2.1999999999999993,0
119,1009.9,27.7,25.3,24.4,22.5,89.0,84.0,1.0,25.0,1,0.8880573226294932,-0.45973273945210397,-0.6427876096865393,-0.766044443118978,2.8000000000000007,3.3000000000000007,0
120,1008.0,27.9,27.8,26.4,25.0,89.0,88.0,1.0,18.4,1,0.8800122039735357,-0.47495107206704995,0.766044443118978,-0.6427876096865394,2.8000000000000007,1.5,0
121,1006.9,30.4,27.9,24.5,23.7,81.0,83.0,3.3,15.3,1,0.8717063187093219,-0.49002866642905923,0.3420201433256687,0.9396926207859084,4.199999999999999,5.899999999999999,0
122,1011.4,29.2,27.1,24.4,23.0,82.0,85.0,6.0,37.5,1,0.8631421280499114,-0.5049610547215204,0.9396926207859084,-0.3420201433256687,4.100000000000001,4.800000000000001,0
123,1011.5,29.1,26.8,24.5,23.4,83.0,85.0,1.6,8.6,1,0.854322169749827,-0.5197438121555155,0.766044443118978,0.6427876096865394,3.400000000000002,4.600000000000001,0
124,1007.8,28.8,26.7,25.4,24.4,87.0,84.0,1.6,7.9,1,0.8452490573530633,-0.5343725582809786,0.766044443118978,0.6427876096865394,2.3000000000000007,3.400000000000002,0
125,1008.1,30.4,27.8,25.9,24.4,89.0,88.0,1.6,30.3,1,0.8359254794186372,-0.548842958284719,-0.6427876096865393,-0.766044443118978,3.400000000000002,4.5,0
126,1010.1,29.2,26.6,24.1,22.1,89.0,87.0,2.6,23.7,1,0.8263541987239096,-0.5631507242749186,-0.6427876096865393,-0.766044443118978,4.5,5.099999999999998,0
127,1008.1,28.0,26.8,25.9,25.5,85.0,84.0,0.7,14.8,1,0.8165380514459161,-0.5772916165517272,0.9396926207859083,0.3420201433256688,1.3000000000000007,2.1000000000000014,0
128,1006.9,28.7,26.6,25.4,25.4,87.0,88.0,0.3,20.7,1,0.8064799463209448,-0.5912614448635781,0.984807753012208,0.17364817766693041,1.2000000000000028,3.3000000000000007,0
129,1008.4,28.4,27.0,25.5,25.4,89.0,88.0,0.4,12.1,1,0.7961828637826158,-0.6050560696488488,-0.17364817766693047,-0.984807753012208,1.6000000000000014,2.8999999999999986,0
130,1012.5,31.3,28.0,26.4,25.5,82.0,80.0,4.1,29.0,1,0.7856498550787147,-0.6186714032625031,0.9396926207859083,0.3420201433256688,2.5,4.900000000000002,0
131,1008.3,31.2,29.7,28.4,26.1,84.0,89.0,1.6,16.7,1,0.7748840413670407,-0.6321034111873487,0.766044443118978,-0.6427876096865394,3.599999999999998,2.8000000000000007,0
132,1008.7,32.8,30.1,28.0,26.0,79.0,78.0,9.2,16.4,1,0.7638886127905428,-0.6453481132295501,-0.6427876096865393,-0.766044443118978,4.100000000000001,4.799999999999997,0
133,1009.1,33.0,30.0,27.1,26.2,77.0,70.0,6.1,21.3,1,0.7526668275320084,-0.6584015846980488,0.984807753012208,0.17364817766693041,3.8000000000000007,5.899999999999999,0
134,1008.5,30.9,27.0,24.7,25.8,84.0,85.0,3.1,9.8,1,0.741222010848596,-0.6712599575675313,-0.6427876096865393,-0.766044443118978,1.1999999999999993,6.199999999999999,0
135,1009.4,33.3,30.2,27.0,24.3,82.0,83.0,2.2,24.4,1,0.7295575540864875,-0.6839194216246106,-0.6427876096865393,-0.766044443118978,5.899999999999999,6.299999999999997,0
136,1006.8,33.1,30.3,28.0,25.0,80.0,77.0,7.6,20.7,1,0.717676913675962,-0.6963762255968722,-0.6427876096865393,-0.766044443118978,5.300000000000001,5.100000000000001,0
137,1008.4,31.2,29.1,26.7,25.4,81.0,78.0,3.2,15.3,1,0.705583610107178,-0.7086266782644596,-0.6427876096865393,-0.766044443118978,3.700000000000003,4.5,0
138,1009.3,31.4,29.6,28.0,25.6,86.0,82.0,1.0,21.6,1,0.6932812268869777,-0.7206671495538609,-0.6427876096865393,-0.766044443118978,4.0,3.3999999999999986,0
139,1008.4,29.6,27.5,25.4,25.4,87.0,82.0,2.3,15.5,1,0.6807734094770161,-0.7324940716135789,0.766044443118978,0.6427876096865394,2.1000000000000014,4.200000000000003,0
140,1008.7,33.4,30.1,28.4,25.4,67.0,77.0,9.4,30.2,1,0.6680638642135335,-0.7441039398713607,-0.6427876096865393,-0.766044443118978,4.700000000000003,5.0,0
141,1006.3,33.2,29.9,28.0,26.0,74.0,86.0,3.5,40.0,1,0.6551563572090853,-0.7554933140726803,-0.6427876096865393,-0.766044443118978,3.8999999999999986,5.200000000000003,0
142,1007.5,28.5,26.5,24.0,23.4,61.0,87.0,1.6,19.4,0,0.6420547132365637,-0.766658819300159,0.3420201433256687,0.9396926207859084,3.1000000000000014,4.5,0
143,1008.6,32.8,30.0,28.1,25.8,79.0,86.0,2.1,20.0,1,0.6287628145958344,-0.777597146973627,-0.8660254037844384,-0.5000000000000004,4.199999999999999,4.699999999999996,0
144,1006.1,32.6,30.0,27.6,25.4,74.0,48.0,10.9,7.4,0,0.6152845999633276,-0.7883050558305255,0.984807753012208,0.17364817766693041,4.600000000000001,5.0,0
145,1004.9,29.1,27.1,25.0,26.4,92.0,96.0,0.6,14.5,1,0.6016240632249226,-0.7987793728863649,-0.9396926207859082,-0.3420201433256694,0.7000000000000028,4.100000000000001,0
146,1005.9,27.8,26.7,25.3,25.2,93.0,88.0,0.3,21.2,1,0.5877852522924732,-0.8090169943749473,-0.9414705448120378,-0.3370952584230822,1.5,2.5,0
147,1009.1,28.2,26.3,25.6,23.0,80.0,83.0,1.4,5.9,1,0.5737722679043246,-0.8190148866680801,-0.7660444431189779,-0.6427876096865395,3.3000000000000007,2.599999999999998,0
148,1008.8,30.7,27.4,23.3,24.2,67.0,80.0,8.6,17.2,1,0.5595892624101765,-0.8287700871745038,0.9396926207859084,-0.3420201433256687,3.1999999999999993,7.399999999999999,0
149,1008.1,32.4,28.3,26.8,24.8,74.0,62.0,7.7,23.9,0,0.545240438540651,-0.8382797052177744,-0.8660254037844384,-0.5000000000000004,3.5,5.599999999999998,0
150,1008.5,31.8,29.6,26.9,25.7,79.0,69.0,6.7,13.0,0,0.5307300481619334,-0.8475409228928311,-0.8660254037844384,-0.5000000000000004,3.900000000000002,4.900000000000002,0
151,1008.5,33.2,30.8,27.4,24.1,71.0,48.0,10.0,23.4,0,0.5160623910158528,-0.8565509959010036,-0.7660444431189779,-0.6427876096865395,6.699999999999999,5.800000000000004,0
152,1008.4,33.1,30.6,28.4,24.7,72.0,34.0,11.1,12.6,0,0.5012418134457758,-0.865307254363206,0.17364817766693028,-0.984807753012208,5.900000000000002,4.700000000000003,0
153,1007.8,33.2,30.7,28.0,25.8,79.0,48.0,10.0,10.0,0,0.48627270710869,-0.8738071036110808,-0.6427876096865393,-0.766044443118978,4.899999999999999,5.200000000000003,0
154,1009.3,33.8,30.3,29.3,26.3,78.0,78.0,7.4,9.8,0,0.4711595076738638,-0.8820480249558537,-0.34202014332566866,-0.9396926207859084,4.0,4.4999999999999964,0
155,1008.4,35.1,30.6,28.1,25.9,78.0,25.0,11.1,13.4,0,0.4559066935084588,-0.8900275764346767,0.9396926207859084,-0.3420201433256687,4.700000000000003,7.0,0
156,1010.3,33.1,30.1,27.3,25.4,74.0,46.0,10.4,25.1,1,0.440518784350495,-0.8977433935342337,1.2246467991473532e-16,-1.0,4.700000000000003,5.800000000000001,0
157,1008.1,32.9,30.4,27.4,25.6,82.0,62.0,5.5,19.0,1,0.42500033996955416,-0.9051931898913974,0.984807753012208,0.17364817766693041,4.799999999999997,5.5,0
158,1005.3,30.0,28.4,26.1,25.7,79.0,88.0,3.0,7.3,1,0.4093559588156213,-0.9123747579707273,0.6427876096865393,0.766044443118978,2.6999999999999993,3.8999999999999986,0
159,1008.1,33.9,30.6,27.4,24.7,74.0,61.0,6.0,10.2,1,0.39359027665646673,-0.9192859697186104,0.766044443118978,-0.6427876096865394,5.900000000000002,6.5,0
160,1008.5,32.4,30.0,28.7,25.0,72.0,49.0,10.1,9.1,0,0.3777079652039649,-0.9259247771938498,-0.7660444431189779,-0.6427876096865395,5.0,3.6999999999999993,0
161,1008.1,33.0,30.7,28.4,25.9,81.0,70.0,7.0,13.3,1,0.36171373072976765,-0.9322892131745133,-0.7660444431189779,-0.6427876096865395,4.800000000000001,4.600000000000001,0
162,1005.5,31.4,28.3,26.3,25.0,89.0,83.0,0.4,15.1,1,0.3456123126707335,-0.9383773917408641,0.984807753012208,0.17364817766693041,3.3000000000000007,5.099999999999998,0
163,1005.1,33.0,30.0,28.4,24.7,78.0,77.0,7.4,21.9,1,0.3294084822245304,-0.9441875088341993,-0.7660444431189779,-0.6427876096865395,5.300000000000001,4.600000000000001,0
164,1008.4,32.3,29.2,28.1,25.0,75.0,41.0,8.0,28.4,0,0.3131070409358269,-0.9497178427914316,-0.7660444431189779,-0.6427876096865395,4.199999999999999,4.199999999999996,0
165,1008.1,33.3,30.1,28.1,25.8,78.0,72.0,7.7,12.4,0,0.29671281927349075,-0.9549667548552551,-0.17364817766693047,-0.984807753012208,4.300000000000001,5.199999999999996,0
166,1007.9,32.8,29.0,27.5,25.6,80.0,77.0,6.5,15.8,0,0.2802306751992159,-0.9599326896597447,-0.7660444431189779,-0.6427876096865395,3.3999999999999986,5.299999999999997,0
167,1007.1,31.9,28.9,26.3,24.7,81.0,84.0,1.3,26.0,1,0.26366549272800704,-0.9646141756912435,0.766044443118978,-0.6427876096865394,4.199999999999999,5.599999999999998,0
168,1008.8,31.1,28.6,27.7,25.9,81.0,81.0,2.2,32.4,1,0.24702218048093552,-0.9690098257244062,-0.34202014332566866,-0.9396926207859084,2.700000000000003,3.400000000000002,0
169,1002.5,33.7,30.1,29.1,26.7,82.0,69.0,6.0,22.9,1,0.23030567023061221,-0.9731183372332619,-0.6427876096865393,-0.766044443118978,3.400000000000002,4.600000000000001,0
170,1000.2,32.5,30.1,28.0,25.5,78.0,79.0,6.6,12.8,0,0.21352091543979612,-0.9769384927771817,-0.34202014332566866,-0.9396926207859084,4.600000000000001,4.5,0
171,1009.8,31.7,28.9,25.6,25.0,85.0,82.0,3.6,22.3,1,0.19667288979357647,-0.980469160361632,-0.6427876096865393,-0.766044443118978,3.8999999999999986,6.099999999999998,0
172,1002.2,30.4,28.4,27.7,25.3,82.0,60.0,1.1,25.0,1,0.1797665857255624,-0.9837092937736097,0.8660254037844386,0.5000000000000001,3.099999999999998,2.6999999999999993,0
173,1005.7,30.9,28.1,25.4,26.0,87.0,84.0,2.1,11.0,1,0.16280701293851715,-0.986657932891657,-0.5000000000000001,-0.8660254037844386,2.1000000000000014,5.5,0
174,1008.3,32.4,28.8,26.0,25.1,77.0,60.0,8.4,26.0,0,0.1457991969198751,-0.9893142039703663,-0.7660444431189779,-0.6427876096865395,3.6999999999999993,6.399999999999999,0
175,1009.2,29.5,27.4,27.4,25.9,79.0,60.0,5.1,11.3,0,0.12874817745258132,-0.99167731989929,0.9396926207859084,-0.3420201433256687,1.5,2.1000000000000014,0
176,1006.0,29.2,27.7,26.3,25.8,83.0,86.0,0.3,23.5,1,0.11165900712169512,-0.993746580436178,-0.8660254037844384,-0.5000000000000004,1.8999999999999986,2.8999999999999986,0
177,1009.6,31.2,28.9,26.3,25.4,87.0,85.0,2.4,22.3,1,0.09453674981719912,-0.9955213724144752,-0.34202014332566866,-0.9396926207859084,3.5,4.899999999999999,0
178,1008.7,31.3,29.7,28.1,26.0,92.0,84.0,0.4,24.5,1,0.07738647923346301,-0.9970011699250151,-0.6427876096865393,-0.766044443118978,3.6999999999999993,3.1999999999999993,0
179,1008.9,29.1,27.5,25.3,25.4,81.0,86.0,1.1,15.7,1,0.06021327736579302,-0.9981855344718586,-0.6427876096865393,-0.766044443118978,2.1000000000000014,3.8000000000000007,0
180,1007.9,32.2,29.7,28.0,26.0,75.0,69.0,6.5,16.4,1,0.04302223300453059,-0.99907411510223,-0.34202014332566866,-0.9396926207859084,3.6999999999999993,4.200000000000003,0
181,1008.3,33.0,30.1,27.0,25.4,81.0,48.0,8.8,16.0,0,0.02581844022713308,-0.9996666485105112,-0.8660254037844384,-0.5000000000000004,4.700000000000003,6.0,0
182,1008.7,32.5,30.0,28.1,26.2,78.0,57.0,9.1,14.8,0,0.008606996888688698,-0.9999629591162655,-0.6427876096865393,-0.766044443118978,3.8000000000000007,4.399999999999999,0
183,1008.4,32.0,30.0,28.2,26.4,77.0,78.0,6.5,28.0,1,-0.008606996888688009,-0.9999629591162655,-0.7660444431189779,-0.6427876096865395,3.6000000000000014,3.8000000000000007,0
184,1008.1,31.0,28.1,26.8,25.1,81.0,84.0,2.1,15.9,1,-0.02581844022713239,-0.9996666485105112,-0.17364817766693047,-0.984807753012208,3.0,4.199999999999999,0
185,1008.3,31.4,28.3,26.5,24.8,77.0,84.0,3.3,21.9,1,-0.04302223300453034,-0.99907411510223,0.6427876096865395,-0.7660444431189779,3.5,4.899999999999999,0
186,1006.5,35.1,31.0,26.9,25.0,74.0,58.0,10.6,8.9,0,-0.060213277365792774,-0.9981855344718586,1.2246467991473532e-16,-1.0,6.0,8.200000000000003,0
187,1006.1,32.5,30.2,28.6,25.3,77.0,79.0,6.4,10.3,1,-0.07738647923346322,-0.9970011699250151,-0.6427876096865393,-0.766044443118978,4.899999999999999,3.8999999999999986,0
188,1008.4,32.0,30.3,28.3,26.2,79.0,54.0,6.3,10.9,1,-0.09453674981719933,-0.9955213724144752,-0.8660254037844384,-0.5000000000000004,4.100000000000001,3.6999999999999993,0
189,1008.8,32.3,29.3,27.0,24.8,81.0,56.0,9.1,9.5,0,-0.11165900712169444,-0.9937465804361781,0.17364817766693028,-0.984807753012208,4.5,5.299999999999997,0
190,1005.6,32.3,29.1,26.9,25.8,74.0,72.0,11.8,11.2,0,-0.12874817745258066,-0.99167731989929,-0.34202014332566866,-0.9396926207859084,3.3000000000000007,5.399999999999999,0
191,1006.2,33.8,30.3,28.3,26.4,81.0,87.0,5.7,21.8,0,-0.14579919691987442,-0.9893142039703664,-0.7660444431189779,-0.6427876096865395,3.900000000000002,5.4999999999999964,0
192,1010.0,33.3,30.4,27.6,25.9,82.0,83.0,2.6,10.2,1,-0.16280701293851646,-0.9866579328916572,0.766044443118978,0.6427876096865394,4.5,5.699999999999996,0
193,1008.3,33.0,30.6,29.0,26.0,79.0,72.0,8.3,13.9,1,-0.17976658572556214,-0.9837092937736098,-0.6427876096865393,-0.766044443118978,4.600000000000001,4.0,0
194,1006.6,33.7,29.1,27.5,25.3,79.0,78.0,5.3,23.7,1,-0.19667288979357622,-0.9804691603616321,0.3420201433256687,0.9396926207859084,3.8000000000000007,6.200000000000003,0
195,1009.7,32.8,30.2,28.9,25.4,78.0,43.0,8.1,10.2,0,-0.2135209154397959,-0.9769384927771817,-0.8660254037844384,-0.5000000000000004,4.800000000000001,3.8999999999999986,0
196,1008.1,33.9,30.1,27.0,24.8,76.0,49.0,8.8,10.0,1,-0.23030567023061196,-0.973118337233262,0.17364817766693033,0.984807753012208,5.300000000000001,6.899999999999999,0
197,1007.5,32.9,29.7,27.9,24.4,78.0,38.0,11.8,17.3,1,-0.24702218048093527,-0.9690098257244063,-0.5000000000000001,-0.8660254037844386,5.300000000000001,5.0,0
198,1005.8,33.4,30.2,28.1,24.3,80.0,78.0,4.3,20.8,1,-0.2636654927280072,-0.9646141756912435,-0.6427876096865393,-0.766044443118978,5.899999999999999,5.299999999999997,0
199,1008.4,32.9,30.2,28.6,25.3,79.0,57.0,10.6,19.6,1,-0.2802306751992161,-0.9599326896597445,-0.7660444431189779,-0.6427876096865395,4.899999999999999,4.299999999999997,0
200,999.0,35.1,31.0,26.8,26.1,77.0,57.0,9.1,20.9,0,-0.2967128192734901,-0.9549667548552553,0.3420201433256687,0.9396926207859084,4.899999999999999,8.3,0
201,1009.5,32.3,29.2,27.8,24.6,84.0,72.0,6.2,12.0,0,-0.3131070409358267,-0.9497178427914317,0.984807753012208,-0.1736481776669303,4.599999999999998,4.4999999999999964,0
202,1010.7,31.9,28.9,26.7,25.7,84.0,81.0,3.2,6.6,1,-0.3294084822245302,-0.9441875088341994,0.8660254037844386,0.5000000000000001,3.1999999999999993,5.199999999999999,0
203,1005.5,31.1,28.7,26.9,24.5,82.0,84.0,1.6,12.1,1,-0.3456123126707333,-0.9383773917408642,-0.6427876096865393,-0.766044443118978,4.199999999999999,4.200000000000003,0
204,1008.1,31.2,28.6,25.3,25.4,76.0,46.0,11.7,12.6,0,-0.3617137307297674,-0.9322892131745134,-0.6427876096865393,-0.766044443118978,3.200000000000003,5.899999999999999,0
205,1009.9,31.9,28.8,27.4,26.1,84.0,88.0,2.7,17.2,1,-0.37770796520396466,-0.9259247771938499,0.984807753012208,0.17364817766693041,2.6999999999999993,4.5,0
206,1011.1,30.9,27.5,25.4,25.4,89.0,82.0,1.2,16.3,1,-0.39359027665646645,-0.9192859697186105,0.9396926207859084,-0.3420201433256687,2.1000000000000014,5.5,0
207,1009.1,30.2,27.9,26.3,25.3,87.0,84.0,2.1,14.0,1,-0.4093559588156211,-0.9123747579707274,-0.7660444431189779,-0.6427876096865395,2.599999999999998,3.8999999999999986,0
208,1006.7,31.7,28.2,27.0,25.0,88.0,80.0,2.5,14.3,1,-0.42500033996955394,-0.9051931898913975,-0.7660444431189779,-0.6427876096865395,3.1999999999999993,4.699999999999999,0
209,1008.9,30.6,27.2,25.5,26.6,87.0,88.0,0.2,12.5,1,-0.4405187843504952,-0.8977433935342336,-0.6427876096865393,-0.766044443118978,0.5999999999999979,5.100000000000001,0
210,1006.9,32.1,29.4,27.2,24.7,84.0,86.0,1.4,12.4,1,-0.455906693508459,-0.8900275764346766,-0.6427876096865393,-0.766044443118978,4.699999999999999,4.900000000000002,0
211,1008.8,33.0,30.3,28.0,25.2,78.0,72.0,7.2,16.0,1,-0.47115950767386394,-0.8820480249558535,-0.6427876096865393,-0.766044443118978,5.100000000000001,5.0,0
212,1008.2,32.2,28.7,26.4,24.3,79.0,78.0,9.5,9.8,1,-0.4862727071086902,-0.8738071036110807,-0.6427876096865393,-0.766044443118978,4.399999999999999,5.800000000000004,0
213,1008.3,32.5,28.6,26.6,25.3,80.0,77.0,2.4,24.4,1,-0.5012418134457756,-0.8653072543632061,-0.8660254037844386,0.5000000000000001,3.3000000000000007,5.899999999999999,0
214,1008.3,34.4,30.3,28.7,25.3,77.0,43.0,8.4,13.8,0,-0.5160623910158526,-0.8565509959010037,0.8660254037844387,-0.4999999999999998,5.0,5.699999999999999,0
215,1008.4,30.6,27.8,25.2,25.2,80.0,77.0,5.7,12.4,1,-0.5307300481619331,-0.8475409228928312,-0.7660444431189779,-0.6427876096865395,2.6000000000000014,5.400000000000002,0
216,999.0,32.8,29.1,26.8,26.0,84.0,51.0,7.0,11.8,1,-0.5452404385406507,-0.8382797052177745,-0.34202014332566866,-0.9396926207859084,3.1000000000000014,5.9999999999999964,0
217,1008.1,29.8,27.8,25.5,23.3,86.0,82.0,1.9,14.1,1,-0.5595892624101763,-0.828770087174504,-0.34202014332566866,-0.9396926207859084,4.5,4.300000000000001,0
218,1008.5,33.4,29.0,25.9,23.3,74.0,32.0,10.2,22.8,0,-0.5737722679043243,-0.8190148866680802,0.766044443118978,0.6427876096865394,5.699999999999999,7.5,0
219,1005.6,34.7,30.0,29.0,26.0,84.0,83.0,0.5,16.5,1,-0.5877852522924734,-0.8090169943749472,-0.7660444431189779,-0.6427876096865395,4.0,5.700000000000003,0
220,1008.5,31.2,28.4,26.9,25.0,89.0,88.0,1.0,11.7,1,-0.6016240632249227,-0.7987793728863648,1.2246467991473532e-16,-1.0,3.3999999999999986,4.300000000000001,0
221,1008.1,31.4,28.4,26.3,24.9,82.0,80.0,2.0,7.4,1,-0.6152845999633277,-0.7883050558305253,0.3420201433256687,0.9396926207859084,3.5,5.099999999999998,0
222,1008.5,31.7,28.2,26.5,24.2,87.0,87.0,2.6,13.2,1,-0.6287628145958345,-0.7775971469736268,-0.6427876096865393,-0.766044443118978,4.0,5.199999999999999,0
223,1007.9,34.2,30.1,27.8,24.7,74.0,72.0,10.4,8.9,0,-0.6420547132365636,-0.7666588193001592,-0.6427876096865393,-0.766044443118978,5.400000000000002,6.400000000000002,0
224,1006.7,32.8,30.1,28.1,24.3,74.0,23.0,10.4,12.4,0,-0.655156357209085,-0.7554933140726804,-0.6427876096865393,-0.766044443118978,5.800000000000001,4.699999999999996,0
225,1006.0,28.9,26.1,24.6,24.9,82.0,81.0,6.5,9.1,1,-0.6680638642135333,-0.7441039398713608,-0.8660254037844384,-0.5000000000000004,1.2000000000000028,4.299999999999997,0
226,1000.3,28.7,26.0,24.7,23.3,86.0,83.0,0.1,20.2,1,-0.680773409477016,-0.732494071613579,-0.5000000000000001,-0.8660254037844386,2.6999999999999993,4.0,0
227,1012.5,27.8,25.9,24.5,23.8,89.0,81.0,2.2,19.8,1,-0.6932812268869771,-0.7206671495538615,0.984807753012208,0.17364817766693041,2.099999999999998,3.3000000000000007,0
228,1012.0,28.1,25.9,24.5,23.3,78.0,83.0,2.5,19.4,1,-0.7055836101071774,-0.70862667826446,0.984807753012208,0.17364817766693041,2.599999999999998,3.6000000000000014,0
229,1013.0,30.9,29.7,28.0,25.0,78.0,84.0,1.5,23.4,1,-0.7176769136759615,-0.6963762255968726,-0.6427876096865393,-0.766044443118978,4.699999999999999,2.8999999999999986,0
230,1009.9,29.1,26.7,25.4,25.4,89.0,85.0,3.3,22.0,1,-0.7295575540864876,-0.6839194216246105,-0.34202014332566866,-0.9396926207859084,1.3000000000000007,3.700000000000003,0
231,1003.8,29.1,28.7,27.7,24.5,93.0,84.0,1.6,27.1,1,-0.7412220108485957,-0.6712599575675315,-0.7660444431189779,-0.6427876096865395,4.199999999999999,1.4000000000000021,0
232,1011.1,33.0,30.1,27.5,24.2,70.0,39.0,9.5,28.3,0,-0.7526668275320083,-0.6584015846980489,0.17364817766693033,0.984807753012208,5.900000000000002,5.5,0
233,1005.3,31.0,27.2,26.2,24.9,82.0,86.0,1.6,28.7,1,-0.7638886127905429,-0.64534811322955,0.984807753012208,0.17364817766693041,2.3000000000000007,4.800000000000001,0
234,1011.2,28.3,26.4,25.5,24.8,82.0,79.0,2.4,13.7,1,-0.7748840413670406,-0.6321034111873488,0.8660254037844386,0.5000000000000001,1.5999999999999979,2.8000000000000007,0
235,1008.2,28.4,26.8,24.7,24.3,92.0,88.0,0.3,15.9,1,-0.7856498550787144,-0.6186714032625032,0.9396926207859084,-0.3420201433256687,2.5,3.6999999999999993,0
236,1013.0,29.4,26.5,24.8,22.3,76.0,84.0,4.8,5.9,1,-0.7961828637826154,-0.6050560696488494,0.3420201433256687,0.9396926207859084,4.199999999999999,4.599999999999998,0
237,1011.4,29.1,26.8,24.9,22.1,75.0,46.0,8.3,9.1,1,-0.8064799463209447,-0.5912614448635783,0.6427876096865395,-0.7660444431189779,4.699999999999999,4.200000000000003,0
238,1006.7,31.9,29.2,26.2,25.4,81.0,84.0,2.0,33.5,1,-0.8165380514459157,-0.5772916165517278,-0.7660444431189779,-0.6427876096865395,3.8000000000000007,5.699999999999999,0
239,1011.4,31.9,28.7,26.8,24.5,81.0,69.0,5.5,29.3,1,-0.8263541987239094,-0.5631507242749189,0.9396926207859083,0.3420201433256688,4.199999999999999,5.099999999999998,0
240,1014.4,30.5,27.2,26.0,25.2,88.0,83.0,3.6,20.0,1,-0.8359254794186365,-0.5488429582847199,-0.7660444431189779,-0.6427876096865395,2.0,4.5,0
241,1011.1,31.0,28.1,26.8,24.9,78.0,60.0,8.4,12.0,1,-0.8452490573530633,-0.5343725582809785,0.6427876096865395,-0.7660444431189779,3.200000000000003,4.199999999999999,0
242,1008.4,28.9,26.9,25.4,25.4,89.0,88.0,1.1,39.7,1,-0.8543221697498269,-0.5197438121555157,-0.7660444431189779,-0.6427876096865395,1.5,3.5,0
243,1008.8,32.0,29.1,27.4,25.4,86.0,84.0,1.5,35.3,1,-0.8631421280499115,-0.5049610547215202,-0.6427876096865393,-0.766044443118978,3.700000000000003,4.600000000000001,0
244,1011.1,28.6,26.8,25.4,23.9,84.0,78.0,3.0,9.8,1,-0.8717063187093217,-0.4900286664290594,-0.7660444431189779,-0.6427876096865395,2.900000000000002,3.200000000000003,0
245,1008.2,32.8,29.4,26.6,25.9,84.0,88.0,0.8,28.9,1,-0.8800122039735356,-0.4749510720670502,-0.5000000000000001,-0.8660254037844386,3.5,6.199999999999996,0
246,1010.4,31.0,28.0,26.5,23.3,85.0,58.0,6.0,14.5,0,-0.888057322629493,-0.4597327394521046,0.984807753012208,0.17364817766693041,4.699999999999999,4.5,0
247,1006.7,30.8,28.1,26.9,25.9,87.0,53.0,11.1,37.0,0,-0.8958392907349089,-0.4443781781046134,-0.34202014332566866,-0.9396926207859084,2.200000000000003,3.900000000000002,0
248,1013.0,30.2,28.1,26.2,24.1,80.0,70.0,6.2,14.8,0,-0.9033558023246842,-0.4288919379124841,-0.5000000000000001,-0.8660254037844386,4.0,4.0,0
249,1011.5,30.5,27.4,25.5,23.8,76.0,53.0,10.1,28.6,1,-0.9106046300942162,-0.41327860778290443,0.766044443118978,0.6427876096865394,3.599999999999998,5.0,0
250,1008.1,32.1,28.1,26.7,24.8,79.0,78.0,7.7,39.3,1,-0.9175836260593934,-0.3975428142825566,-0.7660444431189779,-0.6427876096865395,3.3000000000000007,5.400000000000002,0
251,1013.3,30.9,28.3,26.6,21.2,75.0,32.0,10.0,25.0,0,-0.9242907221930934,-0.3816892202666586,-0.6427876096865393,-0.766044443118978,7.100000000000001,4.299999999999997,0
252,1010.3,29.4,27.9,26.6,23.1,79.0,81.0,3.4,8.9,1,-0.9307239310379793,-0.3657225234972692,0.6427876096865393,0.766044443118978,4.799999999999997,2.799999999999997,0
253,1008.9,32.3,29.1,26.2,25.4,87.0,88.0,2.8,11.9,1,-0.9368813462954315,-0.34964745525122826,-0.7660444431189779,-0.6427876096865395,3.700000000000003,6.099999999999998,0
254,1006.7,32.8,29.6,25.5,20.9,75.0,38.0,10.1,12.8,0,-0.9427611433904206,-0.33346877891818705,-0.6427876096865393,-0.766044443118978,8.700000000000003,7.299999999999997,0
255,1008.1,31.7,28.1,26.8,24.9,81.0,88.0,0.4,13.6,1,-0.9483615800121716,-0.31719128858910595,0.6427876096865393,0.766044443118978,3.200000000000003,4.899999999999999,0
256,1007.3,31.2,28.0,26.2,25.0,86.0,83.0,0.9,52.8,1,-0.9536809966304455,-0.300819807635668,-0.7660444431189779,-0.6427876096865395,3.0,5.0,0
257,1008.9,32.7,29.0,27.0,25.8,74.0,61.0,9.8,44.7,1,-0.9587178169872964,-0.2843591872810036,-0.6427876096865393,-0.766044443118978,3.1999999999999993,5.700000000000003,0
258,1012.7,28.4,26.9,24.3,23.1,81.0,85.0,0.6,30.4,1,-0.9634705485641486,-0.26781430516217486,0.9396926207859083,0.3420201433256688,3.799999999999997,4.099999999999998,0
259,1006.8,30.9,27.6,25.4,26.0,97.0,88.0,0.5,30.0,1,-0.9679377830240641,-0.25119006388481957,0.766044443118978,-0.6427876096865394,1.6000000000000014,5.5,0
260,1005.7,27.9,26.1,25.9,24.5,94.0,87.0,2.2,35.8,1,-0.9721181966290612,-0.23449138957041052,0.3420201433256687,0.9396926207859084,1.6000000000000014,2.0,0
261,1008.4,31.1,28.3,26.0,25.4,86.0,83.0,8.1,34.0,1,-0.9760105506323682,-0.21772323039653224,-1.0,-1.8369701987210297e-16,2.900000000000002,5.100000000000001,0
262,1013.1,30.1,26.0,24.4,24.8,81.0,56.0,2.4,21.9,1,-0.9796136916454901,-0.20089055513063528,0.984807753012208,0.17364817766693041,1.1999999999999993,5.700000000000003,0
263,1007.6,28.2,25.5,23.9,21.6,68.0,39.0,8.2,8.7,0,-0.9829265519799822,-0.18399835165767986,-0.7660444431189779,-0.6427876096865395,3.8999999999999986,4.300000000000001,0
264,1013.5,28.6,25.8,22.4,24.7,79.0,84.0,6.7,8.3,0,-0.9859481499638303,-0.1670516255021195,-0.17364817766693047,-0.984807753012208,1.1000000000000014,6.200000000000003,0
265,1015.5,30.2,27.7,24.5,20.9,76.0,68.0,7.7,8.3,0,-0.9886775902323404,-0.15005539834465262,0.9396926207859083,0.3420201433256688,6.800000000000001,5.699999999999999,0
266,1018.9,31.0,28.7,26.6,24.8,85.0,53.0,4.5,14.7,0,-0.9911140639934546,-0.13301470653419636,-0.6427876096865393,-0.766044443118978,3.8999999999999986,4.399999999999999,0
267,1008.8,27.5,25.4,24.9,23.2,92.0,95.0,0.0,25.1,1,-0.9932568492674143,-0.11593459959550066,0.6427876096865393,0.766044443118978,2.1999999999999993,2.6000000000000014,1
268,1013.7,29.2,25.3,23.1,20.7,77.0,19.0,9.5,10.3,0,-0.9951053111006974,-0.09882013873287211,0.3420201433256687,0.9396926207859084,4.600000000000001,6.099999999999998,0
269,1015.4,31.8,28.0,26.4,24.7,79.0,72.0,7.8,20.2,0,-0.99665890175417,-0.08167639533042288,-0.5000000000000001,-0.8660254037844386,3.3000000000000007,5.400000000000002,0
270,1016.8,31.2,28.7,27.0,23.1,77.0,47.0,8.5,25.0,1,-0.9979171608653922,-0.06450844944931625,0.9396926207859083,0.3420201433256688,5.599999999999998,4.199999999999999,0
271,1012.4,27.0,24.8,22.3,21.9,85.0,85.0,2.7,39.7,1,-0.9988797155850335,-0.04732138832243232,0.9396926207859083,0.3420201433256688,2.900000000000002,4.699999999999999,0
272,1015.6,29.6,25.5,23.3,20.9,75.0,47.0,10.5,9.0,1,-0.9995462806873573,-0.03012030484690836,0.984807753012208,0.17364817766693041,4.600000000000001,6.300000000000001,0
273,1013.3,30.3,26.8,24.5,19.3,70.0,50.0,10.0,8.0,1,-0.9999166586547379,-0.012910296075008843,0.3420201433256687,0.9396926207859084,7.5,5.800000000000001,0
274,1018.9,27.2,25.6,24.4,23.2,83.0,84.0,1.2,16.0,1,-0.9999907397361901,0.004303538296243821,0.8660254037844386,0.5000000000000001,2.400000000000002,2.8000000000000007,0
275,1014.5,24.8,22.4,20.4,20.7,95.0,85.0,0.0,38.0,1,-0.9997685019798909,0.021516097436222233,0.8660254037844386,0.5000000000000001,1.6999999999999993,4.400000000000002,1
276,1011.8,23.6,21.1,19.6,19.6,72.0,53.0,9.6,21.6,1,-0.9992500112396835,0.03872228089217399,0.9063077870366499,0.42261826174069944,1.5,4.0,0
277,1017.1,26.9,25.5,24.3,23.1,93.0,77.0,0.3,28.3,1,-0.9984354211555643,0.05591699010060302,0.9396926207859083,0.3420201433256688,2.3999999999999986,2.599999999999998,0
278,1010.9,27.6,24.5,22.4,19.0,74.0,61.0,7.6,14.7,1,-0.9973249731081555,0.07309512989807776,0.3420201433256687,0.9396926207859084,5.5,5.200000000000003,0
279,1014.9,26.2,24.5,24.0,21.4,78.0,82.0,2.3,37.5,1,-0.9959189961471792,0.0902516100310407,0.984807753012208,0.17364817766693041,3.1000000000000014,2.1999999999999993,0
280,1016.8,26.9,24.3,23.8,22.1,81.0,83.0,0.9,21.3,1,-0.994217906893952,0.10738134666416306,0.6427876096865393,0.766044443118978,2.1999999999999993,3.099999999999998,0
281,1014.5,24.2,22.0,21.8,21.8,83.0,84.0,1.9,25.9,1,-0.9922222094179324,0.12447926388678869,0.6427876096865393,0.766044443118978,0.1999999999999993,2.3999999999999986,0
282,1017.0,27.9,25.8,24.3,21.1,83.0,65.0,1.0,11.2,1,-0.989932495087353,0.141540295217043,0.17364817766693033,0.984807753012208,4.699999999999999,3.599999999999998,0
283,1015.4,28.9,25.4,23.4,19.6,75.0,51.0,7.7,22.8,0,-0.9873494423939864,0.15855938510313475,0.6427876096865393,0.766044443118978,5.799999999999997,5.5,0
284,1019.1,26.4,23.1,21.0,19.1,79.0,69.0,4.6,19.4,1,-0.9844738167520923,0.17553149042142777,0.8660254037844386,0.5000000000000001,4.0,5.399999999999999,0
285,1019.9,26.9,24.0,23.2,19.9,83.0,69.0,5.7,9.1,1,-0.9813064702716093,0.19245158197082995,0.9396926207859083,0.3420201433256688,4.100000000000001,3.6999999999999993,0
286,1019.1,25.4,23.1,22.1,16.3,82.0,59.0,1.0,29.6,0,-0.9778483415056568,0.20931464596304888,0.6427876096865393,0.766044443118978,6.800000000000001,3.299999999999997,0
287,1017.1,29.6,25.8,24.5,19.3,79.0,46.0,7.7,20.5,1,-0.9741004551724206,0.22611568550828803,0.9396926207859083,0.3420201433256688,6.5,5.100000000000001,0
288,1013.8,28.2,25.8,23.4,21.4,70.0,53.0,9.3,33.5,0,-0.970063921851507,0.2428497220959358,0.9396926207859083,0.3420201433256688,4.400000000000002,4.800000000000001,0
289,1013.9,29.1,25.2,23.0,22.4,81.0,70.0,2.4,32.4,1,-0.965739937654855,0.25951179706979943,0.8660254037844386,0.5000000000000001,2.8000000000000007,6.100000000000001,0
290,1013.0,29.8,26.8,24.5,21.1,78.0,49.0,9.7,24.4,0,-0.9611297838723007,0.27609697309746883,0.984807753012208,0.17364817766693041,5.699999999999999,5.300000000000001,0
291,1012.3,29.1,26.8,24.0,23.4,83.0,74.0,5.7,20.5,1,-0.9562348265919058,0.2926003356333479,0.766044443118978,0.6427876096865394,3.400000000000002,5.100000000000001,0
292,1018.4,26.9,24.7,22.6,21.4,82.0,86.0,1.2,21.6,1,-0.9510565162951536,0.30901699437494723,0.984807753012208,0.17364817766693041,3.3000000000000007,4.299999999999997,0
293,1019.6,25.9,23.3,21.0,22.3,79.0,85.0,2.9,24.9,1,-0.9455963874271428,0.3253420847119795,0.984807753012208,0.17364817766693041,1.0,4.899999999999999,0
294,1012.4,27.7,25.8,24.4,22.1,82.0,87.0,1.1,40.8,1,-0.9398560579418953,0.341570769167856,0.9396926207859083,0.3420201433256688,3.6999999999999993,3.3000000000000007,0
295,1016.5,26.2,23.9,22.3,19.3,79.0,74.0,7.4,10.7,1,-0.9338372288229252,0.35769823883312546,0.6427876096865393,0.766044443118978,4.599999999999998,3.8999999999999986,0
296,1019.5,24.8,22.6,20.3,17.8,78.0,84.0,0.0,22.1,1,-0.9275416835791965,0.3737197147904692,0.3420201433256687,0.9396926207859084,4.800000000000001,4.5,1
297,1019.1,24.9,23.8,20.6,18.5,87.0,79.0,7.7,25.1,1,-0.9209712877166346,0.38963044953078774,0.8660254037844386,0.5000000000000001,5.300000000000001,4.299999999999997,0
298,1017.8,26.9,24.9,22.7,21.1,91.0,79.0,0.7,12.5,1,-0.9141279881853337,0.4054257283599973,0.9396926207859083,0.3420201433256688,3.799999999999997,4.199999999999999,0
299,1017.4,26.5,24.8,23.8,22.5,87.0,77.0,4.6,44.7,1,-0.9070138128026362,0.42110087079608916,1.0,6.123233995736766e-17,2.3000000000000007,2.6999999999999993,0
300,1017.7,28.2,25.2,23.1,22.9,87.0,81.0,3.4,14.8,1,-0.8996308696522434,0.4366512319560638,0.6427876096865393,0.766044443118978,2.3000000000000007,5.099999999999998,0
301,1014.9,26.1,24.4,23.1,23.2,89.0,88.0,3.5,29.6,1,-0.8919813464595487,0.45207220393230374,0.984807753012208,0.17364817766693041,1.1999999999999993,3.0,0
302,1019.1,29.4,25.8,23.3,18.5,90.0,80.0,2.6,10.2,1,-0.8840675099433637,0.46735921715800205,0.766044443118978,0.6427876096865394,7.300000000000001,6.099999999999998,0
303,1016.4,26.3,23.7,21.0,22.3,81.0,84.0,0.6,8.0,1,-0.8758917051442433,0.48250774176121763,0.984807753012208,0.17364817766693041,1.3999999999999986,5.300000000000001,0
304,1017.2,25.6,23.5,21.0,19.9,88.0,75.0,5.4,28.8,1,-0.8674563547295971,0.4975132889071803,0.6427876096865393,0.766044443118978,3.6000000000000014,4.600000000000001,0
305,1018.8,26.4,24.7,23.3,21.3,85.0,82.0,1.5,19.7,1,-0.8587639582758031,0.5123714121284235,0.9396926207859083,0.3420201433256688,3.3999999999999986,3.099999999999998,0
306,1017.0,27.8,25.6,24.5,23.2,87.0,84.0,1.2,11.7,1,-0.8498170915275277,0.5270777086423724,0.8660254037844386,0.5000000000000001,2.400000000000002,3.3000000000000007,0
307,1016.2,26.5,24.8,24.4,22.4,84.0,87.0,1.2,37.5,1,-0.8406184056344783,0.5416278206559811,0.984807753012208,0.17364817766693041,2.400000000000002,2.1000000000000014,0
308,1014.3,27.8,26.4,25.5,21.4,81.0,88.0,1.2,26.4,1,-0.8311706263658079,0.5560174366570446,0.984807753012208,0.17364817766693041,5.0,2.3000000000000007,0
309,1015.4,26.8,23.3,22.4,18.4,82.0,82.0,1.2,37.9,1,-0.8214765533024145,0.5702422926917867,0.9396926207859083,0.3420201433256688,4.900000000000002,4.400000000000002,0
310,1017.6,22.3,20.0,18.3,18.0,77.0,87.0,0.2,14.0,1,-0.8115390590073611,0.5842981736283683,0.8660254037844386,0.5000000000000001,2.0,4.0,0
311,1014.3,22.3,21.1,19.1,19.9,91.0,79.0,3.6,20.0,1,-0.801361088174677,0.5981809144059159,0.6427876096865393,0.766044443118978,1.2000000000000028,3.1999999999999993,0
312,1020.8,21.1,18.7,15.9,13.9,75.0,46.0,3.3,15.8,0,-0.7909456567567774,0.6118864012687242,0.6427876096865393,0.766044443118978,4.799999999999999,5.200000000000001,0
313,1014.8,21.3,20.4,18.0,18.4,86.0,84.0,0.2,26.5,1,-0.780295851070776,0.6254105729852457,0.984807753012208,0.17364817766693041,2.0,3.3000000000000007,0
314,1017.7,22.4,21.0,19.1,19.4,85.0,77.0,0.6,31.2,1,-0.7694148268839381,0.6387494220515268,0.9396926207859083,0.3420201433256688,1.6000000000000014,3.299999999999997,0
315,1015.7,23.2,20.6,19.6,18.1,91.0,85.0,0.0,20.0,1,-0.7583058084785625,0.6518989958787125,0.6427876096865393,0.766044443118978,2.5,3.599999999999998,1
316,1021.8,25.1,22.6,18.2,17.8,68.0,34.0,9.1,15.3,0,-0.7469720876965551,0.6648553979642866,0.8660254037844386,0.5000000000000001,4.800000000000001,6.900000000000002,0
317,1016.8,25.3,22.5,20.0,19.9,81.0,90.0,2.0,12.5,1,-0.7354170229639858,0.6776147890466887,0.766044443118978,0.6427876096865394,2.6000000000000014,5.300000000000001,0
318,1014.6,23.2,22.2,20.7,17.3,90.0,89.0,0.1,37.5,1,-0.7236440382959123,0.690173388242972,0.766044443118978,0.6427876096865394,4.899999999999999,2.5,0
319,1015.2,22.3,20.4,19.9,19.1,90.0,90.0,0.0,21.6,1,-0.7116566222817751,0.7025274741691566,0.9396926207859083,0.3420201433256688,1.2999999999999972,2.400000000000002,1
320,1021.5,21.1,17.7,15.6,11.2,77.0,89.0,0.3,14.1,1,-0.6994583270516471,0.7146733860429609,0.6427876096865393,0.766044443118978,6.5,5.500000000000002,0
321,1022.8,22.6,18.5,17.2,13.3,75.0,88.0,0.3,28.0,1,-0.6870527672236675,0.726607524768565,0.984807753012208,0.17364817766693041,5.199999999999999,5.400000000000002,0
322,1019.4,20.4,18.5,17.0,14.2,85.0,88.0,1.9,19.8,1,-0.6744436188329457,0.7383263540031063,0.8660254037844386,0.5000000000000001,4.300000000000001,3.3999999999999986,0
323,1018.2,22.9,20.8,19.6,19.6,94.0,84.0,0.0,20.3,1,-0.661634618242279,0.749826401204568,0.6427876096865393,0.766044443118978,1.1999999999999993,3.299999999999997,1
324,1017.0,21.9,20.4,19.3,18.6,95.0,83.0,0.0,24.8,1,-0.6486295610349818,0.7611042586607742,0.766044443118978,0.6427876096865394,1.7999999999999972,2.599999999999998,1
325,1019.1,19.6,17.6,17.1,16.1,92.0,84.0,0.0,33.4,1,-0.6354323008901775,0.7721565844991641,0.9396926207859083,0.3420201433256688,1.5,2.5,1
326,1020.8,21.2,19.9,17.1,15.6,77.0,88.0,0.2,15.5,1,-0.622046748440868,0.7829801036770625,0.766044443118978,0.6427876096865394,4.299999999999999,4.099999999999998,0
327,1016.8,19.9,18.2,17.2,16.8,85.0,93.0,0.0,26.4,1,-0.6084768701151264,0.7935716089521472,0.9396926207859083,0.3420201433256688,1.3999999999999986,2.6999999999999993,1
328,1016.8,25.1,21.6,19.4,18.6,78.0,84.0,0.1,17.2,1,-0.594726686960764,0.8039279618328208,0.6427876096865393,0.766044443118978,3.0,5.700000000000003,0
329,1016.6,24.1,22.4,20.5,17.3,78.0,61.0,7.7,29.8,1,-0.5808002734538013,0.8140460935082175,0.3420201433256687,0.9396926207859084,5.099999999999998,3.6000000000000014,0
330,1022.3,18.4,16.8,15.0,12.1,78.0,78.0,3.3,25.9,1,-0.5667017562911184,0.8239230057575536,0.766044443118978,0.6427876096865394,4.700000000000001,3.3999999999999986,0
331,1020.4,17.4,15.2,14.0,-0.3,45.0,17.0,8.5,15.4,0,-0.5524353131676203,0.8335557718385695,0.766044443118978,0.6427876096865394,15.5,3.3999999999999986,0
332,1022.4,19.2,16.7,13.7,3.5,70.0,47.0,9.1,35.6,0,-0.5380051715382992,0.8429415373547832,0.3420201433256687,0.9396926207859084,13.2,5.5,0
333,1020.3,17.3,13.7,11.3,10.1,84.0,88.0,3.7,12.4,1,-0.5234156073655503,0.8520775211013093,0.3420201433256687,0.9396926207859084,3.5999999999999996,6.0,0
334,1024.4,17.6,16.1,15.2,8.9,64.0,81.0,0.0,48.0,1,-0.5086709438521042,0.8609610158889945,0.8660254037844386,0.5000000000000001,7.200000000000001,2.400000000000002,1
335,1020.6,16.2,15.3,14.9,12.1,79.0,86.0,0.9,22.5,1,-0.49377555015997737,0.8695893893466109,0.3420201433256687,0.9396926207859084,3.200000000000001,1.299999999999999,0
336,1020.3,20.2,16.8,14.5,11.9,72.0,88.0,0.0,27.3,1,-0.4787338401157883,0.8779600847008883,0.6427876096865393,0.766044443118978,4.9,5.699999999999999,1
337,1022.4,16.2,15.2,12.7,9.2,78.0,88.0,0.0,35.8,1,-0.4635502709028512,0.8860706215341378,0.766044443118978,0.6427876096865394,6.0,3.5,1
338,1022.8,17.5,15.5,14.2,10.0,78.0,78.0,3.5,25.0,0,-0.4482293417404106,0.893918596519257,0.3420201433256687,0.9396926207859084,5.5,3.3000000000000007,0
339,1021.3,16.5,15.6,14.0,12.8,85.0,83.0,0.0,24.3,1,-0.4327755925504317,0.9015016841318838,0.6427876096865393,0.766044443118978,2.799999999999999,2.5,1
340,1017.7,17.3,16.6,15.4,13.5,84.0,93.0,0.0,43.8,1,-0.41719360261231697,0.9088176373395028,0.9396926207859083,0.3420201433256688,3.1000000000000014,1.9000000000000004,1
341,1019.8,16.5,15.2,13.8,11.2,76.0,93.0,0.1,39.5,1,-0.4014879892059737,0.9158642882672868,0.3420201433256687,0.9396926207859084,4.0,2.6999999999999993,0
342,1019.4,17.1,15.0,14.8,12.5,75.0,88.0,0.2,20.4,1,-0.38566340624360745,0.9226395488404875,0.766044443118978,0.6427876096865394,2.5,2.3000000000000007,0
343,1021.8,19.7,17.7,15.2,9.8,62.0,89.0,0.6,37.9,1,-0.3697245428906732,0.9291414114031743,0.766044443118978,0.6427876096865394,7.899999999999999,4.5,0
344,1025.4,17.5,16.5,15.3,6.6,64.0,85.0,0.1,27.0,1,-0.35367612217637207,0.935367949313148,0.3420201433256687,0.9396926207859084,9.9,2.1999999999999993,0
345,1016.3,16.3,16.5,15.8,16.6,91.0,83.0,0.3,29.8,0,-0.33752289959411347,0.941317317512847,0.766044443118978,0.6427876096865394,-0.10000000000000142,0.5,0
346,1024.1,19.3,18.3,17.3,18.8,77.0,84.0,8.3,31.8,1,-0.32126966169236515,0.9469877530760751,0.984807753012208,0.17364817766693041,-0.5,2.0,0
347,1018.4,21.4,20.9,20.3,19.9,91.0,84.0,0.0,23.7,1,-0.3049212246562894,0.9523775757303973,0.766044443118978,0.6427876096865394,1.0,1.0999999999999979,1
348,1016.8,21.9,20.0,19.7,18.8,90.0,88.0,0.0,34.8,1,-0.2884824328806098,0.9574851883550389,0.9396926207859083,0.3420201433256688,1.1999999999999993,2.1999999999999993,1
349,1022.2,17.5,16.5,15.9,13.3,77.0,88.0,0.0,24.2,1,-0.27195815753410524,0.9623090774541487,0.766044443118978,0.6427876096865394,3.1999999999999993,1.5999999999999996,1
350,1020.8,20.1,16.8,14.8,8.8,70.0,78.0,6.6,14.7,0,-0.2553532951161881,0.9668478136052773,0.766044443118978,0.6427876096865394,8.0,5.300000000000001,0
351,1017.0,20.9,18.8,17.8,15.0,79.0,83.0,1.6,20.0,0,-0.23867276600594997,0.9711000518829505,0.766044443118978,0.6427876096865394,3.8000000000000007,3.099999999999998,0
352,1020.0,21.1,18.1,17.0,14.3,78.0,88.0,0.0,33.2,1,-0.22192151300416674,0.9750645322571945,0.9396926207859083,0.3420201433256688,3.8000000000000007,4.100000000000001,1
353,1017.6,19.9,18.8,17.6,16.7,86.0,82.0,0.0,18.6,0,-0.20510449986861926,0.9787400799669153,0.9396926207859083,0.3420201433256688,2.1000000000000014,2.299999999999997,1
354,1016.4,22.9,20.5,19.7,17.3,79.0,81.0,2.0,25.9,1,-0.1882267098432439,0.9821256058680006,0.766044443118978,0.6427876096865394,3.1999999999999993,3.1999999999999993,0
355,1021.2,20.9,18.9,17.2,16.6,79.0,88.0,0.1,26.7,1,-0.1712931441814778,0.9852201067560606,0.766044443118978,0.6427876096865394,2.299999999999997,3.6999999999999993,0
356,1017.1,22.3,20.8,19.1,18.9,76.0,78.0,1.5,14.2,1,-0.154308820664281,0.9880226656636976,0.6427876096865393,0.766044443118978,1.9000000000000021,3.1999999999999993,0
357,1021.8,22.9,20.8,19.2,15.5,76.0,49.0,9.3,35.6,0,-0.13727877211326517,0.9905324521322227,0.766044443118978,0.6427876096865394,5.300000000000001,3.6999999999999993,0
358,1022.6,18.5,16.8,15.8,12.1,80.0,88.0,1.3,24.4,1,-0.12020804489935275,0.9927487224577402,0.49999999999999994,0.8660254037844387,4.700000000000001,2.6999999999999993,0
359,1016.9,18.4,16.4,15.3,13.6,79.0,84.0,2.4,38.0,1,-0.10310169744743544,0.9946708199115211,0.6427876096865393,0.766044443118978,2.799999999999999,3.099999999999998,0
360,1015.8,20.9,18.8,17.6,17.7,78.0,88.0,0.0,30.6,1,-0.0859647987374467,0.9962981749346077,0.3420201433256687,0.9396926207859084,1.1000000000000014,3.299999999999997,1
361,1014.6,23.2,20.6,19.1,19.9,97.0,88.0,0.1,22.1,1,-0.06880242680232064,0.9976303053065857,0.6427876096865393,0.766044443118978,0.7000000000000028,4.099999999999998,0
362,1012.4,17.2,17.3,16.3,15.3,91.0,88.0,0.0,35.3,1,-0.05161966722325418,0.9986668162884759,0.766044443118978,0.6427876096865394,2.0,0.8999999999999986,1
363,1013.3,19.0,16.3,14.3,12.6,79.0,79.0,5.0,32.9,1,-0.034421611622745804,0.9994074007397048,0.6427876096865393,0.766044443118978,3.700000000000001,4.699999999999999,0
364,1022.3,16.4,15.2,13.8,14.7,92.0,93.0,0.1,18.0,1,-0.01721335615583528,0.9998518392091162,0.6427876096865393,0.766044443118978,0.5,2.599999999999998,0
365,1013.8,21.2,19.1,18.0,18.0,89.0,88.0,1.0,48.0,1,6.432490598706546e-16,1.0,0.9396926207859083,0.3420201433256688,1.1000000000000014,3.1999999999999993,0
